item_seq,item_name,normalized_item_name,ingredient_name,company_name,covered_by_relation,display_mode,no_relation_notice_required,source,source_method,source_checked_at
201902246,라이트알렌드론정70mg,라이트알렌드론정70mg,알렌드론산,,True,relation_card,False,MFDS nedrug,internal.medistack_v0_3_aliases,2026-06-11
200500488,보나드론정70밀리그램(알렌드론산나트륨수화물),보나드론정70밀리그램(알렌드론산나트륨수화물),알렌드론산,,True,relation_card,False,MFDS nedrug,internal.medistack_v0_3_aliases,2026-06-11
200501339,본에이드정70밀리그램(알렌드론산나트륨수화물),본에이드정70밀리그램(알렌드론산나트륨수화물),알렌드론산,,True,relation_card,False,MFDS nedrug,internal.medistack_v0_3_aliases,2026-06-11
200803184,본필정70밀리그램(알렌드론산나트륨수화물),본필정70밀리그램(알렌드론산나트륨수화물),알렌드론산,,True,relation_card,False,MFDS nedrug,internal.medistack_v0_3_aliases,2026-06-11
201507146,비노스토발포정(알렌드론산나트륨삼수화물),비노스토발포정(알렌드론산나트륨삼수화물),알렌드론산,,True,relation_card,False,MFDS nedrug,internal.medistack_v0_3_aliases,2026-06-11
200501531,비스본정(알렌드론산나트륨수화물),비스본정(알렌드론산나트륨수화물),알렌드론산,,True,relation_card,False,MFDS nedrug,internal.medistack_v0_3_aliases,2026-06-11
200502717,아렌맥스정(알렌드론산나트륨삼수화물),아렌맥스정(알렌드론산나트륨삼수화물),알렌드론산,,True,relation_card,False,MFDS nedrug,internal.medistack_v0_3_aliases,2026-06-11
200805740,알드렌정70밀리그램(알렌드론산나트륨삼수화물),알드렌정70밀리그램(알렌드론산나트륨삼수화물),알렌드론산,,True,relation_card,False,MFDS nedrug,internal.medistack_v0_3_aliases,2026-06-11
201603153,알레네정70밀리그램(알렌드론산나트륨삼수화물),알레네정70밀리그램(알렌드론산나트륨삼수화물),알렌드론산,,True,relation_card,False,MFDS nedrug,internal.medistack_v0_3_aliases,2026-06-11
200500211,알렌드로정70밀리그램(알렌드론산나트륨수화물),알렌드로정70밀리그램(알렌드론산나트륨수화물),알렌드론산,,True,relation_card,False,MFDS nedrug,internal.medistack_v0_3_aliases,2026-06-11
200402671,알렌맥스정70밀리그램(알렌드론산나트륨),알렌맥스정70밀리그램(알렌드론산나트륨),알렌드론산,,True,relation_card,False,MFDS nedrug,internal.medistack_v0_3_aliases,2026-06-11
201801386,알레드론정70mg(알렌드론산나트륨삼수화물),알레드론정70mg(알렌드론산나트륨삼수화물),알렌드론산,,True,relation_card,False,MFDS nedrug,internal.medistack_v0_3_aliases,2026-06-11
201904313,알렌다정(알렌드론산나트륨삼수화물),알렌다정(알렌드론산나트륨삼수화물),알렌드론산,,True,relation_card,False,MFDS nedrug,internal.medistack_v0_3_aliases,2026-06-11
201906584,알렌산정70밀리그램(알렌드론산나트륨삼수화물),알렌산정70밀리그램(알렌드론산나트륨삼수화물),알렌드론산,,True,relation_card,False,MFDS nedrug,internal.medistack_v0_3_aliases,2026-06-11
201901596,알렌스타정(알렌드론산나트륨삼수화물),알렌스타정(알렌드론산나트륨삼수화물),알렌드론산,,True,relation_card,False,MFDS nedrug,internal.medistack_v0_3_aliases,2026-06-11
200512324,알로네이트정(알렌드론산나트륨수화물),알로네이트정(알렌드론산나트륨수화물),알렌드론산,,True,relation_card,False,MFDS nedrug,internal.medistack_v0_3_aliases,2026-06-11
200501583,애드본정70밀리그램(알렌드론산나트륨삼수화물),애드본정70밀리그램(알렌드론산나트륨삼수화물),알렌드론산,,True,relation_card,False,MFDS nedrug,internal.medistack_v0_3_aliases,2026-06-11
200502771,타이본위클리정(알렌드론산나트륨삼수화물),타이본위클리정(알렌드론산나트륨삼수화물),알렌드론산,,True,relation_card,False,MFDS nedrug,internal.medistack_v0_3_aliases,2026-06-11
200604294,파렌드정70밀리그램(알렌드론산나트륨삼수화물),파렌드정70밀리그램(알렌드론산나트륨삼수화물),알렌드론산,,True,relation_card,False,MFDS nedrug,internal.medistack_v0_3_aliases,2026-06-11
200502154,포사렌드정(알렌드론산나트륨수화물),포사렌드정(알렌드론산나트륨수화물),알렌드론산,,True,relation_card,False,MFDS nedrug,internal.medistack_v0_3_aliases,2026-06-11
200605491,포사로닌정70밀리그람(알렌드론산나트륨수화물),포사로닌정70밀리그람(알렌드론산나트륨수화물),알렌드론산,,True,relation_card,False,MFDS nedrug,internal.medistack_v0_3_aliases,2026-06-11
200500070,포사롱정70밀리그램(알렌드론산나트륨수화물),포사롱정70밀리그램(알렌드론산나트륨수화물),알렌드론산,,True,relation_card,False,MFDS nedrug,internal.medistack_v0_3_aliases,2026-06-11
200500125,포사퀸정70밀리그람(알렌드론산나트륨),포사퀸정70밀리그람(알렌드론산나트륨),알렌드론산,,True,relation_card,False,MFDS nedrug,internal.medistack_v0_3_aliases,2026-06-12
201403317,대웅알렌드로네이트디정,대웅알렌드로네이트디정,알렌드론산,,True,relation_card,False,MFDS nedrug,internal.medistack_v0_3_aliases,2026-06-12
201307574,마빌더블유플러스정,마빌더블유플러스정,알렌드론산,,True,relation_card,False,MFDS nedrug,internal.medistack_v0_3_aliases,2026-06-12
200000363,맥스마빌장용정,맥스마빌장용정,알렌드론산,,True,relation_card,False,MFDS nedrug,internal.medistack_v0_3_aliases,2026-06-12
201203101,보나맥스플러스디정,보나맥스플러스디정,알렌드론산,,True,relation_card,False,MFDS nedrug,internal.medistack_v0_3_aliases,2026-06-12
201405290,보노맥스플러스디정,보노맥스플러스디정,알렌드론산,,True,relation_card,False,MFDS nedrug,internal.medistack_v0_3_aliases,2026-06-12
201406151,본필플러스디정,본필플러스디정,알렌드론산,,True,relation_card,False,MFDS nedrug,internal.medistack_v0_3_aliases,2026-06-12
201603802,알드맥플러스디정,알드맥플러스디정,알렌드론산,,True,relation_card,False,MFDS nedrug,internal.medistack_v0_3_aliases,2026-06-12
201502292,알레론플러스디정,알레론플러스디정,알렌드론산,,True,relation_card,False,MFDS nedrug,internal.medistack_v0_3_aliases,2026-06-12
201203485,알렌드로스플러스디정,알렌드로스플러스디정,알렌드론산,,True,relation_card,False,MFDS nedrug,internal.medistack_v0_3_aliases,2026-06-12
201309508,알렌드로플러스디정,알렌드로플러스디정,알렌드론산,,True,relation_card,False,MFDS nedrug,internal.medistack_v0_3_aliases,2026-06-12
201507818,알렌드론플러스디정,알렌드론플러스디정,알렌드론산,,True,relation_card,False,MFDS nedrug,internal.medistack_v0_3_aliases,2026-06-12
201506027,알렌드본플러스디정,알렌드본플러스디정,알렌드론산,,True,relation_card,False,MFDS nedrug,internal.medistack_v0_3_aliases,2026-06-12
201505935,알렌드플러스디정,알렌드플러스디정,알렌드론산,,True,relation_card,False,MFDS nedrug,internal.medistack_v0_3_aliases,2026-06-12
201110502,알렌맥스플러스디정,알렌맥스플러스디정,알렌드론산,,True,relation_card,False,MFDS nedrug,internal.medistack_v0_3_aliases,2026-06-12
201308588,알렌탑플러스디정,알렌탑플러스디정,알렌드론산,,True,relation_card,False,MFDS nedrug,internal.medistack_v0_3_aliases,2026-06-12
201406187,"알렌트플러스디정(알렌드론산나트륨삼수화물,콜레칼시페롤농축분말)","알렌트플러스디정(알렌드론산나트륨삼수화물,콜레칼시페롤농축분말)",알렌드론산,,True,relation_card,False,MFDS nedrug,internal.medistack_v0_3_aliases,2026-06-12
201203534,알렌포스플러스디정,알렌포스플러스디정,알렌드론산,,True,relation_card,False,MFDS nedrug,internal.medistack_v0_3_aliases,2026-06-12
201405282,알로네이트플러스정,알로네이트플러스정,알렌드론산,,True,relation_card,False,MFDS nedrug,internal.medistack_v0_3_aliases,2026-06-12
201508499,알로본플러스디정,알로본플러스디정,알렌드론산,,True,relation_card,False,MFDS nedrug,internal.medistack_v0_3_aliases,2026-06-12
201202770,애드본플러스디정,애드본플러스디정,알렌드론산,,True,relation_card,False,MFDS nedrug,internal.medistack_v0_3_aliases,2026-06-12
201207585,오스플러스디정,오스플러스디정,알렌드론산,,True,relation_card,False,MFDS nedrug,internal.medistack_v0_3_aliases,2026-06-12
201404026,지노드론플러스디정,지노드론플러스디정,알렌드론산,,True,relation_card,False,MFDS nedrug,internal.medistack_v0_3_aliases,2026-06-12
201203484,포렌드플러스디정,포렌드플러스디정,알렌드론산,,True,relation_card,False,MFDS nedrug,internal.medistack_v0_3_aliases,2026-06-12
201401931,포사롱플러스디정,포사롱플러스디정,알렌드론산,,True,relation_card,False,MFDS nedrug,internal.medistack_v0_3_aliases,2026-06-12
200711426,포사맥스플러스디정,포사맥스플러스디정,알렌드론산,,True,relation_card,False,MFDS nedrug,internal.medistack_v0_3_aliases,2026-06-12
200511266,포사맥스플러스정,포사맥스플러스정,알렌드론산,,True,relation_card,False,MFDS nedrug,internal.medistack_v0_3_aliases,2026-06-12
201207689,포사제닉플러스디정,포사제닉플러스디정,알렌드론산,,True,relation_card,False,MFDS nedrug,internal.medistack_v0_3_aliases,2026-06-12
201403971,플러스디알레드론정,플러스디알레드론정,알렌드론산,,True,relation_card,False,MFDS nedrug,internal.medistack_v0_3_aliases,2026-06-12
200600084,세토람정5밀리그람,세토람정5밀리그람,토라세미드,,True,relation_card,False,MFDS nedrug,internal.medistack_v0_3_aliases,2026-06-11
200500439,세토람정10밀리그람(토라세미드),세토람정10밀리그람(토라세미드),토라세미드,,True,relation_card,False,MFDS nedrug,internal.medistack_v0_3_aliases,2026-06-11
200604198,세토람정2.5밀리그램(토라세미드),세토람정2.5밀리그램(토라세미드),토라세미드,,True,relation_card,False,MFDS nedrug,internal.medistack_v0_3_aliases,2026-06-11
200611521,토렘정10밀리그람(토라세미드),토렘정10밀리그람(토라세미드),토라세미드,,True,relation_card,False,MFDS nedrug,internal.medistack_v0_3_aliases,2026-06-11
200611523,토렘정2.5밀리그람(토라세미드),토렘정2.5밀리그람(토라세미드),토라세미드,,True,relation_card,False,MFDS nedrug,internal.medistack_v0_3_aliases,2026-06-11
201309618,모록사신정400밀리그램,모록사신정400밀리그램,목시플록사신,,True,relation_card,False,MFDS nedrug,internal.medistack_v0_3_aliases,2026-06-11
201310000,모벨록신정400밀리그램(목시플록사신염산염),모벨록신정400밀리그램(목시플록사신염산염),목시플록사신,,True,relation_card,False,MFDS nedrug,internal.medistack_v0_3_aliases,2026-06-11
199906848,아벨록스정400밀리그람(목시플록사신염산염),아벨록스정400밀리그람(목시플록사신염산염),목시플록사신,,True,relation_card,False,MFDS nedrug,internal.medistack_v0_3_aliases,2026-06-11
201406133,조이록신정400밀리그램(목시플록사신염산염),조이록신정400밀리그램(목시플록사신염산염),목시플록사신,,True,relation_card,False,MFDS nedrug,internal.medistack_v0_3_aliases,2026-06-11
201201789,퀴녹스정400밀리그램(목시플록사신염산염),퀴녹스정400밀리그램(목시플록사신염산염),목시플록사신,,True,relation_card,False,MFDS nedrug,internal.medistack_v0_3_aliases,2026-06-11
202500078,미노젠캡슐50밀리그램,미노젠캡슐50밀리그램,미노사이클린,,True,relation_card,False,MFDS nedrug,internal.medistack_v0_3_aliases,2026-06-11
202203142,미노클캡슐50밀리그램(미노사이클린염산염),미노클캡슐50밀리그램(미노사이클린염산염),미노사이클린,,True,relation_card,False,MFDS nedrug,internal.medistack_v0_3_aliases,2026-06-11
200002882,덴티스타캡슐(독시사이클린하이클레이트수화물),덴티스타캡슐(독시사이클린하이클레이트수화물),독시사이클린,,True,relation_card,False,MFDS nedrug,internal.medistack_v0_3_aliases,2026-06-11
201403031,독시정(독시사이클린수화물),독시정(독시사이클린수화물),독시사이클린,,True,relation_card,False,MFDS nedrug,internal.medistack_v0_3_aliases,2026-06-11
198300718,모노신정(독시사이클린하이클레이트수화물),모노신정(독시사이클린하이클레이트수화물),독시사이클린,,True,relation_card,False,MFDS nedrug,internal.medistack_v0_3_aliases,2026-06-11
201406196,독시라마이신캡슐100mg(독시사이클린수화물),독시라마이신캡슐100mg(독시사이클린수화물),독시사이클린,,True,relation_card,False,MFDS nedrug,internal.medistack_v0_3_aliases,2026-06-11
201908023,독시메디정(독시사이클린수화물),독시메디정(독시사이클린수화물),독시사이클린,,True,relation_card,False,MFDS nedrug,internal.medistack_v0_3_aliases,2026-06-11
201507460,독시엔디정(독시사이클린수화물),독시엔디정(독시사이클린수화물),독시사이클린,,True,relation_card,False,MFDS nedrug,internal.medistack_v0_3_aliases,2026-06-11
202202687,독시크정50밀리그램(독시사이클린수화물),독시크정50밀리그램(독시사이클린수화물),독시사이클린,,True,relation_card,False,MFDS nedrug,internal.medistack_v0_3_aliases,2026-06-11
201506123,바이독시정(독시사이클린수화물),바이독시정(독시사이클린수화물),독시사이클린,,True,relation_card,False,MFDS nedrug,internal.medistack_v0_3_aliases,2026-06-11
199502147,영풍독시사이클린정100밀리그램,영풍독시사이클린정100밀리그램,독시사이클린,,True,relation_card,False,MFDS nedrug,internal.medistack_v0_3_aliases,2026-06-11
199602155,신일모노독시엠캡슐(독시사이클린수화물),신일모노독시엠캡슐(독시사이클린수화물),독시사이클린,,True,relation_card,False,MFDS nedrug,internal.medistack_v0_3_aliases,2026-06-12
200401821,씬지로이드정0.05밀리그램(레보티록신나트륨수화물),씬지로이드정0.05밀리그램(레보티록신나트륨수화물),레보티록신,,True,relation_card,False,MFDS nedrug,internal.medistack_v0_3_aliases,2026-06-11
200501664,씬지로이드정0.15밀리그램(레보티록신나트륨수화물),씬지로이드정0.15밀리그램(레보티록신나트륨수화물),레보티록신,,True,relation_card,False,MFDS nedrug,internal.medistack_v0_3_aliases,2026-06-11
197400278,씬지로이드정0.1밀리그램(레보티록신나트륨수화물),씬지로이드정0.1밀리그램(레보티록신나트륨수화물),레보티록신,,True,relation_card,False,MFDS nedrug,internal.medistack_v0_3_aliases,2026-06-11
200301116,씬지록신정100마이크로그램(레보티록신나트륨수화물),씬지록신정100마이크로그램(레보티록신나트륨수화물),레보티록신,,True,relation_card,False,MFDS nedrug,internal.medistack_v0_3_aliases,2026-06-11
201604650,씬지록신정150마이크로그램(레보티록신나트륨수화물),씬지록신정150마이크로그램(레보티록신나트륨수화물),레보티록신,,True,relation_card,False,MFDS nedrug,internal.medistack_v0_3_aliases,2026-06-11
201902912,씬지로이드정0.0375밀리그램(레보티록신나트륨수화물),씬지로이드정0.0375밀리그램(레보티록신나트륨수화물),레보티록신,,True,relation_card,False,MFDS nedrug,internal.medistack_v0_3_aliases,2026-06-11
201605340,씬지로이드정0.075밀리그램(레보티록신나트륨수화물),씬지로이드정0.075밀리그램(레보티록신나트륨수화물),레보티록신,,True,relation_card,False,MFDS nedrug,internal.medistack_v0_3_aliases,2026-06-11
201900107,씬지로이드정0.112밀리그램(레보티록신나트륨수화물),씬지로이드정0.112밀리그램(레보티록신나트륨수화물),레보티록신,,True,relation_card,False,MFDS nedrug,internal.medistack_v0_3_aliases,2026-06-11
201804237,씬지로이드정0.2밀리그램(레보티록신나트륨수화물),씬지로이드정0.2밀리그램(레보티록신나트륨수화물),레보티록신,,True,relation_card,False,MFDS nedrug,internal.medistack_v0_3_aliases,2026-06-11
202500938,씬지록신정112마이크로그램(레보티록신나트륨수화물),씬지록신정112마이크로그램(레보티록신나트륨수화물),레보티록신,,True,relation_card,False,MFDS nedrug,internal.medistack_v0_3_aliases,2026-06-11
201706645,씬지록신정125마이크로그램(레보티록신나트륨수화물),씬지록신정125마이크로그램(레보티록신나트륨수화물),레보티록신,,True,relation_card,False,MFDS nedrug,internal.medistack_v0_3_aliases,2026-06-11
202500949,씬지록신정137마이크로그램(레보티록신나트륨수화물),씬지록신정137마이크로그램(레보티록신나트륨수화물),레보티록신,,True,relation_card,False,MFDS nedrug,internal.medistack_v0_3_aliases,2026-06-11
201706671,씬지록신정25마이크로그램(레보티록신나트륨수화물),씬지록신정25마이크로그램(레보티록신나트륨수화물),레보티록신,,True,relation_card,False,MFDS nedrug,internal.medistack_v0_3_aliases,2026-06-11
200301117,씬지록신정50마이크로그램(레보티록신나트륨수화물),씬지록신정50마이크로그램(레보티록신나트륨수화물),레보티록신,,True,relation_card,False,MFDS nedrug,internal.medistack_v0_3_aliases,2026-06-11
201706147,씬지록신정75마이크로그램(레보티록신나트륨수화물),씬지록신정75마이크로그램(레보티록신나트륨수화물),레보티록신,,True,relation_card,False,MFDS nedrug,internal.medistack_v0_3_aliases,2026-06-11
201706861,씬지록신정88마이크로그램(레보티록신나트륨수화물),씬지록신정88마이크로그램(레보티록신나트륨수화물),레보티록신,,True,relation_card,False,MFDS nedrug,internal.medistack_v0_3_aliases,2026-06-11
201207060,글로비트정(레보플록사신수화물),글로비트정(레보플록사신수화물),레보플록사신,,True,relation_card,False,MFDS nedrug,internal.medistack_v0_3_aliases,2026-06-11
199901759,네보락신정(레보플록사신수화물),네보락신정(레보플록사신수화물),레보플록사신,,True,relation_card,False,MFDS nedrug,internal.medistack_v0_3_aliases,2026-06-11
200001521,노팍신정(레보플록사신수화물),노팍신정(레보플록사신수화물),레보플록사신,,True,relation_card,False,MFDS nedrug,internal.medistack_v0_3_aliases,2026-06-11
201309425,대웅레보플록사신정100밀리그램(레보플록사신수화물),대웅레보플록사신정100밀리그램(레보플록사신수화물),레보플록사신,,True,relation_card,False,MFDS nedrug,internal.medistack_v0_3_aliases,2026-06-11
200201176,동구레보플록사신수화물정100mg,동구레보플록사신수화물정100mg,레보플록사신,,True,relation_card,False,MFDS nedrug,internal.medistack_v0_3_aliases,2026-06-11
200800332,동구레보플록사신수화물정250mg,동구레보플록사신수화물정250mg,레보플록사신,,True,relation_card,False,MFDS nedrug,internal.medistack_v0_3_aliases,2026-06-11
200800333,동구레보플록사신수화물정500mg,동구레보플록사신수화물정500mg,레보플록사신,,True,relation_card,False,MFDS nedrug,internal.medistack_v0_3_aliases,2026-06-11
200200715,동성레보플록사신정(레보플록사신수화물),동성레보플록사신정(레보플록사신수화물),레보플록사신,,True,relation_card,False,MFDS nedrug,internal.medistack_v0_3_aliases,2026-06-11
200101393,라이록사신정(레보플록사신수화물),라이록사신정(레보플록사신수화물),레보플록사신,,True,relation_card,False,MFDS nedrug,internal.medistack_v0_3_aliases,2026-06-11
201210744,레나신정(레보플록사신수화물),레나신정(레보플록사신수화물),레보플록사신,,True,relation_card,False,MFDS nedrug,internal.medistack_v0_3_aliases,2026-06-11
201309123,레노보정(레보플록사신수화물),레노보정(레보플록사신수화물),레보플록사신,,True,relation_card,False,MFDS nedrug,internal.medistack_v0_3_aliases,2026-06-11
199801298,레록신정(레보플록사신수화물),레록신정(레보플록사신수화물),레보플록사신,,True,relation_card,False,MFDS nedrug,internal.medistack_v0_3_aliases,2026-06-11
201903825,레보건정100밀리그램(레보플록사신수화물),레보건정100밀리그램(레보플록사신수화물),레보플록사신,,True,relation_card,False,MFDS nedrug,internal.medistack_v0_3_aliases,2026-06-11
201801057,레보건정500밀리그램(레보플록사신수화물),레보건정500밀리그램(레보플록사신수화물),레보플록사신,,True,relation_card,False,MFDS nedrug,internal.medistack_v0_3_aliases,2026-06-11
201207402,레보라신정(레보플록사신수화물),레보라신정(레보플록사신수화물),레보플록사신,,True,relation_card,False,MFDS nedrug,internal.medistack_v0_3_aliases,2026-06-11
200200467,레보미신정(레보플록사신수화물),레보미신정(레보플록사신수화물),레보플록사신,,True,relation_card,False,MFDS nedrug,internal.medistack_v0_3_aliases,2026-06-11
201302165,레보바이정(레보플록사신수화물),레보바이정(레보플록사신수화물),레보플록사신,,True,relation_card,False,MFDS nedrug,internal.medistack_v0_3_aliases,2026-06-11
201902151,레보바이정250밀리그램(레보플록사신수화물),레보바이정250밀리그램(레보플록사신수화물),레보플록사신,,True,relation_card,False,MFDS nedrug,internal.medistack_v0_3_aliases,2026-06-11
201902152,레보바이정500밀리그램(레보플록사신수화물),레보바이정500밀리그램(레보플록사신수화물),레보플록사신,,True,relation_card,False,MFDS nedrug,internal.medistack_v0_3_aliases,2026-06-11
201906844,레보건정250밀리그램(레보플록사신수화물),레보건정250밀리그램(레보플록사신수화물),레보플록사신,,True,relation_card,False,MFDS nedrug,internal.medistack_v0_3_aliases,2026-06-11
201903868,레보나정100밀리그램(레보플록사신수화물),레보나정100밀리그램(레보플록사신수화물),레보플록사신,,True,relation_card,False,MFDS nedrug,internal.medistack_v0_3_aliases,2026-06-11
201903867,레보나정500밀리그램(레보플록사신수화물),레보나정500밀리그램(레보플록사신수화물),레보플록사신,,True,relation_card,False,MFDS nedrug,internal.medistack_v0_3_aliases,2026-06-11
200103330,레보박터정(레보플록사신수화물),레보박터정(레보플록사신수화물),레보플록사신,,True,relation_card,False,MFDS nedrug,internal.medistack_v0_3_aliases,2026-06-11
201906940,레보사신정250밀리그램(레보플록사신수화물),레보사신정250밀리그램(레보플록사신수화물),레보플록사신,,True,relation_card,False,MFDS nedrug,internal.medistack_v0_3_aliases,2026-06-11
199801068,레보스타정(레보플록사신),레보스타정(레보플록사신),레보플록사신,,True,relation_card,False,MFDS nedrug,internal.medistack_v0_3_aliases,2026-06-11
201902167,레보에이블정500밀리그램(레보플록사신수화물),레보에이블정500밀리그램(레보플록사신수화물),레보플록사신,,True,relation_card,False,MFDS nedrug,internal.medistack_v0_3_aliases,2026-06-11
201701554,레보에프정500밀리그램(레보플록사신수화물),레보에프정500밀리그램(레보플록사신수화물),레보플록사신,,True,relation_card,False,MFDS nedrug,internal.medistack_v0_3_aliases,2026-06-11
199800454,레보카신정(레보플록사신수화물),레보카신정(레보플록사신수화물),레보플록사신,,True,relation_card,False,MFDS nedrug,internal.medistack_v0_3_aliases,2026-06-11
201406037,레보카신정750밀리그램(레보플록사신수화물),레보카신정750밀리그램(레보플록사신수화물),레보플록사신,,True,relation_card,False,MFDS nedrug,internal.medistack_v0_3_aliases,2026-06-11
201801895,레보타신정100밀리그램(레보플록사신수화물),레보타신정100밀리그램(레보플록사신수화물),레보플록사신,,True,relation_card,False,MFDS nedrug,internal.medistack_v0_3_aliases,2026-06-11
199801012,레보탐정(레보플록사신),레보탐정(레보플록사신),레보플록사신,,True,relation_card,False,MFDS nedrug,internal.medistack_v0_3_aliases,2026-06-11
201901897,레보투정100밀리그램(레보플록사신수화물),레보투정100밀리그램(레보플록사신수화물),레보플록사신,,True,relation_card,False,MFDS nedrug,internal.medistack_v0_3_aliases,2026-06-11
201901896,레보투정500밀리그램(레보플록사신수화물),레보투정500밀리그램(레보플록사신수화물),레보플록사신,,True,relation_card,False,MFDS nedrug,internal.medistack_v0_3_aliases,2026-06-11
201401334,레보트라정(레보플록사신수화물),레보트라정(레보플록사신수화물),레보플록사신,,True,relation_card,False,MFDS nedrug,internal.medistack_v0_3_aliases,2026-06-11
199400369,레보펙신정(레보플록사신수화물),레보펙신정(레보플록사신수화물),레보플록사신,,True,relation_card,False,MFDS nedrug,internal.medistack_v0_3_aliases,2026-06-11
199903254,레보푸라신정(레보플록사신수화물),레보푸라신정(레보플록사신수화물),레보플록사신,,True,relation_card,False,MFDS nedrug,internal.medistack_v0_3_aliases,2026-06-11
201701601,레보푸라신정250밀리그램(레보플록사신수화물),레보푸라신정250밀리그램(레보플록사신수화물),레보플록사신,,True,relation_card,False,MFDS nedrug,internal.medistack_v0_3_aliases,2026-06-11
202003099,레보프사정100밀리그램(레보플록사신수화물),레보프사정100밀리그램(레보플록사신수화물),레보플록사신,,True,relation_card,False,MFDS nedrug,internal.medistack_v0_3_aliases,2026-06-11
201906311,레보플라정100밀리그램(레보플록사신수화물),레보플라정100밀리그램(레보플록사신수화물),레보플록사신,,True,relation_card,False,MFDS nedrug,internal.medistack_v0_3_aliases,2026-06-11
201906213,레보플라정500밀리그램(레보플록사신수화물),레보플라정500밀리그램(레보플록사신수화물),레보플록사신,,True,relation_card,False,MFDS nedrug,internal.medistack_v0_3_aliases,2026-06-11
201406125,레보플러스정750밀리그램(레보플록사신수화물),레보플러스정750밀리그램(레보플록사신수화물),레보플록사신,,True,relation_card,False,MFDS nedrug,internal.medistack_v0_3_aliases,2026-06-11
201403940,레보플로정(레보플록사신수화물),레보플로정(레보플록사신수화물),레보플록사신,,True,relation_card,False,MFDS nedrug,internal.medistack_v0_3_aliases,2026-06-11
200202193,레복사신정100밀리그램(레보플록사신수화물),레복사신정100밀리그램(레보플록사신수화물),레보플록사신,,True,relation_card,False,MFDS nedrug,internal.medistack_v0_3_aliases,2026-06-12
200905938,레복사신정250밀리그램(레보플록사신수화물),레복사신정250밀리그램(레보플록사신수화물),레보플록사신,,True,relation_card,False,MFDS nedrug,internal.medistack_v0_3_aliases,2026-06-12
200805811,레복사신정500밀리그램(레보플록사신수화물),레복사신정500밀리그램(레보플록사신수화물),레보플록사신,,True,relation_card,False,MFDS nedrug,internal.medistack_v0_3_aliases,2026-06-12
199801473,레브록신정(레보플록사신수화물),레브록신정(레보플록사신수화물),레보플록사신,,True,relation_card,False,MFDS nedrug,internal.medistack_v0_3_aliases,2026-06-12
199803884,레비신정100mg(레보플록사신),레비신정100mg(레보플록사신),레보플록사신,,True,relation_card,False,MFDS nedrug,internal.medistack_v0_3_aliases,2026-06-12
201708021,레비신정500mg(레보플록사신수화물),레비신정500mg(레보플록사신수화물),레보플록사신,,True,relation_card,False,MFDS nedrug,internal.medistack_v0_3_aliases,2026-06-12
201502450,레사크라정100밀리그램(레보플록사신수화물),레사크라정100밀리그램(레보플록사신수화물),레보플록사신,,True,relation_card,False,MFDS nedrug,internal.medistack_v0_3_aliases,2026-06-12
201404678,레크로신정(레보플록사신수화물),레크로신정(레보플록사신수화물),레보플록사신,,True,relation_card,False,MFDS nedrug,internal.medistack_v0_3_aliases,2026-06-12
199900121,레펙신정(레보플록사신수화물),레펙신정(레보플록사신수화물),레보플록사신,,True,relation_card,False,MFDS nedrug,internal.medistack_v0_3_aliases,2026-06-12
200806028,레포신정100밀리그램(레보플록사신),레포신정100밀리그램(레보플록사신),레보플록사신,,True,relation_card,False,MFDS nedrug,internal.medistack_v0_3_aliases,2026-06-12
199806978,레폭신정(레보플록사신수화물),레폭신정(레보플록사신수화물),레보플록사신,,True,relation_card,False,MFDS nedrug,internal.medistack_v0_3_aliases,2026-06-12
201506122,레프렉스정100mg(레보플록사신수화물),레프렉스정100mg(레보플록사신수화물),레보플록사신,,True,relation_card,False,MFDS nedrug,internal.medistack_v0_3_aliases,2026-06-12
200202476,레프로신정(레보플록사신수화물),레프로신정(레보플록사신수화물),레보플록사신,,True,relation_card,False,MFDS nedrug,internal.medistack_v0_3_aliases,2026-06-12
201901699,레플로신정100밀리그램(레보플록사신수화물),레플로신정100밀리그램(레보플록사신수화물),레보플록사신,,True,relation_card,False,MFDS nedrug,internal.medistack_v0_3_aliases,2026-06-12
201508138,레플록신정500mg(레보플록사신),레플록신정500mg(레보플록사신),레보플록사신,,True,relation_card,False,MFDS nedrug,internal.medistack_v0_3_aliases,2026-06-12
200804225,렉타신정250밀리그램(레보플록사신수화물),렉타신정250밀리그램(레보플록사신수화물),레보플록사신,,True,relation_card,False,MFDS nedrug,internal.medistack_v0_3_aliases,2026-06-12
201404979,리플록신정100밀리그램(레보플록사신수화물),리플록신정100밀리그램(레보플록사신수화물),레보플록사신,,True,relation_card,False,MFDS nedrug,internal.medistack_v0_3_aliases,2026-06-12
202001396,리플록신정250밀리그램(레보플록사신수화물),리플록신정250밀리그램(레보플록사신수화물),레보플록사신,,True,relation_card,False,MFDS nedrug,internal.medistack_v0_3_aliases,2026-06-12
202002669,리플록신정500밀리그램(레보플록사신수화물),리플록신정500밀리그램(레보플록사신수화물),레보플록사신,,True,relation_card,False,MFDS nedrug,internal.medistack_v0_3_aliases,2026-06-12
201603130,셀트리온레보플록사신정100밀리그램(레보플록사신수화물),셀트리온레보플록사신정100밀리그램(레보플록사신수화물),레보플록사신,,True,relation_card,False,MFDS nedrug,internal.medistack_v0_3_aliases,2026-06-12
201403186,알피레보플록사신정100밀리그램(레보플록사신수화물),알피레보플록사신정100밀리그램(레보플록사신수화물),레보플록사신,,True,relation_card,False,MFDS nedrug,internal.medistack_v0_3_aliases,2026-06-12
201702349,알피레보플록사신정250mg(레보플록사신수화물),알피레보플록사신정250mg(레보플록사신수화물),레보플록사신,,True,relation_card,False,MFDS nedrug,internal.medistack_v0_3_aliases,2026-06-12
199801522,원플록신정(레보플록사신수화물),원플록신정(레보플록사신수화물),레보플록사신,,True,relation_card,False,MFDS nedrug,internal.medistack_v0_3_aliases,2026-06-12
200301937,위더스레보플록사신정100밀리그램(레보플록사신수화물),위더스레보플록사신정100밀리그램(레보플록사신수화물),레보플록사신,,True,relation_card,False,MFDS nedrug,internal.medistack_v0_3_aliases,2026-06-12
201105697,위더스레보플록사신정500밀리그램(레보플록사신수화물),위더스레보플록사신정500밀리그램(레보플록사신수화물),레보플록사신,,True,relation_card,False,MFDS nedrug,internal.medistack_v0_3_aliases,2026-06-12
200403041,유니레보정(레보플록사신수화물),유니레보정(레보플록사신수화물),레보플록사신,,True,relation_card,False,MFDS nedrug,internal.medistack_v0_3_aliases,2026-06-12
201607032,유로레보정250mg(레보플록사신수화물),유로레보정250mg(레보플록사신수화물),레보플록사신,,True,relation_card,False,MFDS nedrug,internal.medistack_v0_3_aliases,2026-06-12
201902439,유로펜타정500mg(레보플록사신수화물),유로펜타정500mg(레보플록사신수화물),레보플록사신,,True,relation_card,False,MFDS nedrug,internal.medistack_v0_3_aliases,2026-06-12
199400461,제일크라비트정(레보플록사신),제일크라비트정(레보플록사신),레보플록사신,,True,relation_card,False,MFDS nedrug,internal.medistack_v0_3_aliases,2026-06-12
199801901,카바스타정(레보플록사신수화물),카바스타정(레보플록사신수화물),레보플록사신,,True,relation_card,False,MFDS nedrug,internal.medistack_v0_3_aliases,2026-06-12
201307960,크라박터정(레보플록사신수화물),크라박터정(레보플록사신수화물),레보플록사신,,True,relation_card,False,MFDS nedrug,internal.medistack_v0_3_aliases,2026-06-12
201902168,크라보신정100밀리그램(레보플록사신수화물),크라보신정100밀리그램(레보플록사신수화물),레보플록사신,,True,relation_card,False,MFDS nedrug,internal.medistack_v0_3_aliases,2026-06-12
201607197,크라보신정250밀리그램(레보플록사신수화물),크라보신정250밀리그램(레보플록사신수화물),레보플록사신,,True,relation_card,False,MFDS nedrug,internal.medistack_v0_3_aliases,2026-06-12
200704488,크라비트정250밀리그람(레보플록사신),크라비트정250밀리그람(레보플록사신),레보플록사신,,True,relation_card,False,MFDS nedrug,internal.medistack_v0_3_aliases,2026-06-12
200600109,크라비트정500밀리그람(레보플록사신),크라비트정500밀리그람(레보플록사신),레보플록사신,,True,relation_card,False,MFDS nedrug,internal.medistack_v0_3_aliases,2026-06-12
201310716,크라프록신정100mg(레보플록사신수화물),크라프록신정100mg(레보플록사신수화물),레보플록사신,,True,relation_card,False,MFDS nedrug,internal.medistack_v0_3_aliases,2026-06-12
201701431,크라프록신정500mg(레보플록사신수화물),크라프록신정500mg(레보플록사신수화물),레보플록사신,,True,relation_card,False,MFDS nedrug,internal.medistack_v0_3_aliases,2026-06-12
201903771,크레보트정(레보플록사신수화물),크레보트정(레보플록사신수화물),레보플록사신,,True,relation_card,False,MFDS nedrug,internal.medistack_v0_3_aliases,2026-06-12
200400700,크록사신정(레보플록사신수화물),크록사신정(레보플록사신수화물),레보플록사신,,True,relation_card,False,MFDS nedrug,internal.medistack_v0_3_aliases,2026-06-12
202001902,하이레보정100밀리그램(레보플록사신수화물),하이레보정100밀리그램(레보플록사신수화물),레보플록사신,,True,relation_card,False,MFDS nedrug,internal.medistack_v0_3_aliases,2026-06-12
202004914,하이레보정500밀리그램(레보플록사신수화물),하이레보정500밀리그램(레보플록사신수화물),레보플록사신,,True,relation_card,False,MFDS nedrug,internal.medistack_v0_3_aliases,2026-06-12
201403287,하이록신정100mg(레보플록사신수화물),하이록신정100mg(레보플록사신수화물),레보플록사신,,True,relation_card,False,MFDS nedrug,internal.medistack_v0_3_aliases,2026-06-12
201402851,하이록신정250mg(레보플록사신수화물),하이록신정250mg(레보플록사신수화물),레보플록사신,,True,relation_card,False,MFDS nedrug,internal.medistack_v0_3_aliases,2026-06-12
201309833,하이록신정500mg(레보플록사신수화물),하이록신정500mg(레보플록사신수화물),레보플록사신,,True,relation_card,False,MFDS nedrug,internal.medistack_v0_3_aliases,2026-06-12
201302619,환인레보플록사신정100밀리그램(레보플록사신수화물),환인레보플록사신정100밀리그램(레보플록사신수화물),레보플록사신,,True,relation_card,False,MFDS nedrug,internal.medistack_v0_3_aliases,2026-06-12
201403944,휴록사신정100mg(레보플록사신수화물),휴록사신정100mg(레보플록사신수화물),레보플록사신,,True,relation_card,False,MFDS nedrug,internal.medistack_v0_3_aliases,2026-06-12
200710882,레보펙신정250밀리그램(레보플록사신수화물),레보펙신정250밀리그램(레보플록사신수화물),레보플록사신,,True,relation_card,False,MFDS nedrug,internal.medistack_v0_3_aliases,2026-06-12
200703280,레보펙신정500밀리그램(레보플록사신수화물),레보펙신정500밀리그램(레보플록사신수화물),레보플록사신,,True,relation_card,False,MFDS nedrug,internal.medistack_v0_3_aliases,2026-06-12
199502215,구루메포민정500mg(메트포르민염산염),구루메포민정500mg(메트포르민염산염),메트포르민,,True,relation_card,False,MFDS nedrug,internal.medistack_v0_3_aliases,2026-06-11
199301512,그리코민정(메트포르민염산염),그리코민정(메트포르민염산염),메트포르민,,True,relation_card,False,MFDS nedrug,internal.medistack_v0_3_aliases,2026-06-11
199701437,그린페지정(메트포르민염산염),그린페지정(메트포르민염산염),메트포르민,,True,relation_card,False,MFDS nedrug,internal.medistack_v0_3_aliases,2026-06-11
200607691,글라비스서방정500밀리그람(메트포르민염산염),글라비스서방정500밀리그람(메트포르민염산염),메트포르민,,True,relation_card,False,MFDS nedrug,internal.medistack_v0_3_aliases,2026-06-11
200400304,글라비스정(메트포르민염산염),글라비스정(메트포르민염산염),메트포르민,,True,relation_card,False,MFDS nedrug,internal.medistack_v0_3_aliases,2026-06-11
201402049,그리코민서방정500밀리그램(메트포르민염산염),그리코민서방정500밀리그램(메트포르민염산염),메트포르민,,True,relation_card,False,MFDS nedrug,internal.medistack_v0_3_aliases,2026-06-11
202001548,글라비스정1000밀리그램(메트포르민염산염),글라비스정1000밀리그램(메트포르민염산염),메트포르민,,True,relation_card,False,MFDS nedrug,internal.medistack_v0_3_aliases,2026-06-11
201206681,글로포민서방정(메트포르민염산염),글로포민서방정(메트포르민염산염),메트포르민,,True,relation_card,False,MFDS nedrug,internal.medistack_v0_3_aliases,2026-06-11
200400817,글루메트정(메트포르민염산염),글루메트정(메트포르민염산염),메트포르민,,True,relation_card,False,MFDS nedrug,internal.medistack_v0_3_aliases,2026-06-11
200001344,글루세라정500밀리그램(메트포르민염산염),글루세라정500밀리그램(메트포르민염산염),메트포르민,,True,relation_card,False,MFDS nedrug,internal.medistack_v0_3_aliases,2026-06-11
201400115,글루세라서방정500mg(메트포르민염산염),글루세라서방정500mg(메트포르민염산염),메트포르민,,True,relation_card,False,MFDS nedrug,internal.medistack_v0_3_aliases,2026-06-12
201402909,글루엠서방정(메트포르민염산염),글루엠서방정(메트포르민염산염),메트포르민,,True,relation_card,False,MFDS nedrug,internal.medistack_v0_3_aliases,2026-06-12
198500241,글루코닐정(메트포르민염산염),글루코닐정(메트포르민염산염),메트포르민,,True,relation_card,False,MFDS nedrug,internal.medistack_v0_3_aliases,2026-06-12
201604291,글루코다운정1000밀리그램(메트포르민염산염),글루코다운정1000밀리그램(메트포르민염산염),메트포르민,,True,relation_card,False,MFDS nedrug,internal.medistack_v0_3_aliases,2026-06-12
201604290,글루코다운정250밀리그램(메트포르민염산염),글루코다운정250밀리그램(메트포르민염산염),메트포르민,,True,relation_card,False,MFDS nedrug,internal.medistack_v0_3_aliases,2026-06-12
200400361,글루코다운정500밀리그램(메트포르민염산염),글루코다운정500밀리그램(메트포르민염산염),메트포르민,,True,relation_card,False,MFDS nedrug,internal.medistack_v0_3_aliases,2026-06-12
200301345,글루코젠정500밀리그램(메트포르민염산염),글루코젠정500밀리그램(메트포르민염산염),메트포르민,,True,relation_card,False,MFDS nedrug,internal.medistack_v0_3_aliases,2026-06-12
201002150,글루코파지엑스알1000밀리그램서방정(메트포르민염산염),글루코파지엑스알1000밀리그램서방정(메트포르민염산염),메트포르민,,True,relation_card,False,MFDS nedrug,internal.medistack_v0_3_aliases,2026-06-12
200511029,글루코파지엑스알서방정(메트포르민염산염),글루코파지엑스알서방정(메트포르민염산염),메트포르민,,True,relation_card,False,MFDS nedrug,internal.medistack_v0_3_aliases,2026-06-12
200807809,글루코파지정1000밀리그램(메트포르민염산염),글루코파지정1000밀리그램(메트포르민염산염),메트포르민,,True,relation_card,False,MFDS nedrug,internal.medistack_v0_3_aliases,2026-06-12
200401014,글루코파지정250밀리그램(메트포르민염산염),글루코파지정250밀리그램(메트포르민염산염),메트포르민,,True,relation_card,False,MFDS nedrug,internal.medistack_v0_3_aliases,2026-06-12
200401015,글루코파지정500밀리그램(메트포르민염산염),글루코파지정500밀리그램(메트포르민염산염),메트포르민,,True,relation_card,False,MFDS nedrug,internal.medistack_v0_3_aliases,2026-06-12
201701004,글루코프리서방정1000밀리그램(메트포르민염산염),글루코프리서방정1000밀리그램(메트포르민염산염),메트포르민,,True,relation_card,False,MFDS nedrug,internal.medistack_v0_3_aliases,2026-06-12
200701403,글루코프리서방정500밀리그램(메트포르민염산염),글루코프리서방정500밀리그램(메트포르민염산염),메트포르민,,True,relation_card,False,MFDS nedrug,internal.medistack_v0_3_aliases,2026-06-12
200802053,글루코프리서방정750밀리그램(메트포르민염산염),글루코프리서방정750밀리그램(메트포르민염산염),메트포르민,,True,relation_card,False,MFDS nedrug,internal.medistack_v0_3_aliases,2026-06-12
201907031,글루테니어정500mg(메트포르민염산염),글루테니어정500mg(메트포르민염산염),메트포르민,,True,relation_card,False,MFDS nedrug,internal.medistack_v0_3_aliases,2026-06-12
201206761,글루파민서방정500밀리그램(메트포르민염산염),글루파민서방정500밀리그램(메트포르민염산염),메트포르민,,True,relation_card,False,MFDS nedrug,internal.medistack_v0_3_aliases,2026-06-12
202000161,글루파엑스알서방정1000밀리그램(메트포르민염산염),글루파엑스알서방정1000밀리그램(메트포르민염산염),메트포르민,,True,relation_card,False,MFDS nedrug,internal.medistack_v0_3_aliases,2026-06-12
202301018,글루파엑스알서방정500밀리그램(메트포르민염산염),글루파엑스알서방정500밀리그램(메트포르민염산염),메트포르민,,True,relation_card,False,MFDS nedrug,internal.medistack_v0_3_aliases,2026-06-12
202104996,글루파엑스알서방정850밀리그램(메트포르민염산염),글루파엑스알서방정850밀리그램(메트포르민염산염),메트포르민,,True,relation_card,False,MFDS nedrug,internal.medistack_v0_3_aliases,2026-06-12
200101317,"글루파정1,000㎎(메트포르민염산염)","글루파정1,000㎎(메트포르민염산염)",메트포르민,,True,relation_card,False,MFDS nedrug,internal.medistack_v0_3_aliases,2026-06-12
200401527,글루파정250mg(메트포르민염산염),글루파정250mg(메트포르민염산염),메트포르민,,True,relation_card,False,MFDS nedrug,internal.medistack_v0_3_aliases,2026-06-12
200301119,글루파정500mg(메트포르민염산염),글루파정500mg(메트포르민염산염),메트포르민,,True,relation_card,False,MFDS nedrug,internal.medistack_v0_3_aliases,2026-06-12
200101309,글루파정850mg(메트포르민염산염),글루파정850mg(메트포르민염산염),메트포르민,,True,relation_card,False,MFDS nedrug,internal.medistack_v0_3_aliases,2026-06-12
201906865,글루포민서방정500mg(메트포르민염산염),글루포민서방정500mg(메트포르민염산염),메트포르민,,True,relation_card,False,MFDS nedrug,internal.medistack_v0_3_aliases,2026-06-12
200607743,글리렙서방정 (메트포르민염산염),글리렙서방정 (메트포르민염산염),메트포르민,,True,relation_card,False,MFDS nedrug,internal.medistack_v0_3_aliases,2026-06-12
201600170,"가드메트정100/1000밀리그램(아나글립틴, 메트포르민)","가드메트정100/1000밀리그램(아나글립틴, 메트포르민)",메트포르민,,True,relation_card,False,MFDS nedrug,internal.medistack_v0_3_aliases,2026-06-12
201600172,가드메트정100/500밀리그램,가드메트정100/500밀리그램,메트포르민,,True,relation_card,False,MFDS nedrug,internal.medistack_v0_3_aliases,2026-06-12
201600171,"가드메트정100/850밀리그램(아나글립틴, 메트포르민)","가드메트정100/850밀리그램(아나글립틴, 메트포르민)",메트포르민,,True,relation_card,False,MFDS nedrug,internal.medistack_v0_3_aliases,2026-06-12
200803517,가브스메트정50/1000밀리그램,가브스메트정50/1000밀리그램,메트포르민,,True,relation_card,False,MFDS nedrug,internal.medistack_v0_3_aliases,2026-06-12
201206684,가브스메트정50/500밀리그램,가브스메트정50/500밀리그램,메트포르민,,True,relation_card,False,MFDS nedrug,internal.medistack_v0_3_aliases,2026-06-12
200803516,가브스메트정50/850밀리그램,가브스메트정50/850밀리그램,메트포르민,,True,relation_card,False,MFDS nedrug,internal.medistack_v0_3_aliases,2026-06-12
202107111,가블리메트정,가블리메트정,메트포르민,,True,relation_card,False,MFDS nedrug,internal.medistack_v0_3_aliases,2026-06-12
201107514,게리드엠정,게리드엠정,메트포르민,,True,relation_card,False,MFDS nedrug,internal.medistack_v0_3_aliases,2026-06-12
201107221,게리메트정2/500밀리그램,게리메트정2/500밀리그램,메트포르민,,True,relation_card,False,MFDS nedrug,internal.medistack_v0_3_aliases,2026-06-12
202200318,광동메포시타정50/1000밀리그램,광동메포시타정50/1000밀리그램,메트포르민,,True,relation_card,False,MFDS nedrug,internal.medistack_v0_3_aliases,2026-06-12
202200317,광동메포시타정50/500밀리그램,광동메포시타정50/500밀리그램,메트포르민,,True,relation_card,False,MFDS nedrug,internal.medistack_v0_3_aliases,2026-06-12
202200316,광동메포시타정50/850밀리그램,광동메포시타정50/850밀리그램,메트포르민,,True,relation_card,False,MFDS nedrug,internal.medistack_v0_3_aliases,2026-06-12
201308664,"그루리스엠정(글리메피리드,메트포르민염산염)","그루리스엠정(글리메피리드,메트포르민염산염)",메트포르민,,True,relation_card,False,MFDS nedrug,internal.medistack_v0_3_aliases,2026-06-12
201106782,그리마린엠정2/500밀리그램,그리마린엠정2/500밀리그램,메트포르민,,True,relation_card,False,MFDS nedrug,internal.medistack_v0_3_aliases,2026-06-12
201206847,그리메폴서방정2/500밀리그램,그리메폴서방정2/500밀리그램,메트포르민,,True,relation_card,False,MFDS nedrug,internal.medistack_v0_3_aliases,2026-06-12
201107226,글라포민엠정1/250 밀리그램,글라포민엠정1/250 밀리그램,메트포르민,,True,relation_card,False,MFDS nedrug,internal.medistack_v0_3_aliases,2026-06-12
201107227,글라포민엠정1/500밀리그램,글라포민엠정1/500밀리그램,메트포르민,,True,relation_card,False,MFDS nedrug,internal.medistack_v0_3_aliases,2026-06-12
201106982,글라포민엠정2/500밀리그램,글라포민엠정2/500밀리그램,메트포르민,,True,relation_card,False,MFDS nedrug,internal.medistack_v0_3_aliases,2026-06-12
201107204,글레딘엠정2/500밀리그램,글레딘엠정2/500밀리그램,메트포르민,,True,relation_card,False,MFDS nedrug,internal.medistack_v0_3_aliases,2026-06-12
202400626,"글레린듀오서방정2.5/1000밀리그램(리나글립틴,메트포르민)","글레린듀오서방정2.5/1000밀리그램(리나글립틴,메트포르민)",메트포르민,,True,relation_card,False,MFDS nedrug,internal.medistack_v0_3_aliases,2026-06-12
202400627,"글레린듀오서방정5/1000밀리그램(리나글립틴,메트포르민)","글레린듀오서방정5/1000밀리그램(리나글립틴,메트포르민)",메트포르민,,True,relation_card,False,MFDS nedrug,internal.medistack_v0_3_aliases,2026-06-12
201107273,글레아정2/500밀리그램,글레아정2/500밀리그램,메트포르민,,True,relation_card,False,MFDS nedrug,internal.medistack_v0_3_aliases,2026-06-12
202300608,글로시타포민서방정100/1000밀리그램,글로시타포민서방정100/1000밀리그램,메트포르민,,True,relation_card,False,MFDS nedrug,internal.medistack_v0_3_aliases,2026-06-12
202300607,글로시타포민서방정50/1000밀리그램,글로시타포민서방정50/1000밀리그램,메트포르민,,True,relation_card,False,MFDS nedrug,internal.medistack_v0_3_aliases,2026-06-12
202300606,글로시타포민서방정50/500밀리그램,글로시타포민서방정50/500밀리그램,메트포르민,,True,relation_card,False,MFDS nedrug,internal.medistack_v0_3_aliases,2026-06-12
202300845,글로시타포민정50/1000밀리그램,글로시타포민정50/1000밀리그램,메트포르민,,True,relation_card,False,MFDS nedrug,internal.medistack_v0_3_aliases,2026-06-12
202300847,글로시타포민정50/500밀리그램,글로시타포민정50/500밀리그램,메트포르민,,True,relation_card,False,MFDS nedrug,internal.medistack_v0_3_aliases,2026-06-12
202300846,글로시타포민정50/850밀리그램,글로시타포민정50/850밀리그램,메트포르민,,True,relation_card,False,MFDS nedrug,internal.medistack_v0_3_aliases,2026-06-12
201206668,글로엠정,글로엠정,메트포르민,,True,relation_card,False,MFDS nedrug,internal.medistack_v0_3_aliases,2026-06-12
202001276,"글로틴듀오정2.5/1000mg(리나글립틴, 메트포르민염산염)","글로틴듀오정2.5/1000mg(리나글립틴, 메트포르민염산염)",메트포르민,,True,relation_card,False,MFDS nedrug,internal.medistack_v0_3_aliases,2026-06-12
202001274,"글로틴듀오정2.5/500mg(리나글립틴, 메트포르민염산염)","글로틴듀오정2.5/500mg(리나글립틴, 메트포르민염산염)",메트포르민,,True,relation_card,False,MFDS nedrug,internal.medistack_v0_3_aliases,2026-06-12
202001275,"글로틴듀오정2.5/850mg(리나글립틴, 메트포르민염산염)","글로틴듀오정2.5/850mg(리나글립틴, 메트포르민염산염)",메트포르민,,True,relation_card,False,MFDS nedrug,internal.medistack_v0_3_aliases,2026-06-12
200307866,글루리아드정500/2.5밀리그람,글루리아드정500/2.5밀리그람,메트포르민,,True,relation_card,False,MFDS nedrug,internal.medistack_v0_3_aliases,2026-06-12
200307867,글루리아드정500/5밀리그람,글루리아드정500/5밀리그람,메트포르민,,True,relation_card,False,MFDS nedrug,internal.medistack_v0_3_aliases,2026-06-12
202400663,"글루립틴듀오엑스알서방정2.5/1000밀리그램(리나글립틴,메트포르민염산염)","글루립틴듀오엑스알서방정2.5/1000밀리그램(리나글립틴,메트포르민염산염)",메트포르민,,True,relation_card,False,MFDS nedrug,internal.medistack_v0_3_aliases,2026-06-12
202400662,"글루립틴듀오엑스알서방정5/1000밀리그램(리나글립틴,메트포르민염산염)","글루립틴듀오엑스알서방정5/1000밀리그램(리나글립틴,메트포르민염산염)",메트포르민,,True,relation_card,False,MFDS nedrug,internal.medistack_v0_3_aliases,2026-06-12
201106952,글루비엠정2/500밀리그램,글루비엠정2/500밀리그램,메트포르민,,True,relation_card,False,MFDS nedrug,internal.medistack_v0_3_aliases,2026-06-12
202202020,글루시타듀오서방정100/1000밀리그램,글루시타듀오서방정100/1000밀리그램,메트포르민,,True,relation_card,False,MFDS nedrug,internal.medistack_v0_3_aliases,2026-06-12
202202019,글루시타듀오서방정50/1000밀리그램,글루시타듀오서방정50/1000밀리그램,메트포르민,,True,relation_card,False,MFDS nedrug,internal.medistack_v0_3_aliases,2026-06-12
202202018,글루시타듀오서방정50/500밀리그램,글루시타듀오서방정50/500밀리그램,메트포르민,,True,relation_card,False,MFDS nedrug,internal.medistack_v0_3_aliases,2026-06-12
202204575,글루시타듀오정50/1000밀리그램,글루시타듀오정50/1000밀리그램,메트포르민,,True,relation_card,False,MFDS nedrug,internal.medistack_v0_3_aliases,2026-06-12
202204577,글루시타듀오정50/500밀리그램,글루시타듀오정50/500밀리그램,메트포르민,,True,relation_card,False,MFDS nedrug,internal.medistack_v0_3_aliases,2026-06-12
202204576,글루시타듀오정50/850밀리그램,글루시타듀오정50/850밀리그램,메트포르민,,True,relation_card,False,MFDS nedrug,internal.medistack_v0_3_aliases,2026-06-12
200307793,글루코반스정500/2.5밀리그램,글루코반스정500/2.5밀리그램,메트포르민,,True,relation_card,False,MFDS nedrug,internal.medistack_v0_3_aliases,2026-06-12
200307794,글루코반스정500/5밀리그램,글루코반스정500/5밀리그램,메트포르민,,True,relation_card,False,MFDS nedrug,internal.medistack_v0_3_aliases,2026-06-12
200708031,글루파콤비정500/80mg,글루파콤비정500/80mg,메트포르민,,True,relation_card,False,MFDS nedrug,internal.medistack_v0_3_aliases,2026-06-12
201500899,글루펜엠정,글루펜엠정,메트포르민,,True,relation_card,False,MFDS nedrug,internal.medistack_v0_3_aliases,2026-06-12
201107513,"글루폴민정2/500밀리그램(글리메피리드, 메트포르민염산염)","글루폴민정2/500밀리그램(글리메피리드, 메트포르민염산염)",메트포르민,,True,relation_card,False,MFDS nedrug,internal.medistack_v0_3_aliases,2026-06-12
201109149,글리마릴엠정2/500밀리그램,글리마릴엠정2/500밀리그램,메트포르민,,True,relation_card,False,MFDS nedrug,internal.medistack_v0_3_aliases,2026-06-12
201107530,글리매핀엠정2/500밀리그램,글리매핀엠정2/500밀리그램,메트포르민,,True,relation_card,False,MFDS nedrug,internal.medistack_v0_3_aliases,2026-06-12
201106950,글리메드엠정2/500밀리그램,글리메드엠정2/500밀리그램,메트포르민,,True,relation_card,False,MFDS nedrug,internal.medistack_v0_3_aliases,2026-06-12
201107234,글리메론정,글리메론정,메트포르민,,True,relation_card,False,MFDS nedrug,internal.medistack_v0_3_aliases,2026-06-12
201107173,글리메릴엠정,글리메릴엠정,메트포르민,,True,relation_card,False,MFDS nedrug,internal.medistack_v0_3_aliases,2026-06-12
201107543,글리메엠정1/250밀리그램,글리메엠정1/250밀리그램,메트포르민,,True,relation_card,False,MFDS nedrug,internal.medistack_v0_3_aliases,2026-06-12
201107516,글리메엠정2/500밀리그램,글리메엠정2/500밀리그램,메트포르민,,True,relation_card,False,MFDS nedrug,internal.medistack_v0_3_aliases,2026-06-12
201900246,글리메윈플러스정,글리메윈플러스정,메트포르민,,True,relation_card,False,MFDS nedrug,internal.medistack_v0_3_aliases,2026-06-12
202301975,"글리메자큐정50/1000밀리그램(시타글립틴,메트포르민)","글리메자큐정50/1000밀리그램(시타글립틴,메트포르민)",메트포르민,,True,relation_card,False,MFDS nedrug,internal.medistack_v0_3_aliases,2026-06-12
202301973,"글리메자큐정50/500밀리그램(시타글립틴,메트포르민)","글리메자큐정50/500밀리그램(시타글립틴,메트포르민)",메트포르민,,True,relation_card,False,MFDS nedrug,internal.medistack_v0_3_aliases,2026-06-12
202301974,"글리메자큐정50/850밀리그램(시타글립틴,메트포르민)","글리메자큐정50/850밀리그램(시타글립틴,메트포르민)",메트포르민,,True,relation_card,False,MFDS nedrug,internal.medistack_v0_3_aliases,2026-06-12
201107526,글리멜엠정1/250밀리그램,글리멜엠정1/250밀리그램,메트포르민,,True,relation_card,False,MFDS nedrug,internal.medistack_v0_3_aliases,2026-06-12
201107272,글리멜엠정2/500밀리그램,글리멜엠정2/500밀리그램,메트포르민,,True,relation_card,False,MFDS nedrug,internal.medistack_v0_3_aliases,2026-06-12
201107515,글리미드엠정,글리미드엠정,메트포르민,,True,relation_card,False,MFDS nedrug,internal.medistack_v0_3_aliases,2026-06-12
201905506,글리밀엠정2/500mg,글리밀엠정2/500mg,메트포르민,,True,relation_card,False,MFDS nedrug,internal.medistack_v0_3_aliases,2026-06-12
201107512,글리베타엠정,글리베타엠정,메트포르민,,True,relation_card,False,MFDS nedrug,internal.medistack_v0_3_aliases,2026-06-12
201801420,글리스타엠정,글리스타엠정,메트포르민,,True,relation_card,False,MFDS nedrug,internal.medistack_v0_3_aliases,2026-06-12
202201954,글리시타메트엑스알서방정100/1000밀리그램,글리시타메트엑스알서방정100/1000밀리그램,메트포르민,,True,relation_card,False,MFDS nedrug,internal.medistack_v0_3_aliases,2026-06-12
202201953,글리시타메트엑스알서방정50/1000밀리그램,글리시타메트엑스알서방정50/1000밀리그램,메트포르민,,True,relation_card,False,MFDS nedrug,internal.medistack_v0_3_aliases,2026-06-12
202201952,글리시타메트엑스알서방정50/500밀리그램,글리시타메트엑스알서방정50/500밀리그램,메트포르민,,True,relation_card,False,MFDS nedrug,internal.medistack_v0_3_aliases,2026-06-12
202204581,글리시타메트정50/1000밀리그램,글리시타메트정50/1000밀리그램,메트포르민,,True,relation_card,False,MFDS nedrug,internal.medistack_v0_3_aliases,2026-06-12
202204580,글리시타메트정50/500밀리그램,글리시타메트정50/500밀리그램,메트포르민,,True,relation_card,False,MFDS nedrug,internal.medistack_v0_3_aliases,2026-06-12
202204579,글리시타메트정50/850밀리그램,글리시타메트정50/850밀리그램,메트포르민,,True,relation_card,False,MFDS nedrug,internal.medistack_v0_3_aliases,2026-06-12
202201391,"글리앙듀오정5/1000밀리그램(엠파글리플로진, 메트포르민염산염)","글리앙듀오정5/1000밀리그램(엠파글리플로진, 메트포르민염산염)",메트포르민,,True,relation_card,False,MFDS nedrug,internal.medistack_v0_3_aliases,2026-06-12
202201389,"글리앙듀오정5/500밀리그램(엠파글리플로진, 메트포르민염산염)","글리앙듀오정5/500밀리그램(엠파글리플로진, 메트포르민염산염)",메트포르민,,True,relation_card,False,MFDS nedrug,internal.medistack_v0_3_aliases,2026-06-12
202201390,"글리앙듀오정5/850밀리그램(엠파글리플로진, 메트포르민염산염)","글리앙듀오정5/850밀리그램(엠파글리플로진, 메트포르민염산염)",메트포르민,,True,relation_card,False,MFDS nedrug,internal.medistack_v0_3_aliases,2026-06-12
201107274,글리엠정2/500밀리그램,글리엠정2/500밀리그램,메트포르민,,True,relation_card,False,MFDS nedrug,internal.medistack_v0_3_aliases,2026-06-12
201902225,글리젠타듀오정2.5/850밀리그램,글리젠타듀오정2.5/850밀리그램,메트포르민,,True,relation_card,False,MFDS nedrug,internal.medistack_v0_3_aliases,2026-06-12
200403053,뉴록사신정(시프로플록사신염산염수화물),뉴록사신정(시프로플록사신염산염수화물),시프로플록사신,,True,relation_card,False,MFDS nedrug,internal.medistack_v0_3_aliases,2026-06-11
199400540,로프신정250mg(시프로플록사신염산염수화물),로프신정250mg(시프로플록사신염산염수화물),시프로플록사신,,True,relation_card,False,MFDS nedrug,internal.medistack_v0_3_aliases,2026-06-11
199603455,록신정250밀리그램(시프로플록사신염산염수화물),록신정250밀리그램(시프로플록사신염산염수화물),시프로플록사신,,True,relation_card,False,MFDS nedrug,internal.medistack_v0_3_aliases,2026-06-11
200201724,메가록신정250밀리그램(시프로플록사신염산염수화물),메가록신정250밀리그램(시프로플록사신염산염수화물),시프로플록사신,,True,relation_card,False,MFDS nedrug,internal.medistack_v0_3_aliases,2026-06-11
201901582,메가시플록정(시프로플록사신염산염수화물),메가시플록정(시프로플록사신염산염수화물),시프로플록사신,,True,relation_card,False,MFDS nedrug,internal.medistack_v0_3_aliases,2026-06-11
199602137,미래시프로플록사신정,미래시프로플록사신정,시프로플록사신,,True,relation_card,False,MFDS nedrug,internal.medistack_v0_3_aliases,2026-06-11
200807647,베아신정250밀리그램(시프로플록사신염산염),베아신정250밀리그램(시프로플록사신염산염),시프로플록사신,,True,relation_card,False,MFDS nedrug,internal.medistack_v0_3_aliases,2026-06-11
201601711,베아신정500밀리그램(시프로플록사신염산염),베아신정500밀리그램(시프로플록사신염산염),시프로플록사신,,True,relation_card,False,MFDS nedrug,internal.medistack_v0_3_aliases,2026-06-11
198801052,사이톱신정(시프로플록사신염산염),사이톱신정(시프로플록사신염산염),시프로플록사신,,True,relation_card,False,MFDS nedrug,internal.medistack_v0_3_aliases,2026-06-11
200000453,삼성시플로프록사신정(시프로플록사신염산염수화물),삼성시플로프록사신정(시프로플록사신염산염수화물),시프로플록사신,,True,relation_card,False,MFDS nedrug,internal.medistack_v0_3_aliases,2026-06-11
200401235,시록신정250mg(시프로플록사신염산염),시록신정250mg(시프로플록사신염산염),시프로플록사신,,True,relation_card,False,MFDS nedrug,internal.medistack_v0_3_aliases,2026-06-11
199100750,시폭사신정250밀리그람(시프로플록사신염산염수화물),시폭사신정250밀리그람(시프로플록사신염산염수화물),시프로플록사신,,True,relation_card,False,MFDS nedrug,internal.medistack_v0_3_aliases,2026-06-11
201402874,시푸로신정(시프로플록사신염산염수화물),시푸로신정(시프로플록사신염산염수화물),시프로플록사신,,True,relation_card,False,MFDS nedrug,internal.medistack_v0_3_aliases,2026-06-11
201907106,시프라신정250밀리그램(시프로플록사신염산염수화물),시프라신정250밀리그램(시프로플록사신염산염수화물),시프로플록사신,,True,relation_card,False,MFDS nedrug,internal.medistack_v0_3_aliases,2026-06-11
202002785,시프로사정(시프로플록사신염산염수화물),시프로사정(시프로플록사신염산염수화물),시프로플록사신,,True,relation_card,False,MFDS nedrug,internal.medistack_v0_3_aliases,2026-06-11
201505089,시프로신정(시프로플록사신염산염),시프로신정(시프로플록사신염산염),시프로플록사신,,True,relation_card,False,MFDS nedrug,internal.medistack_v0_3_aliases,2026-06-11
199202036,신일시프로플록사신염산염수화물정,신일시프로플록사신염산염수화물정,시프로플록사신,,True,relation_card,False,MFDS nedrug,internal.medistack_v0_3_aliases,2026-06-11
201901777,시프로투정250밀리그램(시프로플록사신염산염수화물),시프로투정250밀리그램(시프로플록사신염산염수화물),시프로플록사신,,True,relation_card,False,MFDS nedrug,internal.medistack_v0_3_aliases,2026-06-11
201601113,시프록스정(시프로플록사신염산염),시프록스정(시프로플록사신염산염),시프로플록사신,,True,relation_card,False,MFDS nedrug,internal.medistack_v0_3_aliases,2026-06-11
201508296,시프록신정(시프로플록사신염산염수화물),시프록신정(시프로플록사신염산염수화물),시프로플록사신,,True,relation_card,False,MFDS nedrug,internal.medistack_v0_3_aliases,2026-06-11
201801819,시프사신정250밀리그램(시프로플록사신염산염수화물),시프사신정250밀리그램(시프로플록사신염산염수화물),시프로플록사신,,True,relation_card,False,MFDS nedrug,internal.medistack_v0_3_aliases,2026-06-11
201901820,시플로뉴정250밀리그램(시프로플록사신염산염수화물),시플로뉴정250밀리그램(시프로플록사신염산염수화물),시프로플록사신,,True,relation_card,False,MFDS nedrug,internal.medistack_v0_3_aliases,2026-06-11
200404700,시플록신정250밀리그램(시프로플록사신염산염수화물),시플록신정250밀리그램(시프로플록사신염산염수화물),시프로플록사신,,True,relation_card,False,MFDS nedrug,internal.medistack_v0_3_aliases,2026-06-11
201604019,시플록큐정250mg(시프로플록사신염산염수화물),시플록큐정250mg(시프로플록사신염산염수화물),시프로플록사신,,True,relation_card,False,MFDS nedrug,internal.medistack_v0_3_aliases,2026-06-11
201309509,싸이러스정250밀리그램(시프로플록사신염산염수화물),싸이러스정250밀리그램(시프로플록사신염산염수화물),시프로플록사신,,True,relation_card,False,MFDS nedrug,internal.medistack_v0_3_aliases,2026-06-11
199401754,싸이로칸정250밀리그램(시프로플록사신염산염수화물),싸이로칸정250밀리그램(시프로플록사신염산염수화물),시프로플록사신,,True,relation_card,False,MFDS nedrug,internal.medistack_v0_3_aliases,2026-06-11
199202497,싸이스펙정250밀리그램(시프로플록사신염산염),싸이스펙정250밀리그램(시프로플록사신염산염),시프로플록사신,,True,relation_card,False,MFDS nedrug,internal.medistack_v0_3_aliases,2026-06-11
199000362,싸이신정250밀리그램(시프로플록사신염산염),싸이신정250밀리그램(시프로플록사신염산염),시프로플록사신,,True,relation_card,False,MFDS nedrug,internal.medistack_v0_3_aliases,2026-06-11
199000363,싸이신정500밀리그램(시프로플록사신염산염),싸이신정500밀리그램(시프로플록사신염산염),시프로플록사신,,True,relation_card,False,MFDS nedrug,internal.medistack_v0_3_aliases,2026-06-11
201403459,싸이프로신정250mg(시프로플록사신염산염수화물),싸이프로신정250mg(시프로플록사신염산염수화물),시프로플록사신,,True,relation_card,False,MFDS nedrug,internal.medistack_v0_3_aliases,2026-06-11
199300927,싸이프로정(시프로플록사신염산염),싸이프로정(시프로플록사신염산염),시프로플록사신,,True,relation_card,False,MFDS nedrug,internal.medistack_v0_3_aliases,2026-06-11
200201509,싸이플록신정100밀리그람(염산시프로플록사신),싸이플록신정100밀리그람(염산시프로플록사신),시프로플록사신,,True,relation_card,False,MFDS nedrug,internal.medistack_v0_3_aliases,2026-06-11
199601533,싸이플록신정250밀리그램(시프로플록사신염산염수화물),싸이플록신정250밀리그램(시프로플록사신염산염수화물),시프로플록사신,,True,relation_card,False,MFDS nedrug,internal.medistack_v0_3_aliases,2026-06-11
201903428,싸이플록정250밀리그램(시프로플록사신염산염수화물),싸이플록정250밀리그램(시프로플록사신염산염수화물),시프로플록사신,,True,relation_card,False,MFDS nedrug,internal.medistack_v0_3_aliases,2026-06-11
201600601,씨록사신정(시프로플록사신염산염수화물),씨록사신정(시프로플록사신염산염수화물),시프로플록사신,,True,relation_card,False,MFDS nedrug,internal.medistack_v0_3_aliases,2026-06-11
199201214,씨록신정250밀리그램(시프로플록사신염산염수화물),씨록신정250밀리그램(시프로플록사신염산염수화물),시프로플록사신,,True,relation_card,False,MFDS nedrug,internal.medistack_v0_3_aliases,2026-06-11
199001346,씨록정250밀리그램(시프로플록사신염산염수화물),씨록정250밀리그램(시프로플록사신염산염수화물),시프로플록사신,,True,relation_card,False,MFDS nedrug,internal.medistack_v0_3_aliases,2026-06-11
199900995,씨에프정250mg(시프로플록사신염산염),씨에프정250mg(시프로플록사신염산염),시프로플록사신,,True,relation_card,False,MFDS nedrug,internal.medistack_v0_3_aliases,2026-06-11
201500661,씨큐로베이정250밀리그램(시프로플록사신염산염수화물),씨큐로베이정250밀리그램(시프로플록사신염산염수화물),시프로플록사신,,True,relation_card,False,MFDS nedrug,internal.medistack_v0_3_aliases,2026-06-11
200707894,씨트로정(시프로플록사신염산염수화물),씨트로정(시프로플록사신염산염수화물),시프로플록사신,,True,relation_card,False,MFDS nedrug,internal.medistack_v0_3_aliases,2026-06-11
201403586,씨팍신정250밀리그램(시프로플록사신염산염수화물),씨팍신정250밀리그램(시프로플록사신염산염수화물),시프로플록사신,,True,relation_card,False,MFDS nedrug,internal.medistack_v0_3_aliases,2026-06-11
201602319,씨록탄정500밀리그램(시프로플록사신염산염수화물),씨록탄정500밀리그램(시프로플록사신염산염수화물),시프로플록사신,,True,relation_card,False,MFDS nedrug,internal.medistack_v0_3_aliases,2026-06-12
201908109,씨큐로바이정(시프로플록사신염산염수화물),씨큐로바이정(시프로플록사신염산염수화물),시프로플록사신,,True,relation_card,False,MFDS nedrug,internal.medistack_v0_3_aliases,2026-06-12
201801841,씨티신정(시프로플록사신염산염수화물),씨티신정(시프로플록사신염산염수화물),시프로플록사신,,True,relation_card,False,MFDS nedrug,internal.medistack_v0_3_aliases,2026-06-12
201905731,씨프로바이정250밀리그램(시프로플록사신염산염수화물),씨프로바이정250밀리그램(시프로플록사신염산염수화물),시프로플록사신,,True,relation_card,False,MFDS nedrug,internal.medistack_v0_3_aliases,2026-06-12
201900299,씨프록정250밀리그램(시프로플록사신염산염수화물),씨프록정250밀리그램(시프로플록사신염산염수화물),시프로플록사신,,True,relation_card,False,MFDS nedrug,internal.medistack_v0_3_aliases,2026-06-12
199602021,씨프록탄정250밀리그램(시프로플록사신염산염수화물),씨프록탄정250밀리그램(시프로플록사신염산염수화물),시프로플록사신,,True,relation_card,False,MFDS nedrug,internal.medistack_v0_3_aliases,2026-06-12
199602022,씨프록탄정500mg(시프로플록사신염산염수화물),씨프록탄정500mg(시프로플록사신염산염수화물),시프로플록사신,,True,relation_card,False,MFDS nedrug,internal.medistack_v0_3_aliases,2026-06-12
201208643,씨프론정250mg(시프로플록사신염산염수화물),씨프론정250mg(시프로플록사신염산염수화물),시프로플록사신,,True,relation_card,False,MFDS nedrug,internal.medistack_v0_3_aliases,2026-06-12
201802241,씨플로정(시프로플록사신염산염),씨플로정(시프로플록사신염산염),시프로플록사신,,True,relation_card,False,MFDS nedrug,internal.medistack_v0_3_aliases,2026-06-12
201903855,씨플록스정(시프로플록사신염산염수화물),씨플록스정(시프로플록사신염산염수화물),시프로플록사신,,True,relation_card,False,MFDS nedrug,internal.medistack_v0_3_aliases,2026-06-12
201800299,씨플록정250mg(시프로플록사신염산염수화물),씨플록정250mg(시프로플록사신염산염수화물),시프로플록사신,,True,relation_card,False,MFDS nedrug,internal.medistack_v0_3_aliases,2026-06-12
199800906,알리코염산시프로플록사신정250밀리그람,알리코염산시프로플록사신정250밀리그람,시프로플록사신,,True,relation_card,False,MFDS nedrug,internal.medistack_v0_3_aliases,2026-06-12
201907281,알피시프록정250mg(시프로플록사신염산염수화물),알피시프록정250mg(시프로플록사신염산염수화물),시프로플록사신,,True,relation_card,False,MFDS nedrug,internal.medistack_v0_3_aliases,2026-06-12
199703531,에프로신정(시프로플록사신염산염수화물),에프로신정(시프로플록사신염산염수화물),시프로플록사신,,True,relation_card,False,MFDS nedrug,internal.medistack_v0_3_aliases,2026-06-12
200503799,일양바이오염산시프로플록사신정,일양바이오염산시프로플록사신정,시프로플록사신,,True,relation_card,False,MFDS nedrug,internal.medistack_v0_3_aliases,2026-06-12
199202944,참염산시프로플록사신정,참염산시프로플록사신정,시프로플록사신,,True,relation_card,False,MFDS nedrug,internal.medistack_v0_3_aliases,2026-06-12
199100923,케이사신정250밀리그램(시프로플록사신염산염수화물),케이사신정250밀리그램(시프로플록사신염산염수화물),시프로플록사신,,True,relation_card,False,MFDS nedrug,internal.medistack_v0_3_aliases,2026-06-12
199400029,큐프론정(시프로플록사신염산염수화물),큐프론정(시프로플록사신염산염수화물),시프로플록사신,,True,relation_card,False,MFDS nedrug,internal.medistack_v0_3_aliases,2026-06-12
199200423,키포신정(시프로플록사신염산염수화물),키포신정(시프로플록사신염산염수화물),시프로플록사신,,True,relation_card,False,MFDS nedrug,internal.medistack_v0_3_aliases,2026-06-12
199401094,파마시프로플록사신정250mg(시프로플록사신염산염수화물),파마시프로플록사신정250mg(시프로플록사신염산염수화물),시프로플록사신,,True,relation_card,False,MFDS nedrug,internal.medistack_v0_3_aliases,2026-06-12
201801715,팜젠시프로플록사신정250mg(시프로플록사신염산염),팜젠시프로플록사신정250mg(시프로플록사신염산염),시프로플록사신,,True,relation_card,False,MFDS nedrug,internal.medistack_v0_3_aliases,2026-06-12
199102393,푸로포신정250밀리그램(시프로플록사신염산염수화물),푸로포신정250밀리그램(시프로플록사신염산염수화물),시프로플록사신,,True,relation_card,False,MFDS nedrug,internal.medistack_v0_3_aliases,2026-06-12
199202222,프로딘정250mg(시프로플록사신염산염수화물),프로딘정250mg(시프로플록사신염산염수화물),시프로플록사신,,True,relation_card,False,MFDS nedrug,internal.medistack_v0_3_aliases,2026-06-12
201402714,프록사신바이정(시프로플록사신염산염수화물),프록사신바이정(시프로플록사신염산염수화물),시프로플록사신,,True,relation_card,False,MFDS nedrug,internal.medistack_v0_3_aliases,2026-06-12
199701894,프록스코정(시프로플록사신염산염),프록스코정(시프로플록사신염산염),시프로플록사신,,True,relation_card,False,MFDS nedrug,internal.medistack_v0_3_aliases,2026-06-12
199500439,씨프러스정250밀리그램(시프로플록사신염산염),씨프러스정250밀리그램(시프로플록사신염산염),시프로플록사신,,True,relation_card,False,MFDS nedrug,internal.medistack_v0_3_aliases,2026-06-11
201800924,플로리정250밀리그램(시프로플록사신염산염수화물),플로리정250밀리그램(시프로플록사신염산염수화물),시프로플록사신,,True,relation_card,False,MFDS nedrug,internal.medistack_v0_3_aliases,2026-06-12
199602013,넬슨오플록사신정100밀리그램(오플록사신),넬슨오플록사신정100밀리그램(오플록사신),오플록사신,,True,relation_card,False,MFDS nedrug,internal.medistack_v0_3_aliases,2026-06-11
199301429,다비드정100밀리그램(오플록사신),다비드정100밀리그램(오플록사신),오플록사신,,True,relation_card,False,MFDS nedrug,internal.medistack_v0_3_aliases,2026-06-11
199400179,동광오플록사신정,동광오플록사신정,오플록사신,,True,relation_card,False,MFDS nedrug,internal.medistack_v0_3_aliases,2026-06-11
198900665,동화오플록사신정,동화오플록사신정,오플록사신,,True,relation_card,False,MFDS nedrug,internal.medistack_v0_3_aliases,2026-06-11
201603714,리록신정(오플록사신),리록신정(오플록사신),오플록사신,,True,relation_card,False,MFDS nedrug,internal.medistack_v0_3_aliases,2026-06-11
199502582,삼익오플록사신정,삼익오플록사신정,오플록사신,,True,relation_card,False,MFDS nedrug,internal.medistack_v0_3_aliases,2026-06-11
199100970,삼천당오플록사신정,삼천당오플록사신정,오플록사신,,True,relation_card,False,MFDS nedrug,internal.medistack_v0_3_aliases,2026-06-11
201902566,서울오플록사신정,서울오플록사신정,오플록사신,,True,relation_card,False,MFDS nedrug,internal.medistack_v0_3_aliases,2026-06-11
200401862,셀릭스오플록사신정100밀리그램,셀릭스오플록사신정100밀리그램,오플록사신,,True,relation_card,False,MFDS nedrug,internal.medistack_v0_3_aliases,2026-06-11
200500476,셀트리온오플록신정100밀리그램(오플록사신),셀트리온오플록신정100밀리그램(오플록사신),오플록사신,,True,relation_card,False,MFDS nedrug,internal.medistack_v0_3_aliases,2026-06-11
199703570,안플레임정(오플록사신),안플레임정(오플록사신),오플록사신,,True,relation_card,False,MFDS nedrug,internal.medistack_v0_3_aliases,2026-06-11
199100426,에펙신정100밀리그램(오플록사신),에펙신정100밀리그램(오플록사신),오플록사신,,True,relation_card,False,MFDS nedrug,internal.medistack_v0_3_aliases,2026-06-11
199603322,엑센정(오플록사신),엑센정(오플록사신),오플록사신,,True,relation_card,False,MFDS nedrug,internal.medistack_v0_3_aliases,2026-06-11
199102449,영풍오플록사신정100밀리그램,영풍오플록사신정100밀리그램,오플록사신,,True,relation_card,False,MFDS nedrug,internal.medistack_v0_3_aliases,2026-06-11
201405581,오라록신정100mg(오플록사신),오라록신정100mg(오플록사신),오플록사신,,True,relation_card,False,MFDS nedrug,internal.medistack_v0_3_aliases,2026-06-11
199102137,오로신정100밀리그램(오플록사신),오로신정100밀리그램(오플록사신),오플록사신,,True,relation_card,False,MFDS nedrug,internal.medistack_v0_3_aliases,2026-06-11
201506769,오록사신정100밀리그램(오플록사신),오록사신정100밀리그램(오플록사신),오플록사신,,True,relation_card,False,MFDS nedrug,internal.medistack_v0_3_aliases,2026-06-11
199101034,오비드정(오플록사신),오비드정(오플록사신),오플록사신,,True,relation_card,False,MFDS nedrug,internal.medistack_v0_3_aliases,2026-06-11
201309390,오플라정(오플록사신),오플라정(오플록사신),오플록사신,,True,relation_card,False,MFDS nedrug,internal.medistack_v0_3_aliases,2026-06-11
201603948,오플로정(오플록사신),오플로정(오플록사신),오플록사신,,True,relation_card,False,MFDS nedrug,internal.medistack_v0_3_aliases,2026-06-11
201601053,오플록정100밀리그램(오플록사신),오플록정100밀리그램(오플록사신),오플록사신,,True,relation_card,False,MFDS nedrug,internal.medistack_v0_3_aliases,2026-06-11
199202946,옥타신정(오플록사신),옥타신정(오플록사신),오플록사신,,True,relation_card,False,MFDS nedrug,internal.medistack_v0_3_aliases,2026-06-11
200404693,제뉴원오플록사신정,제뉴원오플록사신정,오플록사신,,True,relation_card,False,MFDS nedrug,internal.medistack_v0_3_aliases,2026-06-11
201904655,지엘오플록사신정100밀리그램,지엘오플록사신정100밀리그램,오플록사신,,True,relation_card,False,MFDS nedrug,internal.medistack_v0_3_aliases,2026-06-11
199200490,타록시드정100밀리그램(오플록사신),타록시드정100밀리그램(오플록사신),오플록사신,,True,relation_card,False,MFDS nedrug,internal.medistack_v0_3_aliases,2026-06-11
199200705,텔비트정100밀리그람(오플록사신),텔비트정100밀리그람(오플록사신),오플록사신,,True,relation_card,False,MFDS nedrug,internal.medistack_v0_3_aliases,2026-06-11
198701772,투록신정(오플록사신),투록신정(오플록사신),오플록사신,,True,relation_card,False,MFDS nedrug,internal.medistack_v0_3_aliases,2026-06-11
201904339,투프로정100밀리그램(오플록사신),투프로정100밀리그램(오플록사신),오플록사신,,True,relation_card,False,MFDS nedrug,internal.medistack_v0_3_aliases,2026-06-11
198700537,파비드정(오플록사신),파비드정(오플록사신),오플록사신,,True,relation_card,False,MFDS nedrug,internal.medistack_v0_3_aliases,2026-06-11
199401661,파비스오플록사신정,파비스오플록사신정,오플록사신,,True,relation_card,False,MFDS nedrug,internal.medistack_v0_3_aliases,2026-06-11
200402467,팜젠오플록사신정,팜젠오플록사신정,오플록사신,,True,relation_card,False,MFDS nedrug,internal.medistack_v0_3_aliases,2026-06-11
199300815,프락신정100밀리그람(오플록사신),프락신정100밀리그람(오플록사신),오플록사신,,True,relation_card,False,MFDS nedrug,internal.medistack_v0_3_aliases,2026-06-11
197200160,후릭스정(푸로세미드),후릭스정(푸로세미드),푸로세미드,,True,relation_card,False,MFDS nedrug,internal.medistack_v0_3_aliases,2026-06-11
200302518,대한뉴팜오엠프라졸캡슐(오메프라졸),대한뉴팜오엠프라졸캡슐(오메프라졸),오메프라졸,,True,relation_card,False,MFDS nedrug,internal.medistack_v0_3_aliases,2026-06-11
199202074,라메졸캡슐20밀리그램(오메프라졸),라메졸캡슐20밀리그램(오메프라졸),오메프라졸,,True,relation_card,False,MFDS nedrug,internal.medistack_v0_3_aliases,2026-06-11
200402992,메프라졸캡슐(오메프라졸),메프라졸캡슐(오메프라졸),오메프라졸,,True,relation_card,False,MFDS nedrug,internal.medistack_v0_3_aliases,2026-06-11
199907296,바로메졸캡슐(오메프라졸),바로메졸캡슐(오메프라졸),오메프라졸,,True,relation_card,False,MFDS nedrug,internal.medistack_v0_3_aliases,2026-06-11
200410999,바이넥스오메프라졸캡슐(오메프라졸장용성과립),바이넥스오메프라졸캡슐(오메프라졸장용성과립),오메프라졸,,True,relation_card,False,MFDS nedrug,internal.medistack_v0_3_aliases,2026-06-11
201704833,셀트리온오메프라졸캡슐20밀리그램(오메프라졸),셀트리온오메프라졸캡슐20밀리그램(오메프라졸),오메프라졸,,True,relation_card,False,MFDS nedrug,internal.medistack_v0_3_aliases,2026-06-11
200411207,아메졸캡슐(오메프라졸),아메졸캡슐(오메프라졸),오메프라졸,,True,relation_card,False,MFDS nedrug,internal.medistack_v0_3_aliases,2026-06-11
199700918,아주오메프라졸캡슐,아주오메프라졸캡슐,오메프라졸,,True,relation_card,False,MFDS nedrug,internal.medistack_v0_3_aliases,2026-06-11
200411087,애니시드캡슐(오메프라졸장용성과립),애니시드캡슐(오메프라졸장용성과립),오메프라졸,,True,relation_card,False,MFDS nedrug,internal.medistack_v0_3_aliases,2026-06-11
200707212,오라섹캡슐(오메프라졸),오라섹캡슐(오메프라졸),오메프라졸,,True,relation_card,False,MFDS nedrug,internal.medistack_v0_3_aliases,2026-06-12
202003930,오메그린캡슐(오메프라졸),오메그린캡슐(오메프라졸),오메프라졸,,True,relation_card,False,MFDS nedrug,internal.medistack_v0_3_aliases,2026-06-12
201903858,오메다캡슐(오메프라졸),오메다캡슐(오메프라졸),오메프라졸,,True,relation_card,False,MFDS nedrug,internal.medistack_v0_3_aliases,2026-06-12
199902308,오메드정10밀리그램(오메프라졸),오메드정10밀리그램(오메프라졸),오메프라졸,,True,relation_card,False,MFDS nedrug,internal.medistack_v0_3_aliases,2026-06-12
199302187,오메드정20밀리그램(오메프라졸),오메드정20밀리그램(오메프라졸),오메프라졸,,True,relation_card,False,MFDS nedrug,internal.medistack_v0_3_aliases,2026-06-12
200402023,오메딘캡슐(오메프라졸),오메딘캡슐(오메프라졸),오메프라졸,,True,relation_card,False,MFDS nedrug,internal.medistack_v0_3_aliases,2026-06-12
201505489,오메라핀캡슐(오메프라졸),오메라핀캡슐(오메프라졸),오메프라졸,,True,relation_card,False,MFDS nedrug,internal.medistack_v0_3_aliases,2026-06-12
200402694,오메존캡슐(오메프라졸),오메존캡슐(오메프라졸),오메프라졸,,True,relation_card,False,MFDS nedrug,internal.medistack_v0_3_aliases,2026-06-12
201405114,오메졸캡슐(오메프라졸),오메졸캡슐(오메프라졸),오메프라졸,,True,relation_card,False,MFDS nedrug,internal.medistack_v0_3_aliases,2026-06-12
199700548,오메큐캡슐(오메프라졸),오메큐캡슐(오메프라졸),오메프라졸,,True,relation_card,False,MFDS nedrug,internal.medistack_v0_3_aliases,2026-06-12
201502449,오메타졸캡슐(오메프라졸),오메타졸캡슐(오메프라졸),오메프라졸,,True,relation_card,False,MFDS nedrug,internal.medistack_v0_3_aliases,2026-06-12
200401456,오메톤캡슐(오메프라졸),오메톤캡슐(오메프라졸),오메프라졸,,True,relation_card,False,MFDS nedrug,internal.medistack_v0_3_aliases,2026-06-12
201602713,오메푸졸캡슐(오메프라졸),오메푸졸캡슐(오메프라졸),오메프라졸,,True,relation_card,False,MFDS nedrug,internal.medistack_v0_3_aliases,2026-06-12
201308902,오메프라존캡슐(오메프라졸),오메프라존캡슐(오메프라졸),오메프라졸,,True,relation_card,False,MFDS nedrug,internal.medistack_v0_3_aliases,2026-06-12
201906572,오메프란캡슐20밀리그램(오메프라졸),오메프란캡슐20밀리그램(오메프라졸),오메프라졸,,True,relation_card,False,MFDS nedrug,internal.medistack_v0_3_aliases,2026-06-12
201902081,오메프투캡슐(오메프라졸),오메프투캡슐(오메프라졸),오메프라졸,,True,relation_card,False,MFDS nedrug,internal.medistack_v0_3_aliases,2026-06-12
199802675,오멕스캡슐(오메프라졸),오멕스캡슐(오메프라졸),오메프라졸,,True,relation_card,False,MFDS nedrug,internal.medistack_v0_3_aliases,2026-06-12
199200236,오엠피정20밀리그램(오메프라졸),오엠피정20밀리그램(오메프라졸),오메프라졸,,True,relation_card,False,MFDS nedrug,internal.medistack_v0_3_aliases,2026-06-12
199900120,오엠피정40밀리그램(오메프라졸),오엠피정40밀리그램(오메프라졸),오메프라졸,,True,relation_card,False,MFDS nedrug,internal.medistack_v0_3_aliases,2026-06-12
200400949,오큐졸캡슐(오메프라졸),오큐졸캡슐(오메프라졸),오메프라졸,,True,relation_card,False,MFDS nedrug,internal.medistack_v0_3_aliases,2026-06-12
200400232,오프라졸캡슐(오메프라졸),오프라졸캡슐(오메프라졸),오메프라졸,,True,relation_card,False,MFDS nedrug,internal.medistack_v0_3_aliases,2026-06-12
200402816,오프라캡슐(오메프라졸),오프라캡슐(오메프라졸),오메프라졸,,True,relation_card,False,MFDS nedrug,internal.medistack_v0_3_aliases,2026-06-12
200404039,오프졸캡슐(오메프라졸),오프졸캡슐(오메프라졸),오메프라졸,,True,relation_card,False,MFDS nedrug,internal.medistack_v0_3_aliases,2026-06-12
201900638,오피라졸캡슐(오메프라졸),오피라졸캡슐(오메프라졸),오메프라졸,,True,relation_card,False,MFDS nedrug,internal.medistack_v0_3_aliases,2026-06-12
200702504,이연오메프라졸캡슐,이연오메프라졸캡슐,오메프라졸,,True,relation_card,False,MFDS nedrug,internal.medistack_v0_3_aliases,2026-06-12
200403772,코러스오메프라졸캡슐,코러스오메프라졸캡슐,오메프라졸,,True,relation_card,False,MFDS nedrug,internal.medistack_v0_3_aliases,2026-06-12
201706222,"가나플럭스정20/1100밀리그램(오메프라졸,탄산수소나트륨)","가나플럭스정20/1100밀리그램(오메프라졸,탄산수소나트륨)",오메프라졸,,True,relation_card,False,MFDS nedrug,internal.medistack_v0_3_aliases,2026-06-12
201504045,"가나플럭스정40/1100밀리그램(오메프라졸,탄산수소나트륨)","가나플럭스정40/1100밀리그램(오메프라졸,탄산수소나트륨)",오메프라졸,,True,relation_card,False,MFDS nedrug,internal.medistack_v0_3_aliases,2026-06-12
202601398,"오메드플러스정10/300mg(오메프라졸,침강탄산칼슘)","오메드플러스정10/300mg(오메프라졸,침강탄산칼슘)",오메프라졸,,True,relation_card,False,MFDS nedrug,internal.medistack_v0_3_aliases,2026-06-12
202601399,"오메드플러스정20/600mg(오메프라졸,침강탄산칼슘)","오메드플러스정20/600mg(오메프라졸,침강탄산칼슘)",오메프라졸,,True,relation_card,False,MFDS nedrug,internal.medistack_v0_3_aliases,2026-06-12
201706221,제로시드정20/1100밀리그램,제로시드정20/1100밀리그램,오메프라졸,,True,relation_card,False,MFDS nedrug,internal.medistack_v0_3_aliases,2026-06-12
201504046,제로시드정40/1100밀리그램,제로시드정40/1100밀리그램,오메프라졸,,True,relation_card,False,MFDS nedrug,internal.medistack_v0_3_aliases,2026-06-12
200209850,미카르디스플러스정40/12.5밀리그램,미카르디스플러스정40/12.5밀리그램,히드로클로로티아지드,,True,relation_card,False,MFDS nedrug,internal.medistack_v0_3_aliases,2026-06-12
200209851,미카르디스플러스정80/12.5밀리그램,미카르디스플러스정80/12.5밀리그램,히드로클로로티아지드,,True,relation_card,False,MFDS nedrug,internal.medistack_v0_3_aliases,2026-06-12
200600123,로자살탄플러스정,로자살탄플러스정,히드로클로로티아지드,,True,relation_card,False,MFDS nedrug,internal.medistack_v0_3_aliases,2026-06-12
200607657,로제트플러스정,로제트플러스정,히드로클로로티아지드,,True,relation_card,False,MFDS nedrug,internal.medistack_v0_3_aliases,2026-06-12
200607668,"로자칼플러스정(로사르탄칼륨, 히드로클로로티아지드)","로자칼플러스정(로사르탄칼륨, 히드로클로로티아지드)",히드로클로로티아지드,,True,relation_card,False,MFDS nedrug,internal.medistack_v0_3_aliases,2026-06-12
200607669,"로자칼플러스에프정(로사르탄칼륨,히드로클로로티아지드)","로자칼플러스에프정(로사르탄칼륨,히드로클로로티아지드)",히드로클로로티아지드,,True,relation_card,False,MFDS nedrug,internal.medistack_v0_3_aliases,2026-06-12
200607692,국제로잘탄플러스에프정,국제로잘탄플러스에프정,히드로클로로티아지드,,True,relation_card,False,MFDS nedrug,internal.medistack_v0_3_aliases,2026-06-12
200607693,국제로잘탄플러스정,국제로잘탄플러스정,히드로클로로티아지드,,True,relation_card,False,MFDS nedrug,internal.medistack_v0_3_aliases,2026-06-12
200607707,로살탄플러스정,로살탄플러스정,히드로클로로티아지드,,True,relation_card,False,MFDS nedrug,internal.medistack_v0_3_aliases,2026-06-12
200607776,로자타플러스정,로자타플러스정,히드로클로로티아지드,,True,relation_card,False,MFDS nedrug,internal.medistack_v0_3_aliases,2026-06-12
200607777,로자타플러스에프정,로자타플러스에프정,히드로클로로티아지드,,True,relation_card,False,MFDS nedrug,internal.medistack_v0_3_aliases,2026-06-12
200607818,"로핀플러스정(로사르탄칼륨, 히드로클로로티아지드)","로핀플러스정(로사르탄칼륨, 히드로클로로티아지드)",히드로클로로티아지드,,True,relation_card,False,MFDS nedrug,internal.medistack_v0_3_aliases,2026-06-12
200607907,뉴로탄플러스정,뉴로탄플러스정,히드로클로로티아지드,,True,relation_card,False,MFDS nedrug,internal.medistack_v0_3_aliases,2026-06-12
200607908,뉴로탄플러스에프정,뉴로탄플러스에프정,히드로클로로티아지드,,True,relation_card,False,MFDS nedrug,internal.medistack_v0_3_aliases,2026-06-12
200607930,로잘플러스정,로잘플러스정,히드로클로로티아지드,,True,relation_card,False,MFDS nedrug,internal.medistack_v0_3_aliases,2026-06-12
200607941,로사플러스정,로사플러스정,히드로클로로티아지드,,True,relation_card,False,MFDS nedrug,internal.medistack_v0_3_aliases,2026-06-12
200607942,로사플러스-에프정,로사플러스-에프정,히드로클로로티아지드,,True,relation_card,False,MFDS nedrug,internal.medistack_v0_3_aliases,2026-06-12
200607957,로자틴플러스정,로자틴플러스정,히드로클로로티아지드,,True,relation_card,False,MFDS nedrug,internal.medistack_v0_3_aliases,2026-06-12
200607958,로자틴플러스에프정,로자틴플러스에프정,히드로클로로티아지드,,True,relation_card,False,MFDS nedrug,internal.medistack_v0_3_aliases,2026-06-12
200608192,로더플러스정,로더플러스정,히드로클로로티아지드,,True,relation_card,False,MFDS nedrug,internal.medistack_v0_3_aliases,2026-06-12
200608219,로사트플러스정,로사트플러스정,히드로클로로티아지드,,True,relation_card,False,MFDS nedrug,internal.medistack_v0_3_aliases,2026-06-12
200608254,로사닌플러스에프정,로사닌플러스에프정,히드로클로로티아지드,,True,relation_card,False,MFDS nedrug,internal.medistack_v0_3_aliases,2026-06-12
200608255,로사닌플러스정,로사닌플러스정,히드로클로로티아지드,,True,relation_card,False,MFDS nedrug,internal.medistack_v0_3_aliases,2026-06-12
200611369,대한뉴팜로잘탄플러스정,대한뉴팜로잘탄플러스정,히드로클로로티아지드,,True,relation_card,False,MFDS nedrug,internal.medistack_v0_3_aliases,2026-06-12
200700234,로지텐플러스정,로지텐플러스정,히드로클로로티아지드,,True,relation_card,False,MFDS nedrug,internal.medistack_v0_3_aliases,2026-06-12
200700468,로자살탄플러스에프정,로자살탄플러스에프정,히드로클로로티아지드,,True,relation_card,False,MFDS nedrug,internal.medistack_v0_3_aliases,2026-06-12
200700470,루자탄플러스정,루자탄플러스정,히드로클로로티아지드,,True,relation_card,False,MFDS nedrug,internal.medistack_v0_3_aliases,2026-06-12
200701917,로사맥스플러스정,로사맥스플러스정,히드로클로로티아지드,,True,relation_card,False,MFDS nedrug,internal.medistack_v0_3_aliases,2026-06-12
200703169,로사타플러스정,로사타플러스정,히드로클로로티아지드,,True,relation_card,False,MFDS nedrug,internal.medistack_v0_3_aliases,2026-06-12
200703170,로사타플러스에프정,로사타플러스에프정,히드로클로로티아지드,,True,relation_card,False,MFDS nedrug,internal.medistack_v0_3_aliases,2026-06-12
200707373,로제틴플러스정,로제틴플러스정,히드로클로로티아지드,,True,relation_card,False,MFDS nedrug,internal.medistack_v0_3_aliases,2026-06-12
200708264,로자신플러스정,로자신플러스정,히드로클로로티아지드,,True,relation_card,False,MFDS nedrug,internal.medistack_v0_3_aliases,2026-06-12
200805901,맥스디오플러스정160/12.5mg,맥스디오플러스정160/12.5mg,히드로클로로티아지드,,True,relation_card,False,MFDS nedrug,internal.medistack_v0_3_aliases,2026-06-12
200805919,맥스디오플러스정80/12.5mg,맥스디오플러스정80/12.5mg,히드로클로로티아지드,,True,relation_card,False,MFDS nedrug,internal.medistack_v0_3_aliases,2026-06-12
200806640,네오반플러스정,네오반플러스정,히드로클로로티아지드,,True,relation_card,False,MFDS nedrug,internal.medistack_v0_3_aliases,2026-06-12
200807090,디로탄플러스정,디로탄플러스정,히드로클로로티아지드,,True,relation_card,False,MFDS nedrug,internal.medistack_v0_3_aliases,2026-06-12
200807430,듀오살탄정80/12.5밀리그램,듀오살탄정80/12.5밀리그램,히드로클로로티아지드,,True,relation_card,False,MFDS nedrug,internal.medistack_v0_3_aliases,2026-06-12
200807431,듀오살탄정160/12.5밀리그램,듀오살탄정160/12.5밀리그램,히드로클로로티아지드,,True,relation_card,False,MFDS nedrug,internal.medistack_v0_3_aliases,2026-06-12
200808244,듀오탄정80/12.5mg,듀오탄정80/12.5mg,히드로클로로티아지드,,True,relation_card,False,MFDS nedrug,internal.medistack_v0_3_aliases,2026-06-12
200808245,듀오탄정160/12.5mg,듀오탄정160/12.5mg,히드로클로로티아지드,,True,relation_card,False,MFDS nedrug,internal.medistack_v0_3_aliases,2026-06-12
200808247,"디로탄플러스정160/12.5mg(발사르탄, 히드로클로로티아지드)","디로탄플러스정160/12.5mg(발사르탄, 히드로클로로티아지드)",히드로클로로티아지드,,True,relation_card,False,MFDS nedrug,internal.medistack_v0_3_aliases,2026-06-12
200808248,로자살탄플러스프로정,로자살탄플러스프로정,히드로클로로티아지드,,True,relation_card,False,MFDS nedrug,internal.medistack_v0_3_aliases,2026-06-12
200809464,로자탐플러스에프정,로자탐플러스에프정,히드로클로로티아지드,,True,relation_card,False,MFDS nedrug,internal.medistack_v0_3_aliases,2026-06-12
200809791,로자탐플러스정,로자탐플러스정,히드로클로로티아지드,,True,relation_card,False,MFDS nedrug,internal.medistack_v0_3_aliases,2026-06-12
200904344,"고려칸데사르탄플러스정(칸데사르탄실렉세틸,히드로클로로티아지드)","고려칸데사르탄플러스정(칸데사르탄실렉세틸,히드로클로로티아지드)",히드로클로로티아지드,,True,relation_card,False,MFDS nedrug,internal.medistack_v0_3_aliases,2026-06-12
200906926,데잘탄플러스정16/12.5밀리그램,데잘탄플러스정16/12.5밀리그램,히드로클로로티아지드,,True,relation_card,False,MFDS nedrug,internal.medistack_v0_3_aliases,2026-06-12
201000877,미카탄플러스정40/12.5밀리그램,미카탄플러스정40/12.5밀리그램,히드로클로로티아지드,,True,relation_card,False,MFDS nedrug,internal.medistack_v0_3_aliases,2026-06-12
201000878,미카탄플러스정80/12.5밀리그램,미카탄플러스정80/12.5밀리그램,히드로클로로티아지드,,True,relation_card,False,MFDS nedrug,internal.medistack_v0_3_aliases,2026-06-12
201005059,미카탄플러스정80/25밀리그램,미카탄플러스정80/25밀리그램,히드로클로로티아지드,,True,relation_card,False,MFDS nedrug,internal.medistack_v0_3_aliases,2026-06-12
201203611,디발탄플러스정80/12.5밀리그램,디발탄플러스정80/12.5밀리그램,히드로클로로티아지드,,True,relation_card,False,MFDS nedrug,internal.medistack_v0_3_aliases,2026-06-12
201207594,미카테르플러스정80/25밀리그램,미카테르플러스정80/25밀리그램,히드로클로로티아지드,,True,relation_card,False,MFDS nedrug,internal.medistack_v0_3_aliases,2026-06-12
201208433,글로아타플러스정,글로아타플러스정,히드로클로로티아지드,,True,relation_card,False,MFDS nedrug,internal.medistack_v0_3_aliases,2026-06-12
201208653,미카테르플러스정40/12.5밀리그램,미카테르플러스정40/12.5밀리그램,히드로클로로티아지드,,True,relation_card,False,MFDS nedrug,internal.medistack_v0_3_aliases,2026-06-12
201208654,미카테르플러스정80/12.5밀리그램,미카테르플러스정80/12.5밀리그램,히드로클로로티아지드,,True,relation_card,False,MFDS nedrug,internal.medistack_v0_3_aliases,2026-06-12
201307931,라코르정60/12.5밀리그램,라코르정60/12.5밀리그램,히드로클로로티아지드,,True,relation_card,False,MFDS nedrug,internal.medistack_v0_3_aliases,2026-06-12
201308504,로우텍플러스정20/12.5밀리그램,로우텍플러스정20/12.5밀리그램,히드로클로로티아지드,,True,relation_card,False,MFDS nedrug,internal.medistack_v0_3_aliases,2026-06-12
201309443,라코르정120/12.5밀리그램,라코르정120/12.5밀리그램,히드로클로로티아지드,,True,relation_card,False,MFDS nedrug,internal.medistack_v0_3_aliases,2026-06-12
201310295,로사탄플러스정,로사탄플러스정,히드로클로로티아지드,,True,relation_card,False,MFDS nedrug,internal.medistack_v0_3_aliases,2026-06-12
201310333,로자플엠정,로자플엠정,히드로클로로티아지드,,True,relation_card,False,MFDS nedrug,internal.medistack_v0_3_aliases,2026-06-12
201400053,로카탄플러스정,로카탄플러스정,히드로클로로티아지드,,True,relation_card,False,MFDS nedrug,internal.medistack_v0_3_aliases,2026-06-12
201400438,로카탄플러스프로정,로카탄플러스프로정,히드로클로로티아지드,,True,relation_card,False,MFDS nedrug,internal.medistack_v0_3_aliases,2026-06-12
201400931,로카탄플러스에프정,로카탄플러스에프정,히드로클로로티아지드,,True,relation_card,False,MFDS nedrug,internal.medistack_v0_3_aliases,2026-06-12
201403269,바사탄플러스정80/12.5밀리그램,바사탄플러스정80/12.5밀리그램,히드로클로로티아지드,,True,relation_card,False,MFDS nedrug,internal.medistack_v0_3_aliases,2026-06-12
201403270,바사탄플러스정160/12.5밀리그램,바사탄플러스정160/12.5밀리그램,히드로클로로티아지드,,True,relation_card,False,MFDS nedrug,internal.medistack_v0_3_aliases,2026-06-12
201404809,로탄플러스정,로탄플러스정,히드로클로로티아지드,,True,relation_card,False,MFDS nedrug,internal.medistack_v0_3_aliases,2026-06-12
201405989,로잘핀플러스정,로잘핀플러스정,히드로클로로티아지드,,True,relation_card,False,MFDS nedrug,internal.medistack_v0_3_aliases,2026-06-12
201500210,네오칸데플러스정,네오칸데플러스정,히드로클로로티아지드,,True,relation_card,False,MFDS nedrug,internal.medistack_v0_3_aliases,2026-06-12
201500534,대화로자탄플러스에프정,대화로자탄플러스에프정,히드로클로로티아지드,,True,relation_card,False,MFDS nedrug,internal.medistack_v0_3_aliases,2026-06-12
201503630,미카르텔미플러스정40/12.5밀리그램,미카르텔미플러스정40/12.5밀리그램,히드로클로로티아지드,,True,relation_card,False,MFDS nedrug,internal.medistack_v0_3_aliases,2026-06-12
201503631,미카르텔미플러스정80/12.5밀리그램,미카르텔미플러스정80/12.5밀리그램,히드로클로로티아지드,,True,relation_card,False,MFDS nedrug,internal.medistack_v0_3_aliases,2026-06-12
201507998,바레탄플러스정80/12.5mg,바레탄플러스정80/12.5mg,히드로클로로티아지드,,True,relation_card,False,MFDS nedrug,internal.medistack_v0_3_aliases,2026-06-12
201507999,바레탄플러스정160/12.5mg,바레탄플러스정160/12.5mg,히드로클로로티아지드,,True,relation_card,False,MFDS nedrug,internal.medistack_v0_3_aliases,2026-06-12
201508003,로자인플러스정,로자인플러스정,히드로클로로티아지드,,True,relation_card,False,MFDS nedrug,internal.medistack_v0_3_aliases,2026-06-12
201508004,로자인플러스에프정,로자인플러스에프정,히드로클로로티아지드,,True,relation_card,False,MFDS nedrug,internal.medistack_v0_3_aliases,2026-06-12
201602890,바르반플러스정80/12.5mg,바르반플러스정80/12.5mg,히드로클로로티아지드,,True,relation_card,False,MFDS nedrug,internal.medistack_v0_3_aliases,2026-06-12
201603746,디오브이플러스정160/12.5mg,디오브이플러스정160/12.5mg,히드로클로로티아지드,,True,relation_card,False,MFDS nedrug,internal.medistack_v0_3_aliases,2026-06-12
201603747,디오브이플러스정80/12.5mg,디오브이플러스정80/12.5mg,히드로클로로티아지드,,True,relation_card,False,MFDS nedrug,internal.medistack_v0_3_aliases,2026-06-12
201603967,"로우탄플러스정(올메사르탄메독소밀, 히드로클로로티아지드)","로우탄플러스정(올메사르탄메독소밀, 히드로클로로티아지드)",히드로클로로티아지드,,True,relation_card,False,MFDS nedrug,internal.medistack_v0_3_aliases,2026-06-12
201605524,미르토플러스정80/12.5mg,미르토플러스정80/12.5mg,히드로클로로티아지드,,True,relation_card,False,MFDS nedrug,internal.medistack_v0_3_aliases,2026-06-12
201701098,미르텔플러스정40/12.5밀리그램,미르텔플러스정40/12.5밀리그램,히드로클로로티아지드,,True,relation_card,False,MFDS nedrug,internal.medistack_v0_3_aliases,2026-06-12
201701099,미르텔플러스정80/12.5밀리그램,미르텔플러스정80/12.5밀리그램,히드로클로로티아지드,,True,relation_card,False,MFDS nedrug,internal.medistack_v0_3_aliases,2026-06-12
201705814,로사르플러스정,로사르플러스정,히드로클로로티아지드,,True,relation_card,False,MFDS nedrug,internal.medistack_v0_3_aliases,2026-06-12
201708478,로자탈플러스정,로자탈플러스정,히드로클로로티아지드,,True,relation_card,False,MFDS nedrug,internal.medistack_v0_3_aliases,2026-06-12
201802209,미르토플러스정40/12.5mg,미르토플러스정40/12.5mg,히드로클로로티아지드,,True,relation_card,False,MFDS nedrug,internal.medistack_v0_3_aliases,2026-06-12
201802623,로사틴플러스에프정,로사틴플러스에프정,히드로클로로티아지드,,True,relation_card,False,MFDS nedrug,internal.medistack_v0_3_aliases,2026-06-12
201804954,로사윈플러스정,로사윈플러스정,히드로클로로티아지드,,True,relation_card,False,MFDS nedrug,internal.medistack_v0_3_aliases,2026-06-12
201805261,뉴비카플러스정5/40/12.5밀리그램,뉴비카플러스정5/40/12.5밀리그램,히드로클로로티아지드,,True,relation_card,False,MFDS nedrug,internal.medistack_v0_3_aliases,2026-06-12
201805262,뉴비카플러스정5/20/12.5밀리그램,뉴비카플러스정5/20/12.5밀리그램,히드로클로로티아지드,,True,relation_card,False,MFDS nedrug,internal.medistack_v0_3_aliases,2026-06-12
201805263,뉴비카플러스정10/40/12.5밀리그램,뉴비카플러스정10/40/12.5밀리그램,히드로클로로티아지드,,True,relation_card,False,MFDS nedrug,internal.medistack_v0_3_aliases,2026-06-12
201900767,로우비카에이치씨티정5/40/12.5밀리그램,로우비카에이치씨티정5/40/12.5밀리그램,히드로클로로티아지드,,True,relation_card,False,MFDS nedrug,internal.medistack_v0_3_aliases,2026-06-12
201900768,로우비카에이치씨티정5/20/12.5밀리그램,로우비카에이치씨티정5/20/12.5밀리그램,히드로클로로티아지드,,True,relation_card,False,MFDS nedrug,internal.medistack_v0_3_aliases,2026-06-12
201900774,로우비카에이치씨티정10/40/12.5밀리그램,로우비카에이치씨티정10/40/12.5밀리그램,히드로클로로티아지드,,True,relation_card,False,MFDS nedrug,internal.medistack_v0_3_aliases,2026-06-12
201903555,로코탄플러스정,로코탄플러스정,히드로클로로티아지드,,True,relation_card,False,MFDS nedrug,internal.medistack_v0_3_aliases,2026-06-12
201903559,"미살탄플러스정80/12.5밀리그램(텔미사르탄, 히드로클로로티아지드)","미살탄플러스정80/12.5밀리그램(텔미사르탄, 히드로클로로티아지드)",히드로클로로티아지드,,True,relation_card,False,MFDS nedrug,internal.medistack_v0_3_aliases,2026-06-12
201903560,"미살탄플러스정40/12.5밀리그램(텔미사르탄, 히드로클로로티아지드)","미살탄플러스정40/12.5밀리그램(텔미사르탄, 히드로클로로티아지드)",히드로클로로티아지드,,True,relation_card,False,MFDS nedrug,internal.medistack_v0_3_aliases,2026-06-12
201904374,로사탈플러스정,로사탈플러스정,히드로클로로티아지드,,True,relation_card,False,MFDS nedrug,internal.medistack_v0_3_aliases,2026-06-12
201906270,로사르플러스에프정,로사르플러스에프정,히드로클로로티아지드,,True,relation_card,False,MFDS nedrug,internal.medistack_v0_3_aliases,2026-06-12
201906383,로사텍플러스정,로사텍플러스정,히드로클로로티아지드,,True,relation_card,False,MFDS nedrug,internal.medistack_v0_3_aliases,2026-06-12
201907293,뉴코사르플러스정,뉴코사르플러스정,히드로클로로티아지드,,True,relation_card,False,MFDS nedrug,internal.medistack_v0_3_aliases,2026-06-12
202000328,로사크로디정,로사크로디정,히드로클로로티아지드,,True,relation_card,False,MFDS nedrug,internal.medistack_v0_3_aliases,2026-06-12
202000847,로자딘플러스정,로자딘플러스정,히드로클로로티아지드,,True,relation_card,False,MFDS nedrug,internal.medistack_v0_3_aliases,2026-06-12
202001518,메가텔미클정40/12.5밀리그램,메가텔미클정40/12.5밀리그램,히드로클로로티아지드,,True,relation_card,False,MFDS nedrug,internal.medistack_v0_3_aliases,2026-06-12
202001999,로사텍플러스에프정,로사텍플러스에프정,히드로클로로티아지드,,True,relation_card,False,MFDS nedrug,internal.medistack_v0_3_aliases,2026-06-12
202002694,로메탄에이치씨티정10/40/12.5밀리그램,로메탄에이치씨티정10/40/12.5밀리그램,히드로클로로티아지드,,True,relation_card,False,MFDS nedrug,internal.medistack_v0_3_aliases,2026-06-12
202002697,로메탄에이치씨티정5/40/12.5밀리그램,로메탄에이치씨티정5/40/12.5밀리그램,히드로클로로티아지드,,True,relation_card,False,MFDS nedrug,internal.medistack_v0_3_aliases,2026-06-12
202002698,로메탄에이치씨티정5/20/12.5밀리그램,로메탄에이치씨티정5/20/12.5밀리그램,히드로클로로티아지드,,True,relation_card,False,MFDS nedrug,internal.medistack_v0_3_aliases,2026-06-12
202003085,메가텔미클정80/12.5밀리그램,메가텔미클정80/12.5밀리그램,히드로클로로티아지드,,True,relation_card,False,MFDS nedrug,internal.medistack_v0_3_aliases,2026-06-12
202201263,듀카브플러스정60/10/12.5밀리그램,듀카브플러스정60/10/12.5밀리그램,히드로클로로티아지드,,True,relation_card,False,MFDS nedrug,internal.medistack_v0_3_aliases,2026-06-12
202201264,듀카브플러스정60/5/12.5밀리그램,듀카브플러스정60/5/12.5밀리그램,히드로클로로티아지드,,True,relation_card,False,MFDS nedrug,internal.medistack_v0_3_aliases,2026-06-12
202201265,듀카브플러스정30/5/12.5밀리그램,듀카브플러스정30/5/12.5밀리그램,히드로클로로티아지드,,True,relation_card,False,MFDS nedrug,internal.medistack_v0_3_aliases,2026-06-12
202201266,듀카브플러스정60/10/25밀리그램,듀카브플러스정60/10/25밀리그램,히드로클로로티아지드,,True,relation_card,False,MFDS nedrug,internal.medistack_v0_3_aliases,2026-06-12
202202455,듀카브플러스정60/5/25밀리그램,듀카브플러스정60/5/25밀리그램,히드로클로로티아지드,,True,relation_card,False,MFDS nedrug,internal.medistack_v0_3_aliases,2026-06-12
199900886,레보플록사신수화물정,레보플록사신수화물정,레보플록사신,,True,relation_card,False,MFDS nedrug,internal.medistack_v0_3_aliases,2026-06-12
199901094,시프로민정250밀리그램,시프로민정250밀리그램,시프로플록사신,,True,relation_card,False,MFDS nedrug,internal.medistack_v0_3_aliases,2026-06-12
198000105,국제독시사이클린하이클레이트수화물캡슐100mg,국제독시사이클린하이클레이트수화물캡슐100mg,독시사이클린,,True,relation_card,False,MFDS nedrug,internal.medistack_v0_3_aliases,2026-06-12
201903264,씬지로이드정,씬지로이드정,레보티록신,,True,relation_card,False,MFDS nedrug,internal.medistack_v0_3_aliases,2026-06-12
200709701,바이포민서방정500mg,바이포민서방정500mg,메트포르민,,True,relation_card,False,MFDS nedrug,internal.medistack_v0_3_aliases,2026-06-12
200411095,오메라졸캡슐,오메라졸캡슐,오메프라졸,,True,relation_card,False,MFDS nedrug,internal.medistack_v0_3_aliases,2026-06-12
196400037,라식스정,라식스정,푸로세미드,,True,relation_card,False,MFDS nedrug,internal.medistack_v0_3_aliases,2026-06-12
196000008,다이크로짇정,다이크로짇정,히드로클로로티아지드,,True,relation_card,False,MFDS nedrug,internal.medistack_v0_3_aliases,2026-06-12
198600307,제일타리비드정,제일타리비드정,오플록사신,,True,relation_card,False,MFDS nedrug,internal.medistack_v0_3_aliases,2026-06-12
201402438,리목스정400mg,리목스정400mg,목시플록사신,,True,relation_card,False,MFDS nedrug,internal.medistack_v0_3_aliases,2026-06-12
198501028,미노씬캡슐50mg,미노씬캡슐50mg,미노사이클린,,True,relation_card,False,MFDS nedrug,internal.medistack_v0_3_aliases,2026-06-12
200009061,포사맥스70밀리그램정,포사맥스70밀리그램정,알렌드론산,,True,relation_card,False,MFDS nedrug,internal.medistack_v0_3_aliases,2026-06-12
200611522,토렘정5밀리그람,토렘정5밀리그람,토라세미드,,True,relation_card,False,MFDS nedrug,internal.medistack_v0_3_aliases,2026-06-12
202002523,건트라셋서방정,건트라셋서방정,아세트아미노펜/트라마돌염산염,건일바이오팜주식회사,False,name_only,True,MFDS nedrug,nedrug.searchDrug,2026-06-12
202002522,건트라셋세미서방정,건트라셋세미서방정,아세트아미노펜/트라마돌염산염,건일바이오팜주식회사,False,name_only,True,MFDS nedrug,nedrug.searchDrug,2026-06-12
202107495,게보린브이정(아세트아미노펜),게보린브이정(아세트아미노펜),아세트아미노펜,삼진제약(주),False,name_only,True,MFDS nedrug,nedrug.searchDrug,2026-06-12
202501561,광동콜에스액,광동콜에스액,아세트아미노펜/구아이페네신/에페드린염산염/클로르페니라민말레산염/카페인무수물,광동제약(주),False,name_only,True,MFDS nedrug,nedrug.searchDrug,2026-06-12
201404328,광동탕에이액,광동탕에이액,감초/건강/육계/대추/작약/아세트아미노펜,광동제약(주),False,name_only,True,MFDS nedrug,nedrug.searchDrug,2026-06-12
201908635,광동탕엠액,광동탕엠액,감초/육계/행인/마황/아세트아미노펜,광동제약(주),False,name_only,True,MFDS nedrug,nedrug.searchDrug,2026-06-12
201906521,굿트라셋세미정,굿트라셋세미정,트라마돌염산염/아세트아미노펜,(주)다산제약,False,name_only,True,MFDS nedrug,nedrug.searchDrug,2026-06-12
201800309,굿트라셋정,굿트라셋정,트라마돌염산염/아세트아미노펜,(주)다산제약,False,name_only,True,MFDS nedrug,nedrug.searchDrug,2026-06-12
202302051,건일이부프로펜연질캡슐400밀리그램,건일이부프로펜연질캡슐400밀리그램,이부프로펜,건일제약(주),False,name_only,True,MFDS nedrug,nedrug.searchDrug,2026-06-12
202007294,게보린릴랙스연질캡슐,게보린릴랙스연질캡슐,이부프로펜/산화마그네슘,삼진제약(주),False,name_only,True,MFDS nedrug,nedrug.searchDrug,2026-06-12
201908295,게보린소프트연질캡슐,게보린소프트연질캡슐,이부프로펜/파마브롬,삼진제약(주),False,name_only,True,MFDS nedrug,nedrug.searchDrug,2026-06-12
202107347,그날엔더블유연질캡슐,그날엔더블유연질캡슐,이부프로펜/파마브롬/산화마그네슘/리보플라빈,경동제약(주),False,name_only,True,MFDS nedrug,nedrug.searchDrug,2026-06-12
200902301,그날엔정,그날엔정,이부프로펜/알릴이소프로필아세틸우레아/카페인무수물,경동제약(주),False,name_only,True,MFDS nedrug,nedrug.searchDrug,2026-06-12
200906330,그날엔큐정,그날엔큐정,이부프로펜/알릴이소프로필아세틸우레아/카페인무수물/산화마그네슘,경동제약(주),False,name_only,True,MFDS nedrug,nedrug.searchDrug,2026-06-12
202202367,글로펜주(이부프로펜),글로펜주(이부프로펜),이부프로펜,(주)킵스바이오파마,False,name_only,True,MFDS nedrug,nedrug.searchDrug,2026-06-12
199501735,넬슨이부프로펜정200밀리그램(이부프로펜),넬슨이부프로펜정200밀리그램(이부프로펜),이부프로펜,한국넬슨제약(주),False,name_only,True,MFDS nedrug,nedrug.searchDrug,2026-06-12
200900682,굿스펜연질캡슐(덱시부프로펜),굿스펜연질캡슐(덱시부프로펜),덱시부프로펜,광동제약(주),False,name_only,True,MFDS nedrug,nedrug.searchDrug,2026-06-12
201903015,그날엔덱스연질캡슐(덱시부프로펜),그날엔덱스연질캡슐(덱시부프로펜),덱시부프로펜,경동제약(주),False,name_only,True,MFDS nedrug,nedrug.searchDrug,2026-06-12
200202148,그리펜-에스정(덱시부프로펜),그리펜-에스정(덱시부프로펜),덱시부프로펜,신일제약(주),False,name_only,True,MFDS nedrug,nedrug.searchDrug,2026-06-12
201207377,글로덱시정300mg(덱시부프로펜),글로덱시정300mg(덱시부프로펜),덱시부프로펜,(주)킵스바이오파마,False,name_only,True,MFDS nedrug,nedrug.searchDrug,2026-06-12
202600946,뇌신퀵연질캡슐(덱시부프로펜),뇌신퀵연질캡슐(덱시부프로펜),덱시부프로펜,씨에이치디제약주식회사,False,name_only,True,MFDS nedrug,nedrug.searchDrug,2026-06-12
200709010,다산덱시부프로펜정400밀리그램(덱시부프로펜디.씨),다산덱시부프로펜정400밀리그램(덱시부프로펜디.씨),덱시부프로펜 디.씨.,(주)다산제약,False,name_only,True,MFDS nedrug,nedrug.searchDrug,2026-06-12
202401681,다펜덱시연질캡슐(덱시부프로펜),다펜덱시연질캡슐(덱시부프로펜),덱시부프로펜,조아제약(주),False,name_only,True,MFDS nedrug,nedrug.searchDrug,2026-06-12
201005795,닥스펜시럽(덱시부프로펜),닥스펜시럽(덱시부프로펜),덱시부프로펜,(주)바이넥스,False,name_only,True,MFDS nedrug,nedrug.searchDrug,2026-06-12
201403474,경남나프록센연질캡슐,경남나프록센연질캡슐,나프록센,경남제약(주),False,name_only,True,MFDS nedrug,nedrug.searchDrug,2026-06-12
199401319,나로펜정(나프록센나트륨),나로펜정(나프록센나트륨),나프록센나트륨,오스틴제약(주),False,name_only,True,MFDS nedrug,nedrug.searchDrug,2026-06-12
201403877,나리센연질캡슐(나프록센),나리센연질캡슐(나프록센),나프록센,주식회사제뉴원사이언스,False,name_only,True,MFDS nedrug,nedrug.searchDrug,2026-06-12
201306491,나쎈연질캡슐(나프록센),나쎈연질캡슐(나프록센),나프록센,신일제약(주),False,name_only,True,MFDS nedrug,nedrug.searchDrug,2026-06-12
201401095,나에겐연질캡슐(나프록센),나에겐연질캡슐(나프록센),나프록센,(주)마더스제약,False,name_only,True,MFDS nedrug,nedrug.searchDrug,2026-06-12
202502112,나콕스펜연질캡슐(나프록센),나콕스펜연질캡슐(나프록센),나프록센,주식회사 제이비케이랩,False,name_only,True,MFDS nedrug,nedrug.searchDrug,2026-06-12
200500806,나프노펜정(나프록센나트륨),나프노펜정(나프록센나트륨),나프록센나트륨,(주)일화,False,name_only,True,MFDS nedrug,nedrug.searchDrug,2026-06-12
201701248,나프록소정(나프록센나트륨),나프록소정(나프록센나트륨),나프록센나트륨,오스템파마주식회사,False,name_only,True,MFDS nedrug,nedrug.searchDrug,2026-06-12
201603007,뉴마탈CR정(아세클로페낙),뉴마탈cr정(아세클로페낙),아세클로페낙,(주)바이넥스,False,name_only,True,MFDS nedrug,nedrug.searchDrug,2026-06-12
200300458,뉴마탈정(아세클로페낙),뉴마탈정(아세클로페낙),아세클로페낙,(주)바이넥스,False,name_only,True,MFDS nedrug,nedrug.searchDrug,2026-06-12
201603474,뉴세페낙정100밀리그램(아세클로페낙),뉴세페낙정100밀리그램(아세클로페낙),아세클로페낙,안국뉴팜(주),False,name_only,True,MFDS nedrug,nedrug.searchDrug,2026-06-12
201601665,뉴클로페낙정(아세클로페낙),뉴클로페낙정(아세클로페낙),아세클로페낙,(주)알피바이오,False,name_only,True,MFDS nedrug,nedrug.searchDrug,2026-06-12
201600166,대웅바이오아세클로페낙정100밀리그램,대웅바이오아세클로페낙정100밀리그램,아세클로페낙,대웅바이오(주),False,name_only,True,MFDS nedrug,nedrug.searchDrug,2026-06-12
201903453,독립아세클로페낙정,독립아세클로페낙정,아세클로페낙,독립바이오제약(주),False,name_only,True,MFDS nedrug,nedrug.searchDrug,2026-06-12
201401490,동성아세클로페낙정,동성아세클로페낙정,아세클로페낙,동성제약(주),False,name_only,True,MFDS nedrug,nedrug.searchDrug,2026-06-12
201603004,레세낙CR정(아세클로페낙),레세낙cr정(아세클로페낙),아세클로페낙,(주)바스칸바이오제약,False,name_only,True,MFDS nedrug,nedrug.searchDrug,2026-06-12
202400559,게보핏스트롱카타플라스마(디클로페낙나트륨),게보핏스트롱카타플라스마(디클로페낙나트륨),디클로페낙나트륨,삼진제약(주),False,name_only,True,MFDS nedrug,nedrug.searchDrug,2026-06-12
201708500,게보핏파워플라스타(디클로페낙나트륨),게보핏파워플라스타(디클로페낙나트륨),디클로페낙나트륨,삼진제약(주),False,name_only,True,MFDS nedrug,nedrug.searchDrug,2026-06-12
201800891,그날엔딥24플라스타(디클로페낙나트륨),그날엔딥24플라스타(디클로페낙나트륨),디클로페낙나트륨,경동제약(주),False,name_only,True,MFDS nedrug,nedrug.searchDrug,2026-06-12
201606827,글로페낙주(디클로페낙나트륨),글로페낙주(디클로페낙나트륨),디클로페낙나트륨,(주)킵스바이오파마,False,name_only,True,MFDS nedrug,nedrug.searchDrug,2026-06-12
199900298,나바론크림(디클로페낙디에틸암모늄),나바론크림(디클로페낙디에틸암모늄),디클로페낙디에틸암모늄,(주)에이프로젠바이오로직스,False,name_only,True,MFDS nedrug,nedrug.searchDrug,2026-06-12
200705800,노펜24첩부제(디클로페낙디에틸암모늄),노펜24첩부제(디클로페낙디에틸암모늄),디클로페낙디에틸암모늄,제이더블유중외제약(주),False,name_only,True,MFDS nedrug,nedrug.searchDrug,2026-06-12
201803842,노펜24쿨플라스타(디클로페낙나트륨),노펜24쿨플라스타(디클로페낙나트륨),디클로페낙나트륨,제이더블유중외제약(주),False,name_only,True,MFDS nedrug,nedrug.searchDrug,2026-06-12
200502687,뉴베타주2mL(디클로페낙β-디메틸아미노에탄올),뉴베타주2ml(디클로페낙β-디메틸아미노에탄올),디클로페낙β-디메틸아미노에탄올,케이엠에스제약(주),False,name_only,True,MFDS nedrug,nedrug.searchDrug,2026-06-12
201903721,뉴록시캄캡슐7.5밀리그램(멜록시캄),뉴록시캄캡슐7.5밀리그램(멜록시캄),멜록시캄,(주)다산제약,False,name_only,True,MFDS nedrug,nedrug.searchDrug,2026-06-12
200300030,뉴시캄캡슐7.5밀리그램(멜록시캄),뉴시캄캡슐7.5밀리그램(멜록시캄),멜록시캄,신풍제약(주),False,name_only,True,MFDS nedrug,nedrug.searchDrug,2026-06-12
201300144,대웅바이오멜록시캄캡슐15밀리그램,대웅바이오멜록시캄캡슐15밀리그램,멜록시캄,대웅바이오(주),False,name_only,True,MFDS nedrug,nedrug.searchDrug,2026-06-12
201300020,대웅바이오멜록시캄캡슐7.5밀리그램,대웅바이오멜록시캄캡슐7.5밀리그램,멜록시캄,대웅바이오(주),False,name_only,True,MFDS nedrug,nedrug.searchDrug,2026-06-12
201402419,록시칼캡슐(멜록시캄),록시칼캡슐(멜록시캄),멜록시캄,화일약품(주),False,name_only,True,MFDS nedrug,nedrug.searchDrug,2026-06-12
200400320,록시캄캡슐(멜록시캄),록시캄캡슐(멜록시캄),멜록시캄,일동제약(주),False,name_only,True,MFDS nedrug,nedrug.searchDrug,2026-06-12
201706872,록캄캡슐(멜록시캄),록캄캡슐(멜록시캄),멜록시캄,(주)중헌제약,False,name_only,True,MFDS nedrug,nedrug.searchDrug,2026-06-12
201207083,류멜캡슐15밀리그램(멜록시캄),류멜캡슐15밀리그램(멜록시캄),멜록시캄,한림제약(주),False,name_only,True,MFDS nedrug,nedrug.searchDrug,2026-06-12
201305793,경보록소프로펜나트륨수화물정,경보록소프로펜나트륨수화물정,록소프로펜나트륨수화물,(주)경보제약,False,name_only,True,MFDS nedrug,nedrug.searchDrug,2026-06-12
201208997,광동록소프로펜나트륨수화물정,광동록소프로펜나트륨수화물정,록소프로펜나트륨수화물,광동제약(주),False,name_only,True,MFDS nedrug,nedrug.searchDrug,2026-06-12
201507215,노펜24센카타플라스마(록소프로펜나트륨수화물),노펜24센카타플라스마(록소프로펜나트륨수화물),록소프로펜나트륨수화물,제이더블유중외제약(주),False,name_only,True,MFDS nedrug,nedrug.searchDrug,2026-06-12
200402945,"녹사펜정

(록소프로펜나트륨수화물)",녹사펜정 (록소프로펜나트륨수화물),록소프로펜나트륨수화물,영풍제약(주),False,name_only,True,MFDS nedrug,nedrug.searchDrug,2026-06-12
201602693,뉴록소로나정(록소프로펜나트륨수화물),뉴록소로나정(록소프로펜나트륨수화물),록소프로펜나트륨수화물,안국뉴팜(주),False,name_only,True,MFDS nedrug,nedrug.searchDrug,2026-06-12
201402867,대웅바이오록소프로펜정(록소프로펜나트륨수화물),대웅바이오록소프로펜정(록소프로펜나트륨수화물),록소프로펜나트륨수화물,대웅바이오(주),False,name_only,True,MFDS nedrug,nedrug.searchDrug,2026-06-12
199900143,동광록소프로펜정(록소프로펜나트륨수화물),동광록소프로펜정(록소프로펜나트륨수화물),록소프로펜나트륨수화물,동광제약(주),False,name_only,True,MFDS nedrug,nedrug.searchDrug,2026-06-12
199300848,동화록소닌정(록소프로펜나트륨수화물),동화록소닌정(록소프로펜나트륨수화물),록소프로펜나트륨수화물,동화약품(주),False,name_only,True,MFDS nedrug,nedrug.searchDrug,2026-06-12
200801933,대한케토롤락트로메타민주,대한케토롤락트로메타민주,케토롤락트로메타민염,대한약품공업(주),False,name_only,True,MFDS nedrug,nedrug.searchDrug,2026-06-12
201101934,아큐베일점안액0.45%(케토롤락트로메타민염)(1회용),아큐베일점안액0.45%(케토롤락트로메타민염)(1회용),케토롤락트로메타민염,한국애브비(주),False,name_only,True,MFDS nedrug,nedrug.searchDrug,2026-06-12
201907574,유니온케토롤락주(케토롤락트로메타민염),유니온케토롤락주(케토롤락트로메타민염),케토롤락트로메타민염,한국유니온제약(주),False,name_only,True,MFDS nedrug,nedrug.searchDrug,2026-06-12
201700525,케라신주(케토롤락트로메타민),케라신주(케토롤락트로메타민),케토롤락트로메타민,삼진제약(주),False,name_only,True,MFDS nedrug,nedrug.searchDrug,2026-06-12
199700240,케로라주(케토롤락트로메타민염),케로라주(케토롤락트로메타민염),케토롤락트로메타민염,동광제약(주),False,name_only,True,MFDS nedrug,nedrug.searchDrug,2026-06-12
200301719,케로민주사(케토롤락트로메타민염),케로민주사(케토롤락트로메타민염),케토롤락트로메타민염,하나제약(주),False,name_only,True,MFDS nedrug,nedrug.searchDrug,2026-06-12
199500043,케토라신정(케토롤락트로메타민),케토라신정(케토롤락트로메타민),케토롤락트로메타민,동국제약(주),False,name_only,True,MFDS nedrug,nedrug.searchDrug,2026-06-12
200102265,케토란주(케토롤락트로메타민),케토란주(케토롤락트로메타민),케토롤락트로메타민,경동제약(주),False,name_only,True,MFDS nedrug,nedrug.searchDrug,2026-06-12
198801776,경동캄펙스주50밀리그램(트라마돌염산염),경동캄펙스주50밀리그램(트라마돌염산염),트라마돌염산염,경동제약(주),False,name_only,True,MFDS nedrug,nedrug.searchDrug,2026-06-12
201310500,노통펜프러스미니정,노통펜프러스미니정,트라마돌염산염/아세트아미노펜,화일약품(주),False,name_only,True,MFDS nedrug,nedrug.searchDrug,2026-06-12
200804821,노통펜프러스정,노통펜프러스정,트라마돌염산염/아세트아미노펜,화일약품(주),False,name_only,True,MFDS nedrug,nedrug.searchDrug,2026-06-12
200709910,뉴트라셋세미정,뉴트라셋세미정,아세트아미노펜/트라마돌염산염,(주)경보제약,False,name_only,True,MFDS nedrug,nedrug.searchDrug,2026-06-12
200709909,뉴트라셋정,뉴트라셋정,아세트아미노펜/트라마돌염산염,(주)경보제약,False,name_only,True,MFDS nedrug,nedrug.searchDrug,2026-06-12
201603986,뉴트라정,뉴트라정,아세트아미노펜/트라마돌염산염,안국뉴팜(주),False,name_only,True,MFDS nedrug,nedrug.searchDrug,2026-06-12
201903792,다노펜세미정,다노펜세미정,트라마돌염산염/아세트아미노펜,(주)한풍제약,False,name_only,True,MFDS nedrug,nedrug.searchDrug,2026-06-12
201903793,다노펜정,다노펜정,트라마돌염산염/아세트아미노펜,(주)한풍제약,False,name_only,True,MFDS nedrug,nedrug.searchDrug,2026-06-12
199400448,건일로딘서방정600밀리그램(미분화에토돌락),건일로딘서방정600밀리그램(미분화에토돌락),미분화에토돌락,건일제약(주),False,name_only,True,MFDS nedrug,nedrug.searchDrug,2026-06-12
198700366,건일로딘정200밀리그램(미분화에토돌락),건일로딘정200밀리그램(미분화에토돌락),미분화에토돌락,건일제약(주),False,name_only,True,MFDS nedrug,nedrug.searchDrug,2026-06-12
199900417,로딘엑스엘정400밀리그램(미분화에토돌락),로딘엑스엘정400밀리그램(미분화에토돌락),미분화에토돌락,건일제약(주),False,name_only,True,MFDS nedrug,nedrug.searchDrug,2026-06-12
199102606,에토딘캡슐(에토돌락),에토딘캡슐(에토돌락),에토돌락,명문제약(주),False,name_only,True,MFDS nedrug,nedrug.searchDrug,2026-06-12
199901211,토세락정400밀리그램(미분화에토돌락),토세락정400밀리그램(미분화에토돌락),미분화에토돌락,환인제약(주),False,name_only,True,MFDS nedrug,nedrug.searchDrug,2026-06-12
200203496,구멘틴375밀리그램정,구멘틴375밀리그램정,아목시실린수화물/묽은클라불란산칼륨,한국프라임제약(주),False,name_only,True,MFDS nedrug,nedrug.searchDrug,2026-06-12
200203498,구멘틴시럽(7:1)[아목시실린.클라불란산칼륨(7:1)],구멘틴시럽(7:1)[아목시실린.클라불란산칼륨(7:1)],아목시실린수화물/묽은클라불란산칼륨,한국프라임제약(주),False,name_only,True,MFDS nedrug,nedrug.searchDrug,2026-06-12
201308652,구멘틴정625밀리그램(아목시실린수화물·묽은클라불란산칼륨),구멘틴정625밀리그램(아목시실린수화물·묽은클라불란산칼륨),아목시실린수화물/묽은클라불란산칼륨,한국프라임제약(주),False,name_only,True,MFDS nedrug,nedrug.searchDrug,2026-06-12
201207241,"글로실린듀오시럽(아목시실린,클라불란산칼륨(7:1))","글로실린듀오시럽(아목시실린,클라불란산칼륨(7:1))",아목시실린수화물/묽은클라불란산칼륨,메딕스제약(주),False,name_only,True,MFDS nedrug,nedrug.searchDrug,2026-06-12
201406162,글로실린정375mg,글로실린정375mg,아목시실린수화물/묽은클라불란산칼륨,(주)킵스바이오파마,False,name_only,True,MFDS nedrug,nedrug.searchDrug,2026-06-12
201406163,글로실린정625mg,글로실린정625mg,아목시실린수화물/묽은클라불란산칼륨,(주)킵스바이오파마,False,name_only,True,MFDS nedrug,nedrug.searchDrug,2026-06-12
200400366,"나노크라정375mg[아목시실린,클라불란산칼륨(2:1)]","나노크라정375mg[아목시실린,클라불란산칼륨(2:1)]",아목시실린수화물/묽은클라불란산칼륨,한올바이오파마(주),False,name_only,True,MFDS nedrug,nedrug.searchDrug,2026-06-12
201601671,넥모클린듀오시럽(아목시실린-클라불란산칼륨(7:1)),넥모클린듀오시럽(아목시실린-클라불란산칼륨(7:1)),아목시실린수화물/묽은클라불란산칼륨,(주)넥스팜코리아,False,name_only,True,MFDS nedrug,nedrug.searchDrug,2026-06-12
200403720,경보세파클러건조시럽25mg/mL(세파클러수화물),경보세파클러건조시럽25mg/ml(세파클러수화물),세파클러수화물,(주)경보제약,False,name_only,True,MFDS nedrug,nedrug.searchDrug,2026-06-12
200302420,경보세파클러캡슐,경보세파클러캡슐,세파클러수화물,(주)경보제약,False,name_only,True,MFDS nedrug,nedrug.searchDrug,2026-06-12
201402355,고려세파클러캡슐(세파클러수화물),고려세파클러캡슐(세파클러수화물),세파클러수화물,고려제약(주),False,name_only,True,MFDS nedrug,nedrug.searchDrug,2026-06-12
200301912,광동세파클러캡슐(세파클러수화물),광동세파클러캡슐(세파클러수화물),세파클러수화물,광동제약(주),False,name_only,True,MFDS nedrug,nedrug.searchDrug,2026-06-12
200611092,글로세파클러서방정375밀리그램(세파클러수화물),글로세파클러서방정375밀리그램(세파클러수화물),세파클러수화물,(주)킵스바이오파마,False,name_only,True,MFDS nedrug,nedrug.searchDrug,2026-06-12
199601169,네오세프건조시럽125밀리그람/5밀리리터(세파클러수화물),네오세프건조시럽125밀리그람/5밀리리터(세파클러수화물),세파클러수화물,진양제약(주),False,name_only,True,MFDS nedrug,nedrug.searchDrug,2026-06-12
199400948,네오세프캡슐(세파클러수화물),네오세프캡슐(세파클러수화물),세파클러수화물,진양제약(주),False,name_only,True,MFDS nedrug,nedrug.searchDrug,2026-06-12
199702163,넬슨세파클러캡슐250밀리그램(세파클러수화물),넬슨세파클러캡슐250밀리그램(세파클러수화물),세파클러수화물,한국넬슨제약(주),False,name_only,True,MFDS nedrug,nedrug.searchDrug,2026-06-12
201707028,경보세푸록심악세틸정250밀리그램,경보세푸록심악세틸정250밀리그램,세푸록심악세틸,(주)경보제약,False,name_only,True,MFDS nedrug,nedrug.searchDrug,2026-06-12
201403735,글로세푸록심정(세푸록심악세틸),글로세푸록심정(세푸록심악세틸),세푸록심악세틸,(주)킵스바이오파마,False,name_only,True,MFDS nedrug,nedrug.searchDrug,2026-06-12
200411029,뉴록심정(세푸록심악세틸),뉴록심정(세푸록심악세틸),세푸록심악세틸,(주)동구바이오제약,False,name_only,True,MFDS nedrug,nedrug.searchDrug,2026-06-12
199601841,대화세푸록심나트륨주1.5그람,대화세푸록심나트륨주1.5그람,세푸록심나트륨,대화제약(주),False,name_only,True,MFDS nedrug,nedrug.searchDrug,2026-06-12
201403509,동광세푸록심악세틸정,동광세푸록심악세틸정,세푸록심악세틸,동광제약(주),False,name_only,True,MFDS nedrug,nedrug.searchDrug,2026-06-12
202003076,라이트세푸록심정250밀리그램(세푸록심악세틸),라이트세푸록심정250밀리그램(세푸록심악세틸),세푸록심악세틸,(주)라이트팜텍,False,name_only,True,MFDS nedrug,nedrug.searchDrug,2026-06-12
200500613,바이넥스세푸록심나트륨주,바이넥스세푸록심나트륨주,세푸록심나트륨,(주)바이넥스,False,name_only,True,MFDS nedrug,nedrug.searchDrug,2026-06-12
202001476,삼세틸정(세푸록심악세틸),삼세틸정(세푸록심악세틸),세푸록심악세틸,삼성제약(주),False,name_only,True,MFDS nedrug,nedrug.searchDrug,2026-06-12
200712298,세프다나세립(세프디니르),세프다나세립(세프디니르),세프디니르,대웅바이오(주),False,name_only,True,MFDS nedrug,nedrug.searchDrug,2026-06-12
200711458,세프다나캡슐100밀리그램(세프디니르),세프다나캡슐100밀리그램(세프디니르),세프디니르,대웅바이오(주),False,name_only,True,MFDS nedrug,nedrug.searchDrug,2026-06-12
200709156,세프디어세립(세프디니르),세프디어세립(세프디니르),세프디니르,한미약품(주),False,name_only,True,MFDS nedrug,nedrug.searchDrug,2026-06-12
200707142,세프디어캡슐100밀리그램(세프디니르),세프디어캡슐100밀리그램(세프디니르),세프디니르일수화물,한미약품(주),False,name_only,True,MFDS nedrug,nedrug.searchDrug,2026-06-12
200704063,애니세프세립(세프디니르),애니세프세립(세프디니르),세프디니르,(주)유한양행,False,name_only,True,MFDS nedrug,nedrug.searchDrug,2026-06-12
200607731,애니세프캡슐100밀리그램(세프디니르),애니세프캡슐100밀리그램(세프디니르),세프디니르,(주)유한양행,False,name_only,True,MFDS nedrug,nedrug.searchDrug,2026-06-12
199800687,옴니세프세립소아용(세프디니르),옴니세프세립소아용(세프디니르),세프디니르,제일약품(주),False,name_only,True,MFDS nedrug,nedrug.searchDrug,2026-06-12
199800677,옴니세프캡슐100밀리그램(세프디니르),옴니세프캡슐100밀리그램(세프디니르),세프디니르,제일약품(주),False,name_only,True,MFDS nedrug,nedrug.searchDrug,2026-06-12
200713804,대웅아지트로마이신건조시럽(아지트로마이신수화물),대웅아지트로마이신건조시럽(아지트로마이신수화물),아지트로마이신수화물,(주)대웅제약,False,name_only,True,MFDS nedrug,nedrug.searchDrug,2026-06-12
202107186,아마이신정250밀리그램(아지트로마이신수화물),아마이신정250밀리그램(아지트로마이신수화물),아지트로마이신수화물,경동제약(주),False,name_only,True,MFDS nedrug,nedrug.searchDrug,2026-06-12
201206611,아지로맥스정250밀리그램(아지트로마이신수화물),아지로맥스정250밀리그램(아지트로마이신수화물),아지트로마이신수화물,제일약품(주),False,name_only,True,MFDS nedrug,nedrug.searchDrug,2026-06-12
200708447,아지로신정250밀리그램(아지트로마이신수화물),아지로신정250밀리그램(아지트로마이신수화물),아지트로마이신수화물,코오롱제약(주),False,name_only,True,MFDS nedrug,nedrug.searchDrug,2026-06-12
200801059,아지맥스건조시럽(아지트로마이신수화물),아지맥스건조시럽(아지트로마이신수화물),아지트로마이신수화물,주식회사제뉴원사이언스,False,name_only,True,MFDS nedrug,nedrug.searchDrug,2026-06-12
200801991,아지탑스건조시럽(아지트로마이신수화물),아지탑스건조시럽(아지트로마이신수화물),아지트로마이신수화물,일동제약(주),False,name_only,True,MFDS nedrug,nedrug.searchDrug,2026-06-12
200808168,아지탑스정250밀리그램(아지트로마이신수화물),아지탑스정250밀리그램(아지트로마이신수화물),아지트로마이신수화물,일동제약(주),False,name_only,True,MFDS nedrug,nedrug.searchDrug,2026-06-12
200807127,아지탑스주사500밀리그램(아지트로마이신수화물),아지탑스주사500밀리그램(아지트로마이신수화물),아지트로마이신수화물,일동제약(주),False,name_only,True,MFDS nedrug,nedrug.searchDrug,2026-06-12
201206325,광동클래리트로마이신건조시럽125mg/5mL,광동클래리트로마이신건조시럽125mg/5ml,클래리트로마이신제피과립,광동제약(주),False,name_only,True,MFDS nedrug,nedrug.searchDrug,2026-06-12
201603564,뉴클래토정250밀리그램(클래리트로마이신),뉴클래토정250밀리그램(클래리트로마이신),클래리트로마이신,안국뉴팜(주),False,name_only,True,MFDS nedrug,nedrug.searchDrug,2026-06-12
201211108,대웅바이오클래리트로마이신정500mg(클래리트로마이신),대웅바이오클래리트로마이신정500mg(클래리트로마이신),클래리트로마이신,대웅바이오(주),False,name_only,True,MFDS nedrug,nedrug.searchDrug,2026-06-12
201211101,대웅바이오클래리트로마이신정250mg(클래리트로마이신),대웅바이오클래리트로마이신정250mg(클래리트로마이신),클래리트로마이신,대웅바이오(주),False,name_only,True,MFDS nedrug,nedrug.searchDrug,2026-06-12
201403521,대웅바이오클래리트로마이신건조시럽125mg/5mL,대웅바이오클래리트로마이신건조시럽125mg/5ml,클래리트로마이신제피과립,대웅바이오(주),False,name_only,True,MFDS nedrug,nedrug.searchDrug,2026-06-12
201402294,동광클래리트로마이신정,동광클래리트로마이신정,클래리트로마이신,동광제약(주),False,name_only,True,MFDS nedrug,nedrug.searchDrug,2026-06-12
202003888,래트로신정250mg(클래리트로마이신),래트로신정250mg(클래리트로마이신),클래리트로마이신,한국넬슨제약(주),False,name_only,True,MFDS nedrug,nedrug.searchDrug,2026-06-12
202003887,래트로신정500mg(클래리트로마이신),래트로신정500mg(클래리트로마이신),클래리트로마이신,한국넬슨제약(주),False,name_only,True,MFDS nedrug,nedrug.searchDrug,2026-06-12
201206968,글록신정(록시트로마이신),글록신정(록시트로마이신),록시트로마이신,(주)킵스바이오파마,False,name_only,True,MFDS nedrug,nedrug.searchDrug,2026-06-12
199700233,동광록시트로마이신정,동광록시트로마이신정,록시트로마이신,동광제약(주),False,name_only,True,MFDS nedrug,nedrug.searchDrug,2026-06-12
200404616,로마이신정(록시트로마이신),로마이신정(록시트로마이신),록시트로마이신,성원애드콕제약(주),False,name_only,True,MFDS nedrug,nedrug.searchDrug,2026-06-12
200403426,로미록신정(록시트로마이신),로미록신정(록시트로마이신),록시트로마이신,삼익제약(주),False,name_only,True,MFDS nedrug,nedrug.searchDrug,2026-06-12
199700870,로미신정150밀리그람(록시트로마이신),로미신정150밀리그람(록시트로마이신),록시트로마이신,대우제약(주),False,name_only,True,MFDS nedrug,nedrug.searchDrug,2026-06-12
201908110,로이트정150밀리그램(록시트로마이신),로이트정150밀리그램(록시트로마이신),록시트로마이신,(주)라이트팜텍,False,name_only,True,MFDS nedrug,nedrug.searchDrug,2026-06-12
199701009,로지드정(록시트로마이신),로지드정(록시트로마이신),록시트로마이신,(주)일화,False,name_only,True,MFDS nedrug,nedrug.searchDrug,2026-06-12
200202127,로큐신정(록시트로마이신),로큐신정(록시트로마이신),록시트로마이신,신일제약(주),False,name_only,True,MFDS nedrug,nedrug.searchDrug,2026-06-12
200603930,로도질정,로도질정,스피라마이신/메트로니다졸,(주)사노피-아벤티스코리아,False,name_only,True,MFDS nedrug,nedrug.searchDrug,2026-06-12
201905935,로멕스겔(메트로니다졸),로멕스겔(메트로니다졸),메트로니다졸,주식회사더유제약,False,name_only,True,MFDS nedrug,nedrug.searchDrug,2026-06-12
199907229,로섹스겔0.75%(메트로니다졸),로섹스겔0.75%(메트로니다졸),메트로니다졸,갈더마코리아(주),False,name_only,True,MFDS nedrug,nedrug.searchDrug,2026-06-12
199902024,메로겔(메트로니다졸),메로겔(메트로니다졸),메트로니다졸,(주)비씨월드제약,False,name_only,True,MFDS nedrug,nedrug.searchDrug,2026-06-12
199500289,메트리날주(메트로니다졸제제),메트리날주(메트로니다졸제제),메트로니다졸,대한약품공업(주),False,name_only,True,MFDS nedrug,nedrug.searchDrug,2026-06-12
198400094,트리젤주(메트로니다졸),트리젤주(메트로니다졸),메트로니다졸,제이더블유중외제약(주),False,name_only,True,MFDS nedrug,nedrug.searchDrug,2026-06-12
199900910,후라니졸주(메트로니다졸),후라니졸주(메트로니다졸),메트로니다졸,알보젠코리아(주),False,name_only,True,MFDS nedrug,nedrug.searchDrug,2026-06-12
196500004,후라시닐정(메트로니다졸),후라시닐정(메트로니다졸),메트로니다졸,에이치케이이노엔(주),False,name_only,True,MFDS nedrug,nedrug.searchDrug,2026-06-12
202101417,끌로이외용액(클린다마이신포스페이트),끌로이외용액(클린다마이신포스페이트),클린다마이신포스페이트,(주)다산제약,False,name_only,True,MFDS nedrug,nedrug.searchDrug,2026-06-12
200404620,다크린외용액(클린다마이신포스페이트),다크린외용액(클린다마이신포스페이트),클린다마이신포스페이트,(주)나노팜,False,name_only,True,MFDS nedrug,nedrug.searchDrug,2026-06-12
201404255,듀악겔3%,듀악겔3%,클린다마이신포스페이트/함수과산화벤조일,(주)글락소스미스클라인,False,name_only,True,MFDS nedrug,nedrug.searchDrug,2026-06-12
200511069,듀악겔5%,듀악겔5%,클린다마이신포스페이트/함수과산화벤조일,(주)글락소스미스클라인,False,name_only,True,MFDS nedrug,nedrug.searchDrug,2026-06-12
200604218,듀오크린액(클린다마이신포스페이트),듀오크린액(클린다마이신포스페이트),클린다마이신포스페이트,동성제약(주),False,name_only,True,MFDS nedrug,nedrug.searchDrug,2026-06-12
201304631,듀케이겔,듀케이겔,클린다마이신포스페이트/가수과산화벤조일,주식회사제뉴원사이언스,False,name_only,True,MFDS nedrug,nedrug.searchDrug,2026-06-12
200902102,아크네신액(클린다마이신포스페이트),아크네신액(클린다마이신포스페이트),클린다마이신포스페이트,(주)퍼슨,False,name_only,True,MFDS nedrug,nedrug.searchDrug,2026-06-12
200401344,아크닌액(클린다마이신포스페이트),아크닌액(클린다마이신포스페이트),클린다마이신포스페이트,(주)메디카코리아,False,name_only,True,MFDS nedrug,nedrug.searchDrug,2026-06-12
199800361,경보세프트리악손나트륨수화물주1그램,경보세프트리악손나트륨수화물주1그램,세프트리악손나트륨수화물,(주)경보제약,False,name_only,True,MFDS nedrug,nedrug.searchDrug,2026-06-12
200801381,경보세프트리악손나트륨수화물주2그램,경보세프트리악손나트륨수화물주2그램,세프트리악손나트륨수화물,(주)경보제약,False,name_only,True,MFDS nedrug,nedrug.searchDrug,2026-06-12
201505061,국제세프트리악손나트륨수화물주2그램,국제세프트리악손나트륨수화물주2그램,세프트리악손나트륨수화물,국제약품(주),False,name_only,True,MFDS nedrug,nedrug.searchDrug,2026-06-12
199400355,국제세프트리악손나트륨수화물주1그램,국제세프트리악손나트륨수화물주1그램,세프트리악손나트륨수화물,국제약품(주),False,name_only,True,MFDS nedrug,nedrug.searchDrug,2026-06-12
199400351,국제세프트리악손나트륨수화물주500밀리그람,국제세프트리악손나트륨수화물주500밀리그람,세프트리악손나트륨수화물,국제약품(주),False,name_only,True,MFDS nedrug,nedrug.searchDrug,2026-06-12
201206390,글로트리악손주1g(세프트리악손나트륨수화물),글로트리악손주1g(세프트리악손나트륨수화물),세프트리악손나트륨수화물,(주)킵스바이오파마,False,name_only,True,MFDS nedrug,nedrug.searchDrug,2026-06-12
199802137,넬악손주1그램(세프트리악손나트륨수화물),넬악손주1그램(세프트리악손나트륨수화물),세프트리악손나트륨수화물,한국넬슨제약(주),False,name_only,True,MFDS nedrug,nedrug.searchDrug,2026-06-12
201904567,넬악손주2그램(세프트리악손나트륨수화물),넬악손주2그램(세프트리악손나트륨수화물),세프트리악손나트륨수화물,한국넬슨제약(주),False,name_only,True,MFDS nedrug,nedrug.searchDrug,2026-06-12
201200678,바시클로버정500mg(발라시클로비르염산염),바시클로버정500mg(발라시클로비르염산염),발라시클로비르염산염,(주)휴온스,False,name_only,True,MFDS nedrug,nedrug.searchDrug,2026-06-12
202502293,바클레어정500밀리그램(발라시클로비르염산염),바클레어정500밀리그램(발라시클로비르염산염),발라시클로비르염산염,에이치엘비제약(주),False,name_only,True,MFDS nedrug,nedrug.searchDrug,2026-06-12
200907763,발라렉스정(발라시클로비르염산염),발라렉스정(발라시클로비르염산염),발라시클로비르염산염,(주)비씨월드제약,False,name_only,True,MFDS nedrug,nedrug.searchDrug,2026-06-12
201004693,발라시정(발라시클로비르염산염),발라시정(발라시클로비르염산염),발라시클로비르염산염,한국프라임제약(주),False,name_only,True,MFDS nedrug,nedrug.searchDrug,2026-06-12
201004718,발렉스정500mg(발라시클로비르염산염),발렉스정500mg(발라시클로비르염산염),발라시클로비르염산염,오스틴제약(주),False,name_only,True,MFDS nedrug,nedrug.searchDrug,2026-06-12
201100231,발시버정500밀리그램(발라시클로비르염산염1.5수화물),발시버정500밀리그램(발라시클로비르염산염1.5수화물),발라시클로비르염산염1.5수화물,한미약품(주),False,name_only,True,MFDS nedrug,nedrug.searchDrug,2026-06-12
201001711,발시콜정500mg(발라시클로비르염산염),발시콜정500mg(발라시클로비르염산염),발라시클로비르염산염,(주)한국비엠아이,False,name_only,True,MFDS nedrug,nedrug.searchDrug,2026-06-12
202503297,발시클로정500밀리그램(발라시클로비르염산염수화물),발시클로정500밀리그램(발라시클로비르염산염수화물),발라시클로비르염산염수화물,한국휴텍스제약(주),False,name_only,True,MFDS nedrug,nedrug.searchDrug,2026-06-12
201603475,뉴플코졸캡슐(플루코나졸),뉴플코졸캡슐(플루코나졸),플루코나졸,안국뉴팜(주),False,name_only,True,MFDS nedrug,nedrug.searchDrug,2026-06-12
200501560,다나칸캡슐(플루코나졸),다나칸캡슐(플루코나졸),플루코나졸,(주)한국파마,False,name_only,True,MFDS nedrug,nedrug.searchDrug,2026-06-12
200202853,다이플루캡슐(플루코나졸),다이플루캡슐(플루코나졸),플루코나졸,(주)서울제약,False,name_only,True,MFDS nedrug,nedrug.searchDrug,2026-06-12
200308589,다이플루캡슐150밀리그람(플루코나졸),다이플루캡슐150밀리그람(플루코나졸),플루코나졸,(주)서울제약,False,name_only,True,MFDS nedrug,nedrug.searchDrug,2026-06-12
200301483,다코나졸캡슐(플루코나졸),다코나졸캡슐(플루코나졸),플루코나졸,오스틴제약(주),False,name_only,True,MFDS nedrug,nedrug.searchDrug,2026-06-12
201304803,대우플루코나졸캡슐,대우플루코나졸캡슐,플루코나졸,대우제약(주),False,name_only,True,MFDS nedrug,nedrug.searchDrug,2026-06-12
200600116,대웅푸루나졸정150밀리그램(플루코나졸),대웅푸루나졸정150밀리그램(플루코나졸),플루코나졸,(주)대웅제약,False,name_only,True,MFDS nedrug,nedrug.searchDrug,2026-06-12
201907819,대원바이오텍플루코나졸캡슐50mg(플루코나졸),대원바이오텍플루코나졸캡슐50mg(플루코나졸),플루코나졸,대원바이오텍주식회사,False,name_only,True,MFDS nedrug,nedrug.searchDrug,2026-06-12
201210740,글로트라정(이트라코나졸고체분산체),글로트라정(이트라코나졸고체분산체),이트라코나졸고체분산체,(주)킵스바이오파마,False,name_only,True,MFDS nedrug,nedrug.searchDrug,2026-06-12
201309176,나코졸정100밀리그램(이트라코나졸),나코졸정100밀리그램(이트라코나졸),이트라코나졸,위더스제약(주),False,name_only,True,MFDS nedrug,nedrug.searchDrug,2026-06-12
200501618,대원이트라코나졸정(이트라코나졸고체분산체),대원이트라코나졸정(이트라코나졸고체분산체),이트라코나졸고체분산체,대원제약(주),False,name_only,True,MFDS nedrug,nedrug.searchDrug,2026-06-12
201309931,대화이트라코나졸정,대화이트라코나졸정,이트라코나졸,대화제약(주),False,name_only,True,MFDS nedrug,nedrug.searchDrug,2026-06-12
201307417,더이트라정(이트라코나졸고체분산체),더이트라정(이트라코나졸고체분산체),이트라코나졸고체분산체,(주)마더스제약,False,name_only,True,MFDS nedrug,nedrug.searchDrug,2026-06-12
201502419,디트라정(이트라코나졸고체분산체),디트라정(이트라코나졸고체분산체),이트라코나졸고체분산체,(주)셀트리온제약,False,name_only,True,MFDS nedrug,nedrug.searchDrug,2026-06-12
200404726,마이트라캡슐(이트라코나졸),마이트라캡슐(이트라코나졸),이트라코나졸펠렛,주식회사제뉴원사이언스,False,name_only,True,MFDS nedrug,nedrug.searchDrug,2026-06-12
202003621,메가트라캡슐(이트라코나졸),메가트라캡슐(이트라코나졸),이트라코나졸펠렛,(주)엘앤씨바이오,False,name_only,True,MFDS nedrug,nedrug.searchDrug,2026-06-12
201906902,가두에정5/10밀리그램,가두에정5/10밀리그램,아토르바스타틴칼슘/암로디핀베실산염,(주)한풍제약,False,name_only,True,MFDS nedrug,nedrug.searchDrug,2026-06-12
201906903,가두에정5/20밀리그램,가두에정5/20밀리그램,아토르바스타틴칼슘/암로디핀베실산염,(주)한풍제약,False,name_only,True,MFDS nedrug,nedrug.searchDrug,2026-06-12
202300140,건카브정30/2.5밀리그램,건카브정30/2.5밀리그램,피마사르탄칼륨삼수화물/에스암로디핀베실산염2.5수화물,건일바이오팜주식회사,False,name_only,True,MFDS nedrug,nedrug.searchDrug,2026-06-12
202300111,건카브정60/2.5밀리그램,건카브정60/2.5밀리그램,피마사르탄칼륨삼수화물/에스암로디핀베실산염2.5수화물,건일바이오팜주식회사,False,name_only,True,MFDS nedrug,nedrug.searchDrug,2026-06-12
202300091,건카브정60/5밀리그램,건카브정60/5밀리그램,피마사르탄칼륨삼수화물/에스암로디핀베실산염2.5수화물,건일바이오팜주식회사,False,name_only,True,MFDS nedrug,nedrug.searchDrug,2026-06-12
200606960,국제암로디핀정5밀리그람(암로디핀베실산염),국제암로디핀정5밀리그람(암로디핀베실산염),암로디핀베실산염,국제약품(주),False,name_only,True,MFDS nedrug,nedrug.searchDrug,2026-06-12
201404978,글로포지정10/160밀리그램,글로포지정10/160밀리그램,발사르탄/암로디핀베실산염,(주)킵스바이오파마,False,name_only,True,MFDS nedrug,nedrug.searchDrug,2026-06-12
201405855,글로포지정5/160밀리그램,글로포지정5/160밀리그램,발사르탄/암로디핀베실산염,(주)킵스바이오파마,False,name_only,True,MFDS nedrug,nedrug.searchDrug,2026-06-12
201804443,네오스타정40/10밀리그램,네오스타정40/10밀리그램,텔미사르탄/암로디핀베실산염,신일제약(주),False,name_only,True,MFDS nedrug,nedrug.searchDrug,2026-06-12
201804441,네오스타정40/5밀리그램,네오스타정40/5밀리그램,텔미사르탄/암로디핀베실산염,신일제약(주),False,name_only,True,MFDS nedrug,nedrug.searchDrug,2026-06-12
201804442,네오스타정80/5밀리그램,네오스타정80/5밀리그램,텔미사르탄/암로디핀베실산염,신일제약(주),False,name_only,True,MFDS nedrug,nedrug.searchDrug,2026-06-12
201804331,네오텔미정40밀리그램(텔미사르탄),네오텔미정40밀리그램(텔미사르탄),텔미사르탄,신일제약(주),False,name_only,True,MFDS nedrug,nedrug.searchDrug,2026-06-12
201804330,네오텔미정80밀리그램(텔미사르탄),네오텔미정80밀리그램(텔미사르탄),텔미사르탄,신일제약(주),False,name_only,True,MFDS nedrug,nedrug.searchDrug,2026-06-12
202001455,넬스타정40/10밀리그램,넬스타정40/10밀리그램,텔미사르탄/암로디핀베실산염,한국넬슨제약(주),False,name_only,True,MFDS nedrug,nedrug.searchDrug,2026-06-12
202002769,넬스타정40/5밀리그램,넬스타정40/5밀리그램,텔미사르탄/암로디핀베실산염,한국넬슨제약(주),False,name_only,True,MFDS nedrug,nedrug.searchDrug,2026-06-12
201606327,넬스타정80/5밀리그램,넬스타정80/5밀리그램,텔미사르탄/암로디핀베실산염,한국넬슨제약(주),False,name_only,True,MFDS nedrug,nedrug.searchDrug,2026-06-12
201404977,글로포지정5/80밀리그램,글로포지정5/80밀리그램,발사르탄/암로디핀베실산염,(주)킵스바이오파마,False,name_only,True,MFDS nedrug,nedrug.searchDrug,2026-06-12
201602897,네오반정160밀리그램(발사르탄),네오반정160밀리그램(발사르탄),발사르탄,신일제약(주),False,name_only,True,MFDS nedrug,nedrug.searchDrug,2026-06-12
200807366,네오반정80밀리그램(발사르탄),네오반정80밀리그램(발사르탄),발사르탄,신일제약(주),False,name_only,True,MFDS nedrug,nedrug.searchDrug,2026-06-12
201308532,네오포지정10/160밀리그램,네오포지정10/160밀리그램,발사르탄/암로디핀베실산염,한올바이오파마(주),False,name_only,True,MFDS nedrug,nedrug.searchDrug,2026-06-12
202001097,넥포정10/160밀리그램,넥포정10/160밀리그램,발사르탄/암로디핀베실산염,영일제약(주),False,name_only,True,MFDS nedrug,nedrug.searchDrug,2026-06-12
201309133,넥포정5/160밀리그램,넥포정5/160밀리그램,발사르탄/암로디핀베실산염,영일제약(주),False,name_only,True,MFDS nedrug,nedrug.searchDrug,2026-06-12
201400162,넥포정5/80밀리그램,넥포정5/80밀리그램,발사르탄/암로디핀베실산염,영일제약(주),False,name_only,True,MFDS nedrug,nedrug.searchDrug,2026-06-12
201508519,노바살탄정5/80mg,노바살탄정5/80mg,발사르탄/암로디핀베실산염,일양바이오팜(주),False,name_only,True,MFDS nedrug,nedrug.searchDrug,2026-06-12
200500391,국제로잘탄정50밀리그램(로사르탄칼륨),국제로잘탄정50밀리그램(로사르탄칼륨),로사르탄칼륨,국제약품(주),False,name_only,True,MFDS nedrug,nedrug.searchDrug,2026-06-12
201504320,노마로핀정5/100밀리그램,노마로핀정5/100밀리그램,암로디핀베실산염/로사르탄칼륨,하나제약(주),False,name_only,True,MFDS nedrug,nedrug.searchDrug,2026-06-12
201504319,노마로핀정5/50밀리그램,노마로핀정5/50밀리그램,암로디핀베실산염/로사르탄칼륨,하나제약(주),False,name_only,True,MFDS nedrug,nedrug.searchDrug,2026-06-12
201904187,뉴로사탄정100mg(로사르탄칼륨),뉴로사탄정100mg(로사르탄칼륨),로사르탄칼륨,대한뉴팜(주),False,name_only,True,MFDS nedrug,nedrug.searchDrug,2026-06-12
201904186,뉴로사탄정50mg(로사르탄칼륨),뉴로사탄정50mg(로사르탄칼륨),로사르탄칼륨,대한뉴팜(주),False,name_only,True,MFDS nedrug,nedrug.searchDrug,2026-06-12
200501420,뉴로탄정(로사르탄칼륨),뉴로탄정(로사르탄칼륨),로사르탄칼륨,한국유니온제약(주),False,name_only,True,MFDS nedrug,nedrug.searchDrug,2026-06-12
202000113,뉴로탄정100mg(로사르탄칼륨),뉴로탄정100mg(로사르탄칼륨),로사르탄칼륨,한국유니온제약(주),False,name_only,True,MFDS nedrug,nedrug.searchDrug,2026-06-12
201508481,뉴코사르정50밀리그램(로사르탄칼륨),뉴코사르정50밀리그램(로사르탄칼륨),로사르탄칼륨,(주)다산제약,False,name_only,True,MFDS nedrug,nedrug.searchDrug,2026-06-12
200908367,고려칸데사르탄정16밀리그램(칸데사르탄실렉세틸),고려칸데사르탄정16밀리그램(칸데사르탄실렉세틸),칸데사르탄실렉세틸,고려제약(주),False,name_only,True,MFDS nedrug,nedrug.searchDrug,2026-06-12
201207587,글로아타정16밀리그램(칸데사르탄실렉세틸),글로아타정16밀리그램(칸데사르탄실렉세틸),칸데사르탄실렉세틸,(주)킵스바이오파마,False,name_only,True,MFDS nedrug,nedrug.searchDrug,2026-06-12
201500209,네오칸데정16밀리그램(칸데사르탄실렉세틸),네오칸데정16밀리그램(칸데사르탄실렉세틸),칸데사르탄실렉세틸,(주)녹십자,False,name_only,True,MFDS nedrug,nedrug.searchDrug,2026-06-12
202403022,네오칸데정32밀리그램(칸데사르탄실렉세틸),네오칸데정32밀리그램(칸데사르탄실렉세틸),칸데사르탄실렉세틸,(주)녹십자,False,name_only,True,MFDS nedrug,nedrug.searchDrug,2026-06-12
202500590,네오칸데정4밀리그램(칸데사르탄실렉세틸),네오칸데정4밀리그램(칸데사르탄실렉세틸),칸데사르탄실렉세틸,(주)녹십자,False,name_only,True,MFDS nedrug,nedrug.searchDrug,2026-06-12
201500208,네오칸데정8밀리그램(칸데사르탄실렉세틸),네오칸데정8밀리그램(칸데사르탄실렉세틸),칸데사르탄실렉세틸,(주)녹십자,False,name_only,True,MFDS nedrug,nedrug.searchDrug,2026-06-12
201101757,데잘탄정16밀리그램(칸데사르탄실렉세틸),데잘탄정16밀리그램(칸데사르탄실렉세틸),칸데사르탄실렉세틸,한미약품(주),False,name_only,True,MFDS nedrug,nedrug.searchDrug,2026-06-12
201101758,데잘탄정8밀리그램(칸데사르탄실렉세틸),데잘탄정8밀리그램(칸데사르탄실렉세틸),칸데사르탄실렉세틸,한미약품(주),False,name_only,True,MFDS nedrug,nedrug.searchDrug,2026-06-12
201601778,뉴비카정10/40mg,뉴비카정10/40mg,암로디핀베실산염/올메사르탄메독소밀,대한뉴팜(주),False,name_only,True,MFDS nedrug,nedrug.searchDrug,2026-06-12
201601780,뉴비카정5/20mg,뉴비카정5/20mg,암로디핀베실산염/올메사르탄메독소밀,대한뉴팜(주),False,name_only,True,MFDS nedrug,nedrug.searchDrug,2026-06-12
201601779,뉴비카정5/40mg,뉴비카정5/40mg,암로디핀베실산염/올메사르탄메독소밀,대한뉴팜(주),False,name_only,True,MFDS nedrug,nedrug.searchDrug,2026-06-12
201500292,두비카정5/20mg,두비카정5/20mg,올메사르탄메독소밀/암로디핀베실산염,삼아제약(주),False,name_only,True,MFDS nedrug,nedrug.searchDrug,2026-06-12
201405130,로메탄정10/40밀리그램,로메탄정10/40밀리그램,올메사르탄메독소밀/암로디핀베실산염,주식회사제뉴원사이언스,False,name_only,True,MFDS nedrug,nedrug.searchDrug,2026-06-12
201405132,로메탄정5/20밀리그램,로메탄정5/20밀리그램,올메사르탄메독소밀/암로디핀베실산염,주식회사제뉴원사이언스,False,name_only,True,MFDS nedrug,nedrug.searchDrug,2026-06-12
201405131,로메탄정5/40밀리그램,로메탄정5/40밀리그램,올메사르탄메독소밀/암로디핀베실산염,주식회사제뉴원사이언스,False,name_only,True,MFDS nedrug,nedrug.searchDrug,2026-06-12
201406169,리비카정10/40밀리그램,리비카정10/40밀리그램,올메사르탄메독소밀/암로디핀베실산염,한국프라임제약(주),False,name_only,True,MFDS nedrug,nedrug.searchDrug,2026-06-12
201309481,"로벨리토정150/10밀리그램(이르베사르탄,아토르바스타틴)","로벨리토정150/10밀리그램(이르베사르탄,아토르바스타틴)",아토르바스타틴칼슘삼수화물/이르베사르탄,한미약품(주),False,name_only,True,MFDS nedrug,nedrug.searchDrug,2026-06-12
201309480,"로벨리토정150/20밀리그램(이르베사르탄,아토르바스타틴)","로벨리토정150/20밀리그램(이르베사르탄,아토르바스타틴)",아토르바스타틴칼슘삼수화물/이르베사르탄,한미약품(주),False,name_only,True,MFDS nedrug,nedrug.searchDrug,2026-06-12
201401984,"로벨리토정300/10밀리그램(이르베사르탄,아토르바스타틴)","로벨리토정300/10밀리그램(이르베사르탄,아토르바스타틴)",아토르바스타틴칼슘삼수화물/이르베사르탄,한미약품(주),False,name_only,True,MFDS nedrug,nedrug.searchDrug,2026-06-12
201401985,"로벨리토정300/20밀리그램(이르베사르탄,아토르바스타틴)","로벨리토정300/20밀리그램(이르베사르탄,아토르바스타틴)",아토르바스타틴칼슘삼수화물/이르베사르탄,한미약품(주),False,name_only,True,MFDS nedrug,nedrug.searchDrug,2026-06-12
201707330,셀프로벨정150밀리그램(이르베사르탄),셀프로벨정150밀리그램(이르베사르탄),이르베사르탄,(주)셀트리온제약,False,name_only,True,MFDS nedrug,nedrug.searchDrug,2026-06-12
200907798,아이살탄정150mg(이르베사르탄),아이살탄정150mg(이르베사르탄),이르베사르탄,명인제약(주),False,name_only,True,MFDS nedrug,nedrug.searchDrug,2026-06-12
201404443,아이살탄정300mg(이르베사르탄),아이살탄정300mg(이르베사르탄),이르베사르탄,명인제약(주),False,name_only,True,MFDS nedrug,nedrug.searchDrug,2026-06-12
200800335,아이자탄정150밀리그램(이르베사르탄),아이자탄정150밀리그램(이르베사르탄),이르베사르탄,동화약품(주),False,name_only,True,MFDS nedrug,nedrug.searchDrug,2026-06-12
200400825,베타드렌정(비소프롤롤푸마르산염),베타드렌정(비소프롤롤푸마르산염),비소프롤롤푸마르산염,(주)일화,False,name_only,True,MFDS nedrug,nedrug.searchDrug,2026-06-12
200201524,베타원정(비소프롤롤푸마르산염),베타원정(비소프롤롤푸마르산염),비소프롤롤푸마르산염,(주)셀릭스,False,name_only,True,MFDS nedrug,nedrug.searchDrug,2026-06-12
200401319,베타프롤정(비소프롤롤푸마르산염),베타프롤정(비소프롤롤푸마르산염),비소프롤롤푸마르산염,일양약품(주),False,name_only,True,MFDS nedrug,nedrug.searchDrug,2026-06-12
200401383,비소폴정(비소프롤롤푸마르산염),비소폴정(비소프롤롤푸마르산염),비소프롤롤푸마르산염,진양제약(주),False,name_only,True,MFDS nedrug,nedrug.searchDrug,2026-06-12
201405617,콩브럭정1.25밀리그램(비소프롤롤푸마르산염),콩브럭정1.25밀리그램(비소프롤롤푸마르산염),비소프롤롤푸마르산염,에리슨제약(주),False,name_only,True,MFDS nedrug,nedrug.searchDrug,2026-06-12
201600298,콩브럭정10밀리그램(비소프롤롤푸마르산염),콩브럭정10밀리그램(비소프롤롤푸마르산염),비소프롤롤푸마르산염,에리슨제약(주),False,name_only,True,MFDS nedrug,nedrug.searchDrug,2026-06-12
201404183,콩브럭정2.5밀리그램(비소프롤롤푸마르산염),콩브럭정2.5밀리그램(비소프롤롤푸마르산염),비소프롤롤푸마르산염,에리슨제약(주),False,name_only,True,MFDS nedrug,nedrug.searchDrug,2026-06-12
200402318,콩브럭정5밀리그램(비소프롤롤푸마르산염),콩브럭정5밀리그램(비소프롤롤푸마르산염),비소프롤롤푸마르산염,에리슨제약(주),False,name_only,True,MFDS nedrug,nedrug.searchDrug,2026-06-12
201907207,건카베딜정12.5밀리그램(카르베딜롤),건카베딜정12.5밀리그램(카르베딜롤),카르베딜롤,건일바이오팜주식회사,False,name_only,True,MFDS nedrug,nedrug.searchDrug,2026-06-12
201907208,건카베딜정25밀리그램(카르베딜롤),건카베딜정25밀리그램(카르베딜롤),카르베딜롤,건일바이오팜주식회사,False,name_only,True,MFDS nedrug,nedrug.searchDrug,2026-06-12
201302990,경보카르베딜롤정,경보카르베딜롤정,카르베딜롤,(주)경보제약,False,name_only,True,MFDS nedrug,nedrug.searchDrug,2026-06-12
201206939,글로디올정(카르베딜롤),글로디올정(카르베딜롤),카르베딜롤,(주)킵스바이오파마,False,name_only,True,MFDS nedrug,nedrug.searchDrug,2026-06-12
201805113,뉴딜렌정12.5밀리그램(카르베딜롤),뉴딜렌정12.5밀리그램(카르베딜롤),카르베딜롤,(주)다산제약,False,name_only,True,MFDS nedrug,nedrug.searchDrug,2026-06-12
201805114,뉴딜렌정25밀리그램(카르베딜롤),뉴딜렌정25밀리그램(카르베딜롤),카르베딜롤,(주)다산제약,False,name_only,True,MFDS nedrug,nedrug.searchDrug,2026-06-12
201603872,뉴카르벨로정12.5밀리그램(카르베딜롤),뉴카르벨로정12.5밀리그램(카르베딜롤),카르베딜롤,안국뉴팜(주),False,name_only,True,MFDS nedrug,nedrug.searchDrug,2026-06-12
201603873,뉴카르벨로정25밀리그램(카르베딜롤),뉴카르벨로정25밀리그램(카르베딜롤),카르베딜롤,안국뉴팜(주),False,name_only,True,MFDS nedrug,nedrug.searchDrug,2026-06-12
199200869,딜테란서방캡슐(딜티아젬아시딕폴리머콤플렉스),딜테란서방캡슐(딜티아젬아시딕폴리머콤플렉스),딜티아젬아시딕폴리머콤플렉스,알보젠코리아(주),False,name_only,True,MFDS nedrug,nedrug.searchDrug,2026-06-12
199200870,딜테란서방캡슐180밀리그램(딜티아젬아시딕폴리머콤플렉스),딜테란서방캡슐180밀리그램(딜티아젬아시딕폴리머콤플렉스),딜티아젬아시딕폴리머콤플렉스,알보젠코리아(주),False,name_only,True,MFDS nedrug,nedrug.searchDrug,2026-06-12
198700733,카디아젬정30밀리그램(딜티아젬염산염),카디아젬정30밀리그램(딜티아젬염산염),딜티아젬염산염,환인제약(주),False,name_only,True,MFDS nedrug,nedrug.searchDrug,2026-06-12
202106692,푸로골서방캡슐120밀리그램(딜티아젬염산염),푸로골서방캡슐120밀리그램(딜티아젬염산염),딜티아젬염산염,(주)한국유니팜,False,name_only,True,MFDS nedrug,nedrug.searchDrug,2026-06-12
202106693,푸로골서방캡슐180밀리그램(딜티아젬염산염),푸로골서방캡슐180밀리그램(딜티아젬염산염),딜티아젬염산염,(주)한국유니팜,False,name_only,True,MFDS nedrug,nedrug.searchDrug,2026-06-12
202204282,하이퍼벤서방정90밀리그램(딜티아젬염산염),하이퍼벤서방정90밀리그램(딜티아젬염산염),딜티아젬염산염,한국휴텍스제약(주),False,name_only,True,MFDS nedrug,nedrug.searchDrug,2026-06-12
198600058,헤르벤서방정90밀리그램(딜티아젬염산염),헤르벤서방정90밀리그램(딜티아젬염산염),딜티아젬염산염,에이치케이이노엔(주),False,name_only,True,MFDS nedrug,nedrug.searchDrug,2026-06-12
199400095,헤르벤서방캡슐180밀리그램(딜티아젬염산염),헤르벤서방캡슐180밀리그램(딜티아젬염산염),딜티아젬염산염,에이치케이이노엔(주),False,name_only,True,MFDS nedrug,nedrug.searchDrug,2026-06-12
200300698,트리아핀정2.5/2.5mg,트리아핀정2.5/2.5mg,펠로디핀/라미프릴,(주)한독,False,name_only,True,MFDS nedrug,nedrug.searchDrug,2026-06-12
200300699,트리아핀정5/5mg,트리아핀정5/5mg,라미프릴/펠로디핀,(주)한독,False,name_only,True,MFDS nedrug,nedrug.searchDrug,2026-06-12
199200884,트리테이스정2.5밀리그람(라미프릴),트리테이스정2.5밀리그람(라미프릴),히드록시프로필메틸셀룰로오스로제피한라미프릴과립,(주)한독,False,name_only,True,MFDS nedrug,nedrug.searchDrug,2026-06-12
199200883,트리테이스정5밀리그람(라미프릴),트리테이스정5밀리그람(라미프릴),히드록시프로필메틸셀룰로오스로제피한라미프릴과립,(주)한독,False,name_only,True,MFDS nedrug,nedrug.searchDrug,2026-06-12
200500974,트리테이스프로텍트정(라미프릴),트리테이스프로텍트정(라미프릴),히드록시프로필메틸셀룰로오스로제피한라미프릴과립,(주)한독,False,name_only,True,MFDS nedrug,nedrug.searchDrug,2026-06-12
200500140,하트프릴정2.5밀리그램(라미프릴),하트프릴정2.5밀리그램(라미프릴),라미프릴,(주)종근당,False,name_only,True,MFDS nedrug,nedrug.searchDrug,2026-06-12
200600028,하트프릴프로텍트정(라미프릴),하트프릴프로텍트정(라미프릴),라미프릴,(주)종근당,False,name_only,True,MFDS nedrug,nedrug.searchDrug,2026-06-12
200710634,아서틸아르기닌정10밀리그램(페린도프릴아르기닌),아서틸아르기닌정10밀리그램(페린도프릴아르기닌),페린도프릴아르기닌,한국세르비에(주),False,name_only,True,MFDS nedrug,nedrug.searchDrug,2026-06-12
200710635,아서틸아르기닌정5밀리그램(페린도프릴아르기닌),아서틸아르기닌정5밀리그램(페린도프릴아르기닌),페린도프릴아르기닌,한국세르비에(주),False,name_only,True,MFDS nedrug,nedrug.searchDrug,2026-06-12
200805159,아서틸정4밀리그람(페린도프릴-t-부틸아민),아서틸정4밀리그람(페린도프릴-t-부틸아민),페린도프릴-t-부틸아민,한국세르비에(주),False,name_only,True,MFDS nedrug,nedrug.searchDrug,2026-06-12
200805988,아서틸정8밀리그람(페린도프릴-t-부틸아민),아서틸정8밀리그람(페린도프릴-t-부틸아민),페린도프릴-t-부틸아민,한국세르비에(주),False,name_only,True,MFDS nedrug,nedrug.searchDrug,2026-06-12
200804089,아서틸플러스아르기닌정,아서틸플러스아르기닌정,페린도프릴아르기닌/인다파미드,한국세르비에(주),False,name_only,True,MFDS nedrug,nedrug.searchDrug,2026-06-12
200400322,아서프릴정4밀리그램(페린도프릴-t-부틸아민),아서프릴정4밀리그램(페린도프릴-t-부틸아민),페린도프릴-t-부틸아민,일동제약(주),False,name_only,True,MFDS nedrug,nedrug.searchDrug,2026-06-12
200500494,건일클로피도그렐정(클로피도그렐황산염),건일클로피도그렐정(클로피도그렐황산염),클로피도그렐황산염,건일제약(주),False,name_only,True,MFDS nedrug,nedrug.searchDrug,2026-06-12
201300318,경보클로피도그렐정(클로피도그렐황산염),경보클로피도그렐정(클로피도그렐황산염),클로피도그렐황산염,(주)경보제약,False,name_only,True,MFDS nedrug,nedrug.searchDrug,2026-06-12
201404538,그로리정75밀리그램(클로피도그렐황산수소염),그로리정75밀리그램(클로피도그렐황산수소염),클로피도그렐황산수소염,한화제약(주),False,name_only,True,MFDS nedrug,nedrug.searchDrug,2026-06-12
201309184,글로그렐정75밀리그램(클로피도그렐황산염),글로그렐정75밀리그램(클로피도그렐황산염),클로피도그렐황산염,한국넬슨제약(주),False,name_only,True,MFDS nedrug,nedrug.searchDrug,2026-06-12
201309855,글로피도그렐정(클로피도그렐황산염),글로피도그렐정(클로피도그렐황산염),클로피도그렐황산염,(주)킵스바이오파마,False,name_only,True,MFDS nedrug,nedrug.searchDrug,2026-06-12
201701057,네오빅스정(클로피도그렐황산수소염),네오빅스정(클로피도그렐황산수소염),클로피도그렐황산수소염,엔비케이제약(주),False,name_only,True,MFDS nedrug,nedrug.searchDrug,2026-06-12
201306332,뉴빅스정(클로피도그렐황산염),뉴빅스정(클로피도그렐황산염),클로피도그렐황산염,에스피씨(주),False,name_only,True,MFDS nedrug,nedrug.searchDrug,2026-06-12
201801536,뉴클로파인정(클로피도그렐황산염),뉴클로파인정(클로피도그렐황산염),클로피도그렐황산염,안국뉴팜(주),False,name_only,True,MFDS nedrug,nedrug.searchDrug,2026-06-12
202002903,건레탈서방캡슐100밀리그램(실로스타졸),건레탈서방캡슐100밀리그램(실로스타졸),실로스타졸,건일바이오팜주식회사,False,name_only,True,MFDS nedrug,nedrug.searchDrug,2026-06-12
202002902,건레탈서방캡슐200밀리그램(실로스타졸),건레탈서방캡슐200밀리그램(실로스타졸),실로스타졸,건일바이오팜주식회사,False,name_only,True,MFDS nedrug,nedrug.searchDrug,2026-06-12
201101041,기네스타정,기네스타정,실로스타졸/은행엽건조엑스,(주)에이프로젠바이오로직스,False,name_only,True,MFDS nedrug,nedrug.searchDrug,2026-06-12
201903723,뉴레탈정50밀리그램(실로스타졸),뉴레탈정50밀리그램(실로스타졸),실로스타졸,(주)다산제약,False,name_only,True,MFDS nedrug,nedrug.searchDrug,2026-06-12
200402092,뉴타정(실로스타졸),뉴타정(실로스타졸),실로스타졸,오스틴제약(주),False,name_only,True,MFDS nedrug,nedrug.searchDrug,2026-06-12
201100500,니네틸정,니네틸정,실로스타졸/은행엽건조엑스,동국제약(주),False,name_only,True,MFDS nedrug,nedrug.searchDrug,2026-06-12
201903687,대웅실로스타졸서방캡슐100밀리그램,대웅실로스타졸서방캡슐100밀리그램,실로스타졸,대웅바이오(주),False,name_only,True,MFDS nedrug,nedrug.searchDrug,2026-06-12
201903688,대웅실로스타졸서방캡슐200밀리그램,대웅실로스타졸서방캡슐200밀리그램,실로스타졸,대웅바이오(주),False,name_only,True,MFDS nedrug,nedrug.searchDrug,2026-06-12
201309112,경동아스피린장용정,경동아스피린장용정,아스피린,경동제약(주),False,name_only,True,MFDS nedrug,nedrug.searchDrug,2026-06-12
201206820,경보아스피린장용정,경보아스피린장용정,아스피린,(주)경보제약,False,name_only,True,MFDS nedrug,nedrug.searchDrug,2026-06-12
201702015,광동아스피린장용정100mg,광동아스피린장용정100mg,아스피린,광동제약(주),False,name_only,True,MFDS nedrug,nedrug.searchDrug,2026-06-12
201402959,글로아스피린장용정100mg(아스피린),글로아스피린장용정100mg(아스피린),아스피린,(주)킵스바이오파마,False,name_only,True,MFDS nedrug,nedrug.searchDrug,2026-06-12
201310349,넥스핀장용정100mg(아스피린),넥스핀장용정100mg(아스피린),아스피린,(주)넥스팜코리아,False,name_only,True,MFDS nedrug,nedrug.searchDrug,2026-06-12
201801356,뉴스피린장용정100밀리그램(아스피린),뉴스피린장용정100밀리그램(아스피린),아스피린,(주)다산제약,False,name_only,True,MFDS nedrug,nedrug.searchDrug,2026-06-12
201606080,뉴피도에이캡슐,뉴피도에이캡슐,클로피도그렐황산염/아스피린장용펠렛,대한뉴팜(주),False,name_only,True,MFDS nedrug,nedrug.searchDrug,2026-06-12
201803126,대웅바이오아스피린장용정100밀리그램,대웅바이오아스피린장용정100밀리그램,아스피린,대웅바이오(주),False,name_only,True,MFDS nedrug,nedrug.searchDrug,2026-06-12
202101442,건토젯정10/10밀리그램(에제티미브/아토르바스타틴칼슘삼수화물),건토젯정10/10밀리그램(에제티미브/아토르바스타틴칼슘삼수화물),에제티미브/아토르바스타틴칼슘삼수화물,건일바이오팜주식회사,False,name_only,True,MFDS nedrug,nedrug.searchDrug,2026-06-12
202101441,건토젯정10/20밀리그램(에제티미브/아토르바스타틴칼슘삼수화물),건토젯정10/20밀리그램(에제티미브/아토르바스타틴칼슘삼수화물),에제티미브/아토르바스타틴칼슘삼수화물,건일바이오팜주식회사,False,name_only,True,MFDS nedrug,nedrug.searchDrug,2026-06-12
202101440,건토젯정10/40밀리그램(에제티미브/아토르바스타틴칼슘삼수화물),건토젯정10/40밀리그램(에제티미브/아토르바스타틴칼슘삼수화물),에제티미브/아토르바스타틴칼슘삼수화물,건일바이오팜주식회사,False,name_only,True,MFDS nedrug,nedrug.searchDrug,2026-06-12
200709787,광동아토르바스타틴정10밀리그램(아토르바스타틴칼슘삼수화물),광동아토르바스타틴정10밀리그램(아토르바스타틴칼슘삼수화물),아토르바스타틴칼슘삼수화물,광동제약(주),False,name_only,True,MFDS nedrug,nedrug.searchDrug,2026-06-12
201203609,광동아토르바스타틴정20밀리그램(아토르바스타틴칼슘삼수화물),광동아토르바스타틴정20밀리그램(아토르바스타틴칼슘삼수화물),아토르바스타틴칼슘삼수화물,광동제약(주),False,name_only,True,MFDS nedrug,nedrug.searchDrug,2026-06-12
201206836,글로스타정10밀리그램(아토르바스타틴칼슘수화물),글로스타정10밀리그램(아토르바스타틴칼슘수화물),아토르바스타틴칼슘수화물,(주)킵스바이오파마,False,name_only,True,MFDS nedrug,nedrug.searchDrug,2026-06-12
201403191,글로스타정20밀리그램(아토르바스타틴칼슘수화물),글로스타정20밀리그램(아토르바스타틴칼슘수화물),아토르바스타틴칼슘수화물,(주)킵스바이오파마,False,name_only,True,MFDS nedrug,nedrug.searchDrug,2026-06-12
202101421,글로젯정10/10밀리그램,글로젯정10/10밀리그램,아토르바스타틴칼슘삼수화물/에제티미브,(주)킵스바이오파마,False,name_only,True,MFDS nedrug,nedrug.searchDrug,2026-06-12
202008537,"네비로스타정1.25/5밀리그램(네비보롤,로수바스타틴)","네비로스타정1.25/5밀리그램(네비보롤,로수바스타틴)",네비보롤염산염/로수바스타틴칼슘(미분화),에리슨제약(주),False,name_only,True,MFDS nedrug,nedrug.searchDrug,2026-06-12
202303108,"네비로스타정1.25/10밀리그램(네비보롤,로수바스타틴)","네비로스타정1.25/10밀리그램(네비보롤,로수바스타틴)",네비보롤염산염/로수바스타틴칼슘(미분화),에리슨제약(주),False,name_only,True,MFDS nedrug,nedrug.searchDrug,2026-06-12
201906185,"네비로스타정2.5/10밀리그램(네비보롤,로수바스타틴)","네비로스타정2.5/10밀리그램(네비보롤,로수바스타틴)",네비보롤염산염/로수바스타틴칼슘(미분화),에리슨제약(주),False,name_only,True,MFDS nedrug,nedrug.searchDrug,2026-06-12
202006004,"네비로스타정2.5/5밀리그램(네비보롤,로수바스타틴)","네비로스타정2.5/5밀리그램(네비보롤,로수바스타틴)",네비보롤염산염/로수바스타틴칼슘(미분화),에리슨제약(주),False,name_only,True,MFDS nedrug,nedrug.searchDrug,2026-06-12
202202181,"네비로스타정2.5/20밀리그램(네비보롤,로수바스타틴)","네비로스타정2.5/20밀리그램(네비보롤,로수바스타틴)",네비보롤염산염/로수바스타틴칼슘(미분화),에리슨제약(주),False,name_only,True,MFDS nedrug,nedrug.searchDrug,2026-06-12
201906184,"네비로스타정5/10밀리그램(네비보롤,로수바스타틴)","네비로스타정5/10밀리그램(네비보롤,로수바스타틴)",네비보롤염산염/로수바스타틴칼슘(미분화),에리슨제약(주),False,name_only,True,MFDS nedrug,nedrug.searchDrug,2026-06-12
201906183,"네비로스타정5/20밀리그램(네비보롤,로수바스타틴)","네비로스타정5/20밀리그램(네비보롤,로수바스타틴)",네비보롤염산염/로수바스타틴칼슘(미분화),에리슨제약(주),False,name_only,True,MFDS nedrug,nedrug.searchDrug,2026-06-12
202003216,넬라스토정10밀리그램(로수바스타틴칼슘),넬라스토정10밀리그램(로수바스타틴칼슘),로수바스타틴칼슘,한국넬슨제약(주),False,name_only,True,MFDS nedrug,nedrug.searchDrug,2026-06-12
201800820,뉴심바드정(심바스타틴),뉴심바드정(심바스타틴),심바스타틴,안국뉴팜(주),False,name_only,True,MFDS nedrug,nedrug.searchDrug,2026-06-12
200200720,동성심바스타틴정,동성심바스타틴정,심바스타틴,동성제약(주),False,name_only,True,MFDS nedrug,nedrug.searchDrug,2026-06-12
201601714,듀오토린정10/10mg,듀오토린정10/10mg,에제티미브/심바스타틴,(주)씨엠지제약,False,name_only,True,MFDS nedrug,nedrug.searchDrug,2026-06-12
201601110,듀오토린정10/20mg,듀오토린정10/20mg,에제티미브/심바스타틴,(주)씨엠지제약,False,name_only,True,MFDS nedrug,nedrug.searchDrug,2026-06-12
201306445,리바스타틴정 20밀리그램(심바스타틴),리바스타틴정 20밀리그램(심바스타틴),심바스타틴,풍림무약(주),False,name_only,True,MFDS nedrug,nedrug.searchDrug,2026-06-12
200400828,리포스타정20밀리그램(심바스타틴),리포스타정20밀리그램(심바스타틴),심바스타틴,(주)일화,False,name_only,True,MFDS nedrug,nedrug.searchDrug,2026-06-12
200301662,리피듀정(심바스타틴),리피듀정(심바스타틴),심바스타틴,에스케이케미칼(주),False,name_only,True,MFDS nedrug,nedrug.searchDrug,2026-06-12
200402374,리피스탄정(심바스타틴),리피스탄정(심바스타틴),심바스타틴,(주)테라젠이텍스,False,name_only,True,MFDS nedrug,nedrug.searchDrug,2026-06-12
199300175,메바로친정10밀리그램(프라바스타틴나트륨),메바로친정10밀리그램(프라바스타틴나트륨),프라바스타틴나트륨,에이치케이이노엔(주),False,name_only,True,MFDS nedrug,nedrug.searchDrug,2026-06-12
200200143,메바로친정20밀리그램(프라바스타틴나트륨),메바로친정20밀리그램(프라바스타틴나트륨),프라바스타틴나트륨,에이치케이이노엔(주),False,name_only,True,MFDS nedrug,nedrug.searchDrug,2026-06-12
201105270,메바로친정40밀리그램(프라바스타틴나트륨),메바로친정40밀리그램(프라바스타틴나트륨),프라바스타틴나트륨,에이치케이이노엔(주),False,name_only,True,MFDS nedrug,nedrug.searchDrug,2026-06-12
199000074,메바로친정5밀리그램(프라바스타틴나트륨),메바로친정5밀리그램(프라바스타틴나트륨),프라바스타틴나트륨,에이치케이이노엔(주),False,name_only,True,MFDS nedrug,nedrug.searchDrug,2026-06-12
202601558,"이지프라펜캡슐(프라바스타틴, 페노피브릭산)","이지프라펜캡슐(프라바스타틴, 페노피브릭산)",페노피브릭산/프라바스타틴나트륨,에스케이케미칼(주),False,name_only,True,MFDS nedrug,nedrug.searchDrug,2026-06-12
202601552,"페노듀오캡슐(프라바스타틴, 페노피브릭산)","페노듀오캡슐(프라바스타틴, 페노피브릭산)",페노피브릭산/프라바스타틴나트륨,한국유나이티드제약(주),False,name_only,True,MFDS nedrug,nedrug.searchDrug,2026-06-12
202601574,"페노틴캡슐(프라바스타틴, 페노피브릭산)","페노틴캡슐(프라바스타틴, 페노피브릭산)",페노피브릭산/프라바스타틴나트륨,한국바이오켐제약(주),False,name_only,True,MFDS nedrug,nedrug.searchDrug,2026-06-12
202300635,프라바페닉스캡슐,프라바페닉스캡슐,프라바스타틴나트륨/페노피브레이트,(주)유영제약,False,name_only,True,MFDS nedrug,nedrug.searchDrug,2026-06-12
202102639,건피타정1밀리그램(피타바스타틴칼슘수화물),건피타정1밀리그램(피타바스타틴칼슘수화물),피타바스타틴칼슘수화물,건일바이오팜주식회사,False,name_only,True,MFDS nedrug,nedrug.searchDrug,2026-06-12
201903527,건피타정2밀리그램(피타바스타틴칼슘수화물),건피타정2밀리그램(피타바스타틴칼슘수화물),피타바스타틴칼슘수화물,건일바이오팜주식회사,False,name_only,True,MFDS nedrug,nedrug.searchDrug,2026-06-12
202103367,건피타정4밀리그램(피타바스타틴칼슘수화물),건피타정4밀리그램(피타바스타틴칼슘수화물),피타바스타틴칼슘수화물,건일바이오팜주식회사,False,name_only,True,MFDS nedrug,nedrug.searchDrug,2026-06-12
202503282,"글리펜슈프림플러스정(피타바스타틴칼슘, 페노피브레이트)","글리펜슈프림플러스정(피타바스타틴칼슘, 페노피브레이트)",페노피브레이트/피타바스타틴칼슘,삼천당제약(주),False,name_only,True,MFDS nedrug,nedrug.searchDrug,2026-06-12
201507597,뉴바로정2mg(피타바스타틴칼슘수화물),뉴바로정2mg(피타바스타틴칼슘수화물),피타바스타틴칼슘수화물,대한뉴팜(주),False,name_only,True,MFDS nedrug,nedrug.searchDrug,2026-06-12
201902024,뉴스타틴듀오캡슐,뉴스타틴듀오캡슐,피타바스타틴칼슘/페노피브레이트과립,삼진제약(주),False,name_only,True,MFDS nedrug,nedrug.searchDrug,2026-06-12
202601209,"뉴팜피타에제정1/10밀리그램(피타바스타틴,에제티미브)","뉴팜피타에제정1/10밀리그램(피타바스타틴,에제티미브)",에제티미브/피타바스타틴칼슘,안국뉴팜(주),False,name_only,True,MFDS nedrug,nedrug.searchDrug,2026-06-12
201103562,동광피타바스타틴정2밀리그램(피타바스타틴칼슘),동광피타바스타틴정2밀리그램(피타바스타틴칼슘),피타바스타틴칼슘,동광제약(주),False,name_only,True,MFDS nedrug,nedrug.searchDrug,2026-06-12
201902435,건트롤정10밀리그램(에제티미브),건트롤정10밀리그램(에제티미브),에제티미브,건일바이오팜주식회사,False,name_only,True,MFDS nedrug,nedrug.searchDrug,2026-06-12
202101422,글로젯정10/20밀리그램,글로젯정10/20밀리그램,아토르바스타틴칼슘삼수화물/에제티미브,(주)킵스바이오파마,False,name_only,True,MFDS nedrug,nedrug.searchDrug,2026-06-12
202203010,누보로젯정40/2.5/10/10밀리그램,누보로젯정40/2.5/10/10밀리그램,로수바스타틴칼슘(미분화)/에제티미브/S-암로디핀베실산염이수화물/텔미사르탄,(주)종근당,False,name_only,True,MFDS nedrug,nedrug.searchDrug,2026-06-12
202203009,누보로젯정40/2.5/5/10밀리그램,누보로젯정40/2.5/5/10밀리그램,텔미사르탄/로수바스타틴칼슘(미분화)/에제티미브/S-암로디핀베실산염이수화물,(주)종근당,False,name_only,True,MFDS nedrug,nedrug.searchDrug,2026-06-12
202203012,누보로젯정40/5/10/10밀리그램,누보로젯정40/5/10/10밀리그램,텔미사르탄/로수바스타틴칼슘(미분화)/에제티미브/S-암로디핀베실산염이수화물,(주)종근당,False,name_only,True,MFDS nedrug,nedrug.searchDrug,2026-06-12
202203011,누보로젯정40/5/5/10밀리그램,누보로젯정40/5/5/10밀리그램,텔미사르탄/로수바스타틴칼슘(미분화)/에제티미브/S-암로디핀베실산염이수화물,(주)종근당,False,name_only,True,MFDS nedrug,nedrug.searchDrug,2026-06-12
202500656,누보로젯정80/2.5/10/10밀리그램,누보로젯정80/2.5/10/10밀리그램,텔미사르탄/로수바스타틴칼슘(미분화)/S-암로디핀베실산염이수화물/에제티미브,(주)종근당,False,name_only,True,MFDS nedrug,nedrug.searchDrug,2026-06-12
202500657,누보로젯정80/2.5/5/10밀리그램,누보로젯정80/2.5/5/10밀리그램,텔미사르탄/로수바스타틴칼슘(미분화)/S-암로디핀베실산염이수화물/에제티미브,(주)종근당,False,name_only,True,MFDS nedrug,nedrug.searchDrug,2026-06-12
199801067,글리펜서방캅셀(페노피브레이트펠렛),글리펜서방캅셀(페노피브레이트펠렛),페노피브레이트펠렛,삼천당제약(주),False,name_only,True,MFDS nedrug,nedrug.searchDrug,2026-06-12
200702596,글리펜슈프림정(페노피브레이트),글리펜슈프림정(페노피브레이트),페노피브레이트,삼천당제약(주),False,name_only,True,MFDS nedrug,nedrug.searchDrug,2026-06-12
202008176,네오페노정145밀리그램(페노피브레이트),네오페노정145밀리그램(페노피브레이트),페노피브레이트,(주)녹십자,False,name_only,True,MFDS nedrug,nedrug.searchDrug,2026-06-12
202500240,네오페노정48밀리그램(페노피브레이트),네오페노정48밀리그램(페노피브레이트),페노피브레이트,(주)녹십자,False,name_only,True,MFDS nedrug,nedrug.searchDrug,2026-06-12
200308624,노피드캡슐(페노피브레이트 과립(미분화)),노피드캡슐(페노피브레이트 과립(미분화)),페노피브레이트 과립(미분화),명문제약(주),False,name_only,True,MFDS nedrug,nedrug.searchDrug,2026-06-12
201708083,로오딜슈프라정160mg(페노피브레이트),로오딜슈프라정160mg(페노피브레이트),페노피브레이트,한국휴텍스제약(주),False,name_only,True,MFDS nedrug,nedrug.searchDrug,2026-06-12
200713886,로피롤에스캡슐130mg(미세화페노피브레이트구형과립),로피롤에스캡슐130mg(미세화페노피브레이트구형과립),미세화페노피브레이트구형과립,알보젠코리아(주),False,name_only,True,MFDS nedrug,nedrug.searchDrug,2026-06-12
200201364,리도스캡슐(페노피브레이트 과립(미분화)),리도스캡슐(페노피브레이트 과립(미분화)),페노피브레이트 과립(미분화),(주)한국파마,False,name_only,True,MFDS nedrug,nedrug.searchDrug,2026-06-12
201206431,글로판토프라주40mg(판토프라졸나트륨세스키히드레이트),글로판토프라주40mg(판토프라졸나트륨세스키히드레이트),판토프라졸나트륨세스키히드레이트,(주)킵스바이오파마,False,name_only,True,MFDS nedrug,nedrug.searchDrug,2026-06-12
201208632,레토프라정10밀리그램(에스-판토프라졸나트륨삼수화물),레토프라정10밀리그램(에스-판토프라졸나트륨삼수화물),에스-판토프라졸나트륨삼수화물,안국약품(주),False,name_only,True,MFDS nedrug,nedrug.searchDrug,2026-06-12
201205628,레토프라정20밀리그램(에스-판토프라졸나트륨 삼수화물),레토프라정20밀리그램(에스-판토프라졸나트륨 삼수화물),에스-판토프라졸나트륨삼수화물,안국약품(주),False,name_only,True,MFDS nedrug,nedrug.searchDrug,2026-06-12
202107096,이텍스판토프라졸정(판토프라졸나트륨세스키히드레이트),이텍스판토프라졸정(판토프라졸나트륨세스키히드레이트),판토프라졸나트륨세스키히드레이트,(주)테라젠이텍스,False,name_only,True,MFDS nedrug,nedrug.searchDrug,2026-06-12
201200590,익스트림정20밀리그램(판토프라졸나트륨세스키히드레이트),익스트림정20밀리그램(판토프라졸나트륨세스키히드레이트),판토프라졸나트륨세스키히드레이트,신풍제약(주),False,name_only,True,MFDS nedrug,nedrug.searchDrug,2026-06-12
200702870,익스트림정40밀리그램(판토프라졸나트륨세스키히드레이트),익스트림정40밀리그램(판토프라졸나트륨세스키히드레이트),판토프라졸나트륨세스키히드레이트,신풍제약(주),False,name_only,True,MFDS nedrug,nedrug.searchDrug,2026-06-12
200705176,토프라졸정20밀리그램(판토프라졸나트륨세스키히드레이트),토프라졸정20밀리그램(판토프라졸나트륨세스키히드레이트),판토프라졸나트륨세스키히드레이트,(주)경보제약,False,name_only,True,MFDS nedrug,nedrug.searchDrug,2026-06-12
200704994,토프라졸정40밀리그램(판토프라졸나트륨세스키히드레이트),토프라졸정40밀리그램(판토프라졸나트륨세스키히드레이트),판토프라졸나트륨세스키히드레이트,(주)경보제약,False,name_only,True,MFDS nedrug,nedrug.searchDrug,2026-06-12
202500566,"뉴란소엑스정15/600밀리그램(란소프라졸,침강탄산칼슘)","뉴란소엑스정15/600밀리그램(란소프라졸,침강탄산칼슘)",란소프라졸/침강탄산칼슘,한국유니온제약(주),False,name_only,True,MFDS nedrug,nedrug.searchDrug,2026-06-12
202300171,뉴란소엑스정30/600밀리그램,뉴란소엑스정30/600밀리그램,란소프라졸/침강탄산칼슘,한국유니온제약(주),False,name_only,True,MFDS nedrug,nedrug.searchDrug,2026-06-12
201308978,뉴란소캡슐15밀리그램(란소프라졸과립),뉴란소캡슐15밀리그램(란소프라졸과립),란소프라졸과립,한국유니온제약(주),False,name_only,True,MFDS nedrug,nedrug.searchDrug,2026-06-12
201308053,뉴란소캡슐30밀리그램(란소프라졸과립),뉴란소캡슐30밀리그램(란소프라졸과립),란소프라졸과립,한국유니온제약(주),False,name_only,True,MFDS nedrug,nedrug.searchDrug,2026-06-12
201802450,덱시라졸캡슐30밀리그램(덱스란소프라졸),덱시라졸캡슐30밀리그램(덱스란소프라졸),덱스란소프라졸,(주)유한양행,False,name_only,True,MFDS nedrug,nedrug.searchDrug,2026-06-12
201802449,덱시라졸캡슐60밀리그램(덱스란소프라졸),덱시라졸캡슐60밀리그램(덱스란소프라졸),덱스란소프라졸,(주)유한양행,False,name_only,True,MFDS nedrug,nedrug.searchDrug,2026-06-12
201207343,덱실란트디알캡슐30밀리그램(덱스란소프라졸),덱실란트디알캡슐30밀리그램(덱스란소프라졸),덱스란소프라졸,한국다케다제약(주),False,name_only,True,MFDS nedrug,nedrug.searchDrug,2026-06-12
201207344,덱실란트디알캡슐60밀리그램(덱스란소프라졸),덱실란트디알캡슐60밀리그램(덱스란소프라졸),덱스란소프라졸,한국다케다제약(주),False,name_only,True,MFDS nedrug,nedrug.searchDrug,2026-06-12
201405854,경보라베프라졸정10mg(라베프라졸나트륨),경보라베프라졸정10mg(라베프라졸나트륨),라베프라졸나트륨,(주)경보제약,False,name_only,True,MFDS nedrug,nedrug.searchDrug,2026-06-12
201308942,경보라베프라졸정20mg(라베프라졸나트륨),경보라베프라졸정20mg(라베프라졸나트륨),라베프라졸나트륨,(주)경보제약,False,name_only,True,MFDS nedrug,nedrug.searchDrug,2026-06-12
201206679,글로라베정10mg(라베프라졸나트륨),글로라베정10mg(라베프라졸나트륨),라베프라졸나트륨,(주)킵스바이오파마,False,name_only,True,MFDS nedrug,nedrug.searchDrug,2026-06-12
201206680,글로라베정20밀리그램(라베프라졸나트륨),글로라베정20밀리그램(라베프라졸나트륨),라베프라졸나트륨,(주)킵스바이오파마,False,name_only,True,MFDS nedrug,nedrug.searchDrug,2026-06-12
200704319,네오베트정10밀리그램(라베프라졸나트륨),네오베트정10밀리그램(라베프라졸나트륨),라베프라졸나트륨,이연제약(주),False,name_only,True,MFDS nedrug,nedrug.searchDrug,2026-06-12
200607667,네오베트정20mg(라베프라졸나트륨),네오베트정20mg(라베프라졸나트륨),라베프라졸나트륨,이연제약(주),False,name_only,True,MFDS nedrug,nedrug.searchDrug,2026-06-12
201906996,넬슨라베프라졸정10밀리그램(라베프라졸나트륨),넬슨라베프라졸정10밀리그램(라베프라졸나트륨),라베프라졸나트륨,한국넬슨제약(주),False,name_only,True,MFDS nedrug,nedrug.searchDrug,2026-06-12
201907138,넬슨라베프라졸정20밀리그램(라베프라졸나트륨),넬슨라베프라졸정20밀리그램(라베프라졸나트륨),라베프라졸나트륨,한국넬슨제약(주),False,name_only,True,MFDS nedrug,nedrug.searchDrug,2026-06-12
202002825,가나모티에스알정15밀리그램(모사프리드시트르산염수화물),가나모티에스알정15밀리그램(모사프리드시트르산염수화물),모사프리드시트르산염수화물,이연제약(주),False,name_only,True,MFDS nedrug,nedrug.searchDrug,2026-06-12
200701242,가나모티정(모사프리드시트르산염수화물),가나모티정(모사프리드시트르산염수화물),모사프리드시트르산염수화물,이연제약(주),False,name_only,True,MFDS nedrug,nedrug.searchDrug,2026-06-12
200702101,가나티란정(모사프리드시트르산염수화물),가나티란정(모사프리드시트르산염수화물),모사프리드시트르산염수화물,진양제약(주),False,name_only,True,MFDS nedrug,nedrug.searchDrug,2026-06-12
202002899,가모드서방정15밀리그램(모사프리드시트르산염수화물),가모드서방정15밀리그램(모사프리드시트르산염수화물),모사프리드시트르산염수화물,(주)이든파마,False,name_only,True,MFDS nedrug,nedrug.searchDrug,2026-06-12
201708142,가모드정(모사프리드시트르산염수화물),가모드정(모사프리드시트르산염수화물),모사프리드시트르산염수화물,(주)이든파마,False,name_only,True,MFDS nedrug,nedrug.searchDrug,2026-06-12
201804851,가모사드정(모사프리드시트르산염수화물),가모사드정(모사프리드시트르산염수화물),모사프리드시트르산염수화물,풍림무약(주),False,name_only,True,MFDS nedrug,nedrug.searchDrug,2026-06-12
202003104,가모시드에스알정15밀리그램(모사프리드시트르산염수화물),가모시드에스알정15밀리그램(모사프리드시트르산염수화물),모사프리드시트르산염수화물,신풍제약(주),False,name_only,True,MFDS nedrug,nedrug.searchDrug,2026-06-12
201007612,가모시드정5밀리그램(모사프리드시트르산염수화물),가모시드정5밀리그램(모사프리드시트르산염수화물),모사프리드시트르산염수화물,신풍제약(주),False,name_only,True,MFDS nedrug,nedrug.searchDrug,2026-06-12
202503221,가바민서방정150밀리그램(레바미피드),가바민서방정150밀리그램(레바미피드),레바미피드,(주)테라젠이텍스,False,name_only,True,MFDS nedrug,nedrug.searchDrug,2026-06-12
200411067,가바민정(레바미피드),가바민정(레바미피드),레바미피드,(주)테라젠이텍스,False,name_only,True,MFDS nedrug,nedrug.searchDrug,2026-06-12
200400687,가스파민정(레바미피드),가스파민정(레바미피드),레바미피드,아주약품(주),False,name_only,True,MFDS nedrug,nedrug.searchDrug,2026-06-12
201403468,광동레바미피드정,광동레바미피드정,레바미피드,광동제약(주),False,name_only,True,MFDS nedrug,nedrug.searchDrug,2026-06-12
200400315,국제레바미피드정,국제레바미피드정,레바미피드,국제약품(주),False,name_only,True,MFDS nedrug,nedrug.searchDrug,2026-06-12
201206529,글로미피드정(레바미피드),글로미피드정(레바미피드),레바미피드,(주)킵스바이오파마,False,name_only,True,MFDS nedrug,nedrug.searchDrug,2026-06-12
201404632,네바민정(레바미피드),네바민정(레바미피드),레바미피드,에이치엘비제약(주),False,name_only,True,MFDS nedrug,nedrug.searchDrug,2026-06-12
201700518,뉴바민정(레바미피드),뉴바민정(레바미피드),레바미피드,환인제약(주),False,name_only,True,MFDS nedrug,nedrug.searchDrug,2026-06-12
199600267,가나칸정50밀리그램(이토프리드염산염),가나칸정50밀리그램(이토프리드염산염),이토프리드염산염,제이더블유중외제약(주),False,name_only,True,MFDS nedrug,nedrug.searchDrug,2026-06-12
202000164,가나텍정(이토프리드염산염),가나텍정(이토프리드염산염),이토프리드염산염,대원바이오텍주식회사,False,name_only,True,MFDS nedrug,nedrug.searchDrug,2026-06-12
201502706,가나톤정50밀리그램(이토프리드염산염),가나톤정50밀리그램(이토프리드염산염),이토프리드염산염,한국애보트(유),False,name_only,True,MFDS nedrug,nedrug.searchDrug,2026-06-12
201305008,가나프리드정(이토프리드염산염),가나프리드정(이토프리드염산염),이토프리드염산염,(주)휴온스생명과학,False,name_only,True,MFDS nedrug,nedrug.searchDrug,2026-06-12
201403892,가토젠정(이토프리드염산염),가토젠정(이토프리드염산염),이토프리드염산염,(주)셀릭스,False,name_only,True,MFDS nedrug,nedrug.searchDrug,2026-06-12
202000078,가토프리드정(이토프리드염산염),가토프리드정(이토프리드염산염),이토프리드염산염,풍림무약(주),False,name_only,True,MFDS nedrug,nedrug.searchDrug,2026-06-12
200607784,가프리드정(이토프리드염산염),가프리드정(이토프리드염산염),이토프리드염산염,동성제약(주),False,name_only,True,MFDS nedrug,nedrug.searchDrug,2026-06-12
201901564,건이토정50밀리그램(이토프리드염산염),건이토정50밀리그램(이토프리드염산염),이토프리드염산염,건일바이오팜주식회사,False,name_only,True,MFDS nedrug,nedrug.searchDrug,2026-06-12
199600830,그린큐액(돔페리돈),그린큐액(돔페리돈),돔페리돈,동성제약(주),False,name_only,True,MFDS nedrug,nedrug.searchDrug,2026-06-12
200401850,돔페린정(돔페리돈말레산염),돔페린정(돔페리돈말레산염),돔페리돈말레산염,(주)셀릭스,False,name_only,True,MFDS nedrug,nedrug.searchDrug,2026-06-12
199701545,돔펠엠정(돔페리돈말레산염),돔펠엠정(돔페리돈말레산염),돔페리돈말레산염,삼남제약(주),False,name_only,True,MFDS nedrug,nedrug.searchDrug,2026-06-12
200403060,돔프린정(돔페리돈말레산염),돔프린정(돔페리돈말레산염),돔페리돈말레산염,구주제약(주),False,name_only,True,MFDS nedrug,nedrug.searchDrug,2026-06-12
199900727,돔피돈정(돔페리돈말레산염),돔피돈정(돔페리돈말레산염),돔페리돈말레산염,동화약품(주),False,name_only,True,MFDS nedrug,nedrug.searchDrug,2026-06-12
199500021,돔필정(돔페리돈말레산염),돔필정(돔페리돈말레산염),돔페리돈말레산염,신풍제약(주),False,name_only,True,MFDS nedrug,nedrug.searchDrug,2026-06-12
199500061,디엠정(돔페리돈말레산염),디엠정(돔페리돈말레산염),돔페리돈말레산염,한국휴텍스제약(주),False,name_only,True,MFDS nedrug,nedrug.searchDrug,2026-06-12
199300273,멕시롱액(돔페리돈),멕시롱액(돔페리돈),돔페리돈,동아제약(주),False,name_only,True,MFDS nedrug,nedrug.searchDrug,2026-06-12
200109233,가스터디정20㎎(파모티딘),가스터디정20㎎(파모티딘),파모티딘,동아에스티(주),False,name_only,True,MFDS nedrug,nedrug.searchDrug,2026-06-12
202203264,가스터주사액20밀리그램(파모티딘),가스터주사액20밀리그램(파모티딘),파모티딘,동아에스티(주),False,name_only,True,MFDS nedrug,nedrug.searchDrug,2026-06-12
202000553,가스파모정20밀리그램(파모티딘),가스파모정20밀리그램(파모티딘),파모티딘,(주)오스코리아제약,False,name_only,True,MFDS nedrug,nedrug.searchDrug,2026-06-12
202002369,가티딘정20밀리그램(파모티딘),가티딘정20밀리그램(파모티딘),파모티딘,유니메드제약(주),False,name_only,True,MFDS nedrug,nedrug.searchDrug,2026-06-12
202601555,겔포스더블액션정,겔포스더블액션정,파모티딘/수산화마그네슘/침강탄산칼슘,(주)보령,False,name_only,True,MFDS nedrug,nedrug.searchDrug,2026-06-12
202106054,경동파니틴정10밀리그램(파모티딘),경동파니틴정10밀리그램(파모티딘),파모티딘,경동제약(주),False,name_only,True,MFDS nedrug,nedrug.searchDrug,2026-06-12
201907803,경동파니틴정20밀리그램(파모티딘),경동파니틴정20밀리그램(파모티딘),파모티딘,경동제약(주),False,name_only,True,MFDS nedrug,nedrug.searchDrug,2026-06-12
202201153,나노파모정10밀리그램(파모티딘),나노파모정10밀리그램(파모티딘),파모티딘,초당약품공업(주),False,name_only,True,MFDS nedrug,nedrug.searchDrug,2026-06-12
202001769,건메피드정2밀리그램(글리메피리드),건메피드정2밀리그램(글리메피리드),글리메피리드,건일바이오팜주식회사,False,name_only,True,MFDS nedrug,nedrug.searchDrug,2026-06-12
201903381,건메피드정4밀리그램(글리메피리드),건메피드정4밀리그램(글리메피리드),글리메피리드,건일바이오팜주식회사,False,name_only,True,MFDS nedrug,nedrug.searchDrug,2026-06-12
200300334,건일글리메피리드정2밀리그램,건일글리메피리드정2밀리그램,글리메피리드,건일제약(주),False,name_only,True,MFDS nedrug,nedrug.searchDrug,2026-06-12
201307473,게리드정2밀리그램(글리메피리드),게리드정2밀리그램(글리메피리드),글리메피리드,(주)한국파비스제약,False,name_only,True,MFDS nedrug,nedrug.searchDrug,2026-06-12
200704611,게리드정4밀리그램(글리메피리드),게리드정4밀리그램(글리메피리드),글리메피리드,(주)한국파비스제약,False,name_only,True,MFDS nedrug,nedrug.searchDrug,2026-06-12
200400063,그루리스정2밀리그램(글리메피리드),그루리스정2밀리그램(글리메피리드),글리메피리드,한국휴텍스제약(주),False,name_only,True,MFDS nedrug,nedrug.searchDrug,2026-06-12
202000415,그루리스정4밀리그램(글리메피리드),그루리스정4밀리그램(글리메피리드),글리메피리드,한국휴텍스제약(주),False,name_only,True,MFDS nedrug,nedrug.searchDrug,2026-06-12
202300715,그루시가정10/4밀리그램,그루시가정10/4밀리그램,다파글리플로진프로판디올수화물/글리메피리드,한국휴텍스제약(주),False,name_only,True,MFDS nedrug,nedrug.searchDrug,2026-06-12
202102832,글로시타글정100밀리그램(시타글립틴염산염수화물),글로시타글정100밀리그램(시타글립틴염산염수화물),시타글립틴염산염수화물,(주)킵스바이오파마,False,name_only,True,MFDS nedrug,nedrug.searchDrug,2026-06-12
202102830,글로시타글정25밀리그램(시타글립틴염산염수화물),글로시타글정25밀리그램(시타글립틴염산염수화물),시타글립틴염산염수화물,(주)킵스바이오파마,False,name_only,True,MFDS nedrug,nedrug.searchDrug,2026-06-12
202102831,글로시타글정50밀리그램(시타글립틴염산염수화물),글로시타글정50밀리그램(시타글립틴염산염수화물),시타글립틴염산염수화물,(주)킵스바이오파마,False,name_only,True,MFDS nedrug,nedrug.searchDrug,2026-06-12
202200046,글루듀오정10/100밀리그램,글루듀오정10/100밀리그램,다파글리플로진프로판디올수화물/시타글립틴인산염수화물,구주제약(주),False,name_only,True,MFDS nedrug,nedrug.searchDrug,2026-06-12
202101305,글루시타정100밀리그램(시타글립틴염산염수화물),글루시타정100밀리그램(시타글립틴염산염수화물),시타글립틴염산염수화물,한올바이오파마(주),False,name_only,True,MFDS nedrug,nedrug.searchDrug,2026-06-12
202101304,글루시타정25밀리그램(시타글립틴염산염수화물),글루시타정25밀리그램(시타글립틴염산염수화물),시타글립틴염산염수화물,한올바이오파마(주),False,name_only,True,MFDS nedrug,nedrug.searchDrug,2026-06-12
202101303,글루시타정50밀리그램(시타글립틴염산염수화물),글루시타정50밀리그램(시타글립틴염산염수화물),시타글립틴염산염수화물,한올바이오파마(주),False,name_only,True,MFDS nedrug,nedrug.searchDrug,2026-06-12
202200495,글루포비정10/100밀리그램,글루포비정10/100밀리그램,시타글립틴염산염수화물/다파글리플로진시트르산(미분화),한올바이오파마(주),False,name_only,True,MFDS nedrug,nedrug.searchDrug,2026-06-12
202302739,그날엔노즈에이연질캡슐,그날엔노즈에이연질캡슐,아세트아미노펜/클로르페니라민말레산염/슈도에페드린염산염,경동제약(주),False,name_only,True,MFDS nedrug,nedrug.searchDrug,2026-06-12
201705221,그날엔노즈플러스연질캡슐,그날엔노즈플러스연질캡슐,아세트아미노펜/브롬페니라민말레산염/슈도에페드린염산염,경동제약(주),False,name_only,True,MFDS nedrug,nedrug.searchDrug,2026-06-12
202302140,그날엔에이스연질캡슐,그날엔에이스연질캡슐,아세트아미노펜/리보플라빈,경동제약(주),False,name_only,True,MFDS nedrug,nedrug.searchDrug,2026-06-12
202302948,그날엔코프에이연질캡슐,그날엔코프에이연질캡슐,아세트아미노펜/dl-메틸에페드린염산염/덱스트로메토르판브롬화수소산염수화물/구아이페네신,경동제약(주),False,name_only,True,MFDS nedrug,nedrug.searchDrug,2026-06-12
201705220,그날엔코프플러스연질캡슐,그날엔코프플러스연질캡슐,아세트아미노펜/노스카핀염산염수화물/클로페라스틴염산염,경동제약(주),False,name_only,True,MFDS nedrug,nedrug.searchDrug,2026-06-12
202302949,그날엔콜드에이연질캡슐,그날엔콜드에이연질캡슐,아세트아미노펜/클로르페니라민말레산염/dl-메틸에페드린염산염/슈도에페드린염산염/덱스트로메토르판브롬화수소산염수화물/구아이페네신,경동제약(주),False,name_only,True,MFDS nedrug,nedrug.searchDrug,2026-06-12
201705219,그날엔콜드플러스연질캡슐,그날엔콜드플러스연질캡슐,아세트아미노펜/슈도에페드린염산염/브롬페니라민말레산염/클로페라스틴염산염/구아이페네신,경동제약(주),False,name_only,True,MFDS nedrug,nedrug.searchDrug,2026-06-12
200502775,그린콜샷에스시럽,그린콜샷에스시럽,클로르페니라민말레산염/아세트아미노펜/dl-메틸에페드린염산염/덱스트로메토르판브롬화수소산염수화물,(주)녹십자,False,name_only,True,MFDS nedrug,nedrug.searchDrug,2026-06-12
200608329,그린콜연질캡슐,그린콜연질캡슐,아세트아미노펜/클로르페니라민말레산염/슈도에페드린염산염,(주)알피바이오,False,name_only,True,MFDS nedrug,nedrug.searchDrug,2026-06-12
201309432,기감탕노즈액,기감탕노즈액,감초/건강/육계/마황/반하/세신/오미자/작약/아세트아미노펜/클로르페니라민말레산염,한국신텍스제약(주),False,name_only,True,MFDS nedrug,nedrug.searchDrug,2026-06-12
201309433,기감탕에프액,기감탕에프액,작약/육계/감초/갈근/마황/대추/건강/아세트아미노펜,한국신텍스제약(주),False,name_only,True,MFDS nedrug,nedrug.searchDrug,2026-06-12
201309431,기감탕코프액,기감탕코프액,감초/갱미/대추/맥문동/반하/인삼/아세트아미노펜/티페피딘히벤즈산염,한국신텍스제약(주),False,name_only,True,MFDS nedrug,nedrug.searchDrug,2026-06-12
202200088,나나정500밀리그램(아세트아미노펜),나나정500밀리그램(아세트아미노펜),아세트아미노펜,초당약품공업(주),False,name_only,True,MFDS nedrug,nedrug.searchDrug,2026-06-12
202200195,나스펜시럽(아세트아미노펜),나스펜시럽(아세트아미노펜),아세트아미노펜,조아제약(주),False,name_only,True,MFDS nedrug,nedrug.searchDrug,2026-06-12
201906314,나스펜연질캡슐(아세트아미노펜),나스펜연질캡슐(아세트아미노펜),아세트아미노펜,조아제약(주),False,name_only,True,MFDS nedrug,nedrug.searchDrug,2026-06-12
202601253,나우씨펜정,나우씨펜정,아세트아미노펜/카페인무수물,(주)다산제약,False,name_only,True,MFDS nedrug,nedrug.searchDrug,2026-06-12
199500319,나콜플러스시럽,나콜플러스시럽,아세트아미노펜/클로르페니라민말레산염/티페피딘시트르산염/dl-메틸에페드린염산염/카페인수화물,일동제약(주),False,name_only,True,MFDS nedrug,nedrug.searchDrug,2026-06-12
202107510,나트콜연질캡슐,나트콜연질캡슐,아세트아미노펜/dl-메틸에페드린염산염/구아이페네신/슈도에페드린염산염/클로르페니라민말레산염/리보플라빈/덱스트로메토르판브롬화수소산염수화물,(주)서흥,False,name_only,True,MFDS nedrug,nedrug.searchDrug,2026-06-12
202201984,내린다시럽(아세트아미노펜),내린다시럽(아세트아미노펜),아세트아미노펜,(주)텔콘알에프제약,False,name_only,True,MFDS nedrug,nedrug.searchDrug,2026-06-12
201706691,네오콜캡슐,네오콜캡슐,소청룡탕건조엑스/아세트아미노펜/티페피딘히벤즈산염/클로르페니라민말레산염/카페인무수물,한국신텍스제약(주),False,name_only,True,MFDS nedrug,nedrug.searchDrug,2026-06-12
202501839,넬슨아세트아미노펜주(아세트아미노펜),넬슨아세트아미노펜주(아세트아미노펜),아세트아미노펜,한국넬슨제약(주),False,name_only,True,MFDS nedrug,nedrug.searchDrug,2026-06-12
202300634,노즈코프연질캡슐,노즈코프연질캡슐,클로르페니라민말레산염/슈도에페드린염산염/아세트아미노펜,태극제약(주),False,name_only,True,MFDS nedrug,nedrug.searchDrug,2026-06-12
202203657,노펜에스정,노펜에스정,아세트아미노펜/카페인무수물,한국신텍스제약(주),False,name_only,True,MFDS nedrug,nedrug.searchDrug,2026-06-12
197200483,뇌선,뇌선,무수카페인/아세트아미노펜,씨에이치디제약주식회사,False,name_only,True,MFDS nedrug,nedrug.searchDrug,2026-06-12
199500967,뇌신에이산,뇌신에이산,무수카페인/아세트아미노펜,씨에이치디제약주식회사,False,name_only,True,MFDS nedrug,nedrug.searchDrug,2026-06-12
202402774,뉴스코정,뉴스코정,아세트아미노펜/슈도에페드린염산염/클로르페니라민말레산염,(주)시어스제약,False,name_only,True,MFDS nedrug,nedrug.searchDrug,2026-06-12
202102323,뉴아미노펜프리믹스주(아세트아미노펜),뉴아미노펜프리믹스주(아세트아미노펜),아세트아미노펜,신라젠주식회사,False,name_only,True,MFDS nedrug,nedrug.searchDrug,2026-06-12
202300233,다나콜정,다나콜정,아세트아미노펜/카페인무수물/에페드린염산염,주식회사더유제약,False,name_only,True,MFDS nedrug,nedrug.searchDrug,2026-06-12
202300470,다나콜플러스캡슐,다나콜플러스캡슐,아세트아미노펜/슈도에페드린염산염/클로르페니라민말레산염/티페피딘히벤즈산염/dl-메틸에페드린염산염/구아이페네신,주식회사더유제약,False,name_only,True,MFDS nedrug,nedrug.searchDrug,2026-06-12
199501736,넬슨이부프로펜정400밀리그램(이부프로펜),넬슨이부프로펜정400밀리그램(이부프로펜),이부프로펜,한국넬슨제약(주),False,name_only,True,MFDS nedrug,nedrug.searchDrug,2026-06-12
199102092,다이야펜정400밀리그램(이부프로펜),다이야펜정400밀리그램(이부프로펜),이부프로펜,미래바이오제약(주),False,name_only,True,MFDS nedrug,nedrug.searchDrug,2026-06-12
201500673,다펜-큐연질캡슐(이부프로펜),다펜-큐연질캡슐(이부프로펜),이부프로펜,조아제약(주),False,name_only,True,MFDS nedrug,nedrug.searchDrug,2026-06-12
202303276,다펜나이트연질캡슐,다펜나이트연질캡슐,이부프로펜/디펜히드라민염산염,조아제약(주),False,name_only,True,MFDS nedrug,nedrug.searchDrug,2026-06-12
202503123,대원콜이부노즈연질캡슐,대원콜이부노즈연질캡슐,이부프로펜/클로르페니라민말레산염/슈도에페드린염산염/구아이페네신,대원제약(주),False,name_only,True,MFDS nedrug,nedrug.searchDrug,2026-06-12
202503021,대원콜이부코프연질캡슐,대원콜이부코프연질캡슐,이부프로펜/DL-메틸에페드린염산염/덱스트로메토르판브롬화수소산염수화물/구아이페네신,대원제약(주),False,name_only,True,MFDS nedrug,nedrug.searchDrug,2026-06-12
202503022,대원콜이부콜드연질캡슐,대원콜이부콜드연질캡슐,이부프로펜/클로르페니라민말레산염/DL-메틸에페드린염산염/슈도에페드린염산염/덱스트로메토르판브롬화수소산염수화물/구아이페네신,대원제약(주),False,name_only,True,MFDS nedrug,nedrug.searchDrug,2026-06-12
202200708,도나펜알파연질캡슐,도나펜알파연질캡슐,이부프로펜/파마브롬,(주)서흥,False,name_only,True,MFDS nedrug,nedrug.searchDrug,2026-06-12
202402426,도나펜에이연질캡슐,도나펜에이연질캡슐,이부프로펜/산화마그네슘,(주)서흥,False,name_only,True,MFDS nedrug,nedrug.searchDrug,2026-06-12
202200707,도나펜에프연질캡슐,도나펜에프연질캡슐,이부프로펜/파마브롬,(주)서흥,False,name_only,True,MFDS nedrug,nedrug.searchDrug,2026-06-12
202201645,도나펜엠연질캡슐,도나펜엠연질캡슐,이부프로펜/메타규산알루민산마그네슘,(주)서흥,False,name_only,True,MFDS nedrug,nedrug.searchDrug,2026-06-12
202501655,도나펜하이연질캡슐,도나펜하이연질캡슐,이부프로펜/파마브롬,(주)서흥,False,name_only,True,MFDS nedrug,nedrug.searchDrug,2026-06-12
202300770,동광이부프로펜주,동광이부프로펜주,이부프로펜,동광제약(주),False,name_only,True,MFDS nedrug,nedrug.searchDrug,2026-06-12
202401329,디렉스정,디렉스정,이부프로펜/작약엑스산/감초엑스산,동성제약(주),False,name_only,True,MFDS nedrug,nedrug.searchDrug,2026-06-12
202100359,디큐펜프로나이트연질캡슐,디큐펜프로나이트연질캡슐,이부프로펜/디펜히드라민염산염,(주)알피바이오,False,name_only,True,MFDS nedrug,nedrug.searchDrug,2026-06-12
201005773,디큐펜프로연질캡슐(이부프로펜),디큐펜프로연질캡슐(이부프로펜),이부프로펜,(주)알피바이오,False,name_only,True,MFDS nedrug,nedrug.searchDrug,2026-06-12
200001172,디퓨탭서방정(이부프로펜),디퓨탭서방정(이부프로펜),이부프로펜,동성제약(주),False,name_only,True,MFDS nedrug,nedrug.searchDrug,2026-06-12
201801498,레이디원연질캡슐,레이디원연질캡슐,이부프로펜/파마브롬,제일헬스사이언스(주),False,name_only,True,MFDS nedrug,nedrug.searchDrug,2026-06-12
201708080,레이디퀸연질캡슐,레이디퀸연질캡슐,이부프로펜/파마브롬,(주)에이프로젠바이오로직스,False,name_only,True,MFDS nedrug,nedrug.searchDrug,2026-06-12
202005496,루피엔연질캡슐(이부프로펜),루피엔연질캡슐(이부프로펜),이부프로펜,(주)바스칸바이오제약,False,name_only,True,MFDS nedrug,nedrug.searchDrug,2026-06-12
202402670,루피엔이브연질캡슐,루피엔이브연질캡슐,이부프로펜/파마브롬,(주)바스칸바이오제약,False,name_only,True,MFDS nedrug,nedrug.searchDrug,2026-06-12
199701416,리도펜연질캡슐(이부프로펜),리도펜연질캡슐(이부프로펜),이부프로펜,(주)메디카코리아,False,name_only,True,MFDS nedrug,nedrug.searchDrug,2026-06-12
199302515,리오루펜정400밀리그람(이부프로펜),리오루펜정400밀리그람(이부프로펜),이부프로펜,알파제약(주),False,name_only,True,MFDS nedrug,nedrug.searchDrug,2026-06-12
202401488,마이펜이부400연질캡슐(이부프로펜),마이펜이부400연질캡슐(이부프로펜),이부프로펜,코오롱제약(주),False,name_only,True,MFDS nedrug,nedrug.searchDrug,2026-06-12
200210719,"마이폴캡슐(코데인,이부프로펜,아세트아미노펜)","마이폴캡슐(코데인,이부프로펜,아세트아미노펜)",아세트아미노펜/이부프로펜/코데인인산염수화물,성원애드콕제약(주),False,name_only,True,MFDS nedrug,nedrug.searchDrug,2026-06-12
202501849,맥시부펜노즈연질캡슐,맥시부펜노즈연질캡슐,이부프로펜/슈도에페드린염산염/클로르페니라민말레산염/브롬헥신염산염,한미약품(주),False,name_only,True,MFDS nedrug,nedrug.searchDrug,2026-06-12
202502046,맥시부펜코프연질캡슐,맥시부펜코프연질캡슐,이부프로펜/구아이페네신/덱스트로메토르판브롬화수소산염수화물/DL-메틸에페드린염산염/브롬헥신염산염,한미약품(주),False,name_only,True,MFDS nedrug,nedrug.searchDrug,2026-06-12
202502043,맥시부펜콜드연질캡슐,맥시부펜콜드연질캡슐,이부프로펜/구아이페네신/슈도에페드린염산염/덱스트로메토르판브롬화수소산염수화물/클로르페니라민말레산염/DL-메틸에페드린염산염,한미약품(주),False,name_only,True,MFDS nedrug,nedrug.searchDrug,2026-06-12
202106243,맥시제식주,맥시제식주,아세트아미노펜/이부프로펜나트륨이수화물,(주)경보제약,False,name_only,True,MFDS nedrug,nedrug.searchDrug,2026-06-12
200901517,"맥펜시럽(이부프로펜)(새콤한오렌지맛,감귤향)","맥펜시럽(이부프로펜)(새콤한오렌지맛,감귤향)",이부프로펜,맥널티제약(주),False,name_only,True,MFDS nedrug,nedrug.searchDrug,2026-06-12
200000930,닥스펜정(덱시부프로펜),닥스펜정(덱시부프로펜),덱시부프로펜,(주)바이넥스,False,name_only,True,MFDS nedrug,nedrug.searchDrug,2026-06-12
202003642,대웅바이오덱시부프로펜정300밀리그램,대웅바이오덱시부프로펜정300밀리그램,덱시부프로펜,대웅바이오(주),False,name_only,True,MFDS nedrug,nedrug.searchDrug,2026-06-12
200401219,데코라펜연질캡슐(덱시부프로펜),데코라펜연질캡슐(덱시부프로펜),덱시부프로펜,(주)비보존제약,False,name_only,True,MFDS nedrug,nedrug.searchDrug,2026-06-12
200101016,데코라펜정(덱시부프로펜),데코라펜정(덱시부프로펜),덱시부프로펜,(주)비보존제약,False,name_only,True,MFDS nedrug,nedrug.searchDrug,2026-06-12
201905840,덱브펜정300밀리그램(덱시부프로펜),덱브펜정300밀리그램(덱시부프로펜),덱시부프로펜,이연제약(주),False,name_only,True,MFDS nedrug,nedrug.searchDrug,2026-06-12
200100417,덱사펜정(덱시부프로펜),덱사펜정(덱시부프로펜),덱시부프로펜,하나제약(주),False,name_only,True,MFDS nedrug,nedrug.searchDrug,2026-06-12
202500677,덱센펜연질캡슐(덱시부프로펜),덱센펜연질캡슐(덱시부프로펜),덱시부프로펜,경남제약(주),False,name_only,True,MFDS nedrug,nedrug.searchDrug,2026-06-12
201602068,덱스렌정(덱시부프로펜디.씨.),덱스렌정(덱시부프로펜디.씨.),덱시부프로펜 디.씨.,(주)오스코리아제약,False,name_only,True,MFDS nedrug,nedrug.searchDrug,2026-06-12
201404202,덱스론정400밀리그램(덱시부프로펜 디.씨.),덱스론정400밀리그램(덱시부프로펜 디.씨.),덱시부프로펜 디.씨.,(주)이든파마,False,name_only,True,MFDS nedrug,nedrug.searchDrug,2026-06-12
200709253,덱스리펜정(덱시부프로펜 디.씨.),덱스리펜정(덱시부프로펜 디.씨.),덱시부프로펜 디.씨.,알리코제약(주),False,name_only,True,MFDS nedrug,nedrug.searchDrug,2026-06-12
202003788,덱스원큐에스연질캡슐(덱시부프로펜),덱스원큐에스연질캡슐(덱시부프로펜),덱시부프로펜,동아제약(주),False,name_only,True,MFDS nedrug,nedrug.searchDrug,2026-06-12
201902982,덱스원큐연질캡슐(덱시부프로펜),덱스원큐연질캡슐(덱시부프로펜),덱시부프로펜,동아제약(주),False,name_only,True,MFDS nedrug,nedrug.searchDrug,2026-06-12
200905351,덱스쿨연질캡슐(덱시부프로펜),덱스쿨연질캡슐(덱시부프로펜),덱시부프로펜,일양약품(주),False,name_only,True,MFDS nedrug,nedrug.searchDrug,2026-06-12
201502386,덱스트론정300밀리그램(덱시부프로펜),덱스트론정300밀리그램(덱시부프로펜),덱시부프로펜,대화제약(주),False,name_only,True,MFDS nedrug,nedrug.searchDrug,2026-06-12
201904806,덱스프리연질캡슐(덱시부프로펜),덱스프리연질캡슐(덱시부프로펜),덱시부프로펜,(주)필인터내셔널,False,name_only,True,MFDS nedrug,nedrug.searchDrug,2026-06-12
201110646,덱스피드연질캡슐(덱시부프로펜),덱스피드연질캡슐(덱시부프로펜),덱시부프로펜,(주)유한양행,False,name_only,True,MFDS nedrug,nedrug.searchDrug,2026-06-12
200101683,덱스핀정(덱시부프로펜디.씨),덱스핀정(덱시부프로펜디.씨),덱시부프로펜디.씨,한국유나이티드제약(주),False,name_only,True,MFDS nedrug,nedrug.searchDrug,2026-06-12
201905836,덱시네정(덱시부프로펜),덱시네정(덱시부프로펜),덱시부프로펜,(주)한풍제약,False,name_only,True,MFDS nedrug,nedrug.searchDrug,2026-06-12
201708249,덱시디펜시럽(덱시부프로펜),덱시디펜시럽(덱시부프로펜),덱시부프로펜,경동제약(주),False,name_only,True,MFDS nedrug,nedrug.searchDrug,2026-06-12
201602338,덱시디펜정400밀리그램(덱시부프로펜디.씨.),덱시디펜정400밀리그램(덱시부프로펜디.씨.),덱시부프로펜 디.씨.,경동제약(주),False,name_only,True,MFDS nedrug,nedrug.searchDrug,2026-06-12
202000676,덱시딜시럽(덱시부프로펜),덱시딜시럽(덱시부프로펜),덱시부프로펜,조아제약(주),False,name_only,True,MFDS nedrug,nedrug.searchDrug,2026-06-12
201602517,덱시딜정400mg(덱시부프로펜디.씨.),덱시딜정400mg(덱시부프로펜디.씨.),덱시부프로펜 디.씨.,조아제약(주),False,name_only,True,MFDS nedrug,nedrug.searchDrug,2026-06-12
200400135,덱시로펜정(덱시부프로펜),덱시로펜정(덱시부프로펜),덱시부프로펜,동광제약(주),False,name_only,True,MFDS nedrug,nedrug.searchDrug,2026-06-12
201006494,덱시부시럽(덱시부프로펜),덱시부시럽(덱시부프로펜),덱시부프로펜,(주)팜젠사이언스,False,name_only,True,MFDS nedrug,nedrug.searchDrug,2026-06-12
200502035,덱시부정400mg(덱시부프로펜디.씨),덱시부정400mg(덱시부프로펜디.씨),덱시부프로펜 디.씨,(주)팜젠사이언스,False,name_only,True,MFDS nedrug,nedrug.searchDrug,2026-06-12
200809274,덱시부펜연질캡슐(덱시부프로펜),덱시부펜연질캡슐(덱시부프로펜),덱시부프로펜,제일헬스사이언스(주),False,name_only,True,MFDS nedrug,nedrug.searchDrug,2026-06-12
202401742,덱시센연질캡슐(덱시부프로펜),덱시센연질캡슐(덱시부프로펜),덱시부프로펜,(주)씨엠지제약,False,name_only,True,MFDS nedrug,nedrug.searchDrug,2026-06-12
200900041,덱시엔연질캡슐(덱시부프로펜),덱시엔연질캡슐(덱시부프로펜),덱시부프로펜,에스케이케미칼(주),False,name_only,True,MFDS nedrug,nedrug.searchDrug,2026-06-12
200808462,덱시원연질캡슐(덱시부프로펜),덱시원연질캡슐(덱시부프로펜),덱시부프로펜,한국코러스(주),False,name_only,True,MFDS nedrug,nedrug.searchDrug,2026-06-12
201005694,덱시탑시럽(덱시부프로펜),덱시탑시럽(덱시부프로펜),덱시부프로펜,건일제약(주),False,name_only,True,MFDS nedrug,nedrug.searchDrug,2026-06-12
200204388,나프록신정(나프록센나트륨),나프록신정(나프록센나트륨),나프록센나트륨,화일약품(주),False,name_only,True,MFDS nedrug,nedrug.searchDrug,2026-06-12
199802387,나프롱정(나프록센나트륨),나프롱정(나프록센나트륨),나프록센나트륨,신일제약(주),False,name_only,True,MFDS nedrug,nedrug.searchDrug,2026-06-12
202003877,나프원큐에스연질캡슐(나프록센),나프원큐에스연질캡슐(나프록센),나프록센,동아제약(주),False,name_only,True,MFDS nedrug,nedrug.searchDrug,2026-06-12
201902876,나프원큐연질캡슐(나프록센),나프원큐연질캡슐(나프록센),나프록센,동아제약(주),False,name_only,True,MFDS nedrug,nedrug.searchDrug,2026-06-12
199700166,낙센에프서방정1000밀리그램(나프록센),낙센에프서방정1000밀리그램(나프록센),나프록센,(주)종근당,False,name_only,True,MFDS nedrug,nedrug.searchDrug,2026-06-12
199300208,낙센에프정(나프록센),낙센에프정(나프록센),나프록센,(주)종근당,False,name_only,True,MFDS nedrug,nedrug.searchDrug,2026-06-12
201501592,낙센연질캡슐(나프록센),낙센연질캡슐(나프록센),나프록센,(주)종근당,False,name_only,True,MFDS nedrug,nedrug.searchDrug,2026-06-12
197500016,낙센정(나프록센),낙센정(나프록센),나프록센,(주)종근당,False,name_only,True,MFDS nedrug,nedrug.searchDrug,2026-06-12
202106248,노바프록센정(나프록센나트륨),노바프록센정(나프록센나트륨),나프록센나트륨,주식회사 노바엠헬스케어,False,name_only,True,MFDS nedrug,nedrug.searchDrug,2026-06-12
202600925,뇌신롱연질캡슐(나프록센),뇌신롱연질캡슐(나프록센),나프록센,씨에이치디제약주식회사,False,name_only,True,MFDS nedrug,nedrug.searchDrug,2026-06-12
201404125,다나센연질캡슐(나프록센),다나센연질캡슐(나프록센),나프록센,(주)에이프로젠바이오로직스,False,name_only,True,MFDS nedrug,nedrug.searchDrug,2026-06-12
201700401,로젠연질캡슐(나프록센),로젠연질캡슐(나프록센),나프록센,정우신약(주),False,name_only,True,MFDS nedrug,nedrug.searchDrug,2026-06-12
201404850,맥쎈연질캡슐(나프록센),맥쎈연질캡슐(나프록센),나프록센,코스맥스파마(주),False,name_only,True,MFDS nedrug,nedrug.searchDrug,2026-06-12
201907830,미가펜에스연질캡슐(나프록센),미가펜에스연질캡슐(나프록센),나프록센,(주)팜젠사이언스,False,name_only,True,MFDS nedrug,nedrug.searchDrug,2026-06-12
199902599,미래나프록센나트륨정,미래나프록센나트륨정,나프록센나트륨,미래바이오제약(주),False,name_only,True,MFDS nedrug,nedrug.searchDrug,2026-06-12
199102384,세록센정(나프록센나트륨),세록센정(나프록센나트륨),나프록센나트륨,영풍제약(주),False,name_only,True,MFDS nedrug,nedrug.searchDrug,2026-06-12
201900727,솔루록센연질캡슐(나프록센),솔루록센연질캡슐(나프록센),나프록센,현대약품(주),False,name_only,True,MFDS nedrug,nedrug.searchDrug,2026-06-12
202302313,수벡스정,수벡스정,수마트립탄숙신산염/나프록센나트륨,에스케이케미칼(주),False,name_only,True,MFDS nedrug,nedrug.searchDrug,2026-06-12
200102657,스노핀정275밀리그램(나프록센나트륨),스노핀정275밀리그램(나프록센나트륨),나프록센나트륨,(주)한국파비스제약,False,name_only,True,MFDS nedrug,nedrug.searchDrug,2026-06-12
201310281,스피록센연질캡슐(나프록센),스피록센연질캡슐(나프록센),나프록센,광동제약(주),False,name_only,True,MFDS nedrug,nedrug.searchDrug,2026-06-12
202401759,시어스나프록센정(나프록센나트륨),시어스나프록센정(나프록센나트륨),나프록센나트륨,(주)시어스제약,False,name_only,True,MFDS nedrug,nedrug.searchDrug,2026-06-12
200400644,아나탁심정(나프록센나트륨),아나탁심정(나프록센나트륨),나프록센나트륨,(주)마더스제약,False,name_only,True,MFDS nedrug,nedrug.searchDrug,2026-06-12
198300064,아나프록스정(나프록센나트륨),아나프록스정(나프록센나트륨),나프록센나트륨,(주)종근당,False,name_only,True,MFDS nedrug,nedrug.searchDrug,2026-06-12
198700731,아낙스정(나프록센나트륨),아낙스정(나프록센나트륨),나프록센나트륨,환인제약(주),False,name_only,True,MFDS nedrug,nedrug.searchDrug,2026-06-12
198802481,알삭센정(나프록센나트륨),알삭센정(나프록센나트륨),나프록센나트륨,지엘파마(주),False,name_only,True,MFDS nedrug,nedrug.searchDrug,2026-06-12
200403671,에이스펜연질캡슐(나프록센),에이스펜연질캡슐(나프록센),나프록센,(주)알피바이오,False,name_only,True,MFDS nedrug,nedrug.searchDrug,2026-06-12
199403378,에이프로젠나프록센나트륨정,에이프로젠나프록센나트륨정,나프록센나트륨,(주)에이프로젠바이오로직스,False,name_only,True,MFDS nedrug,nedrug.searchDrug,2026-06-12
201301493,에이프록센연질캡슐(나프록센),에이프록센연질캡슐(나프록센),나프록센,(주)서흥,False,name_only,True,MFDS nedrug,nedrug.searchDrug,2026-06-12
200901148,엔에이피정(나프록센나트륨),엔에이피정(나프록센나트륨),나프록센나트륨,한솔신약(주),False,name_only,True,MFDS nedrug,nedrug.searchDrug,2026-06-12
201801443,로페낙정(아세클로페낙),로페낙정(아세클로페낙),아세클로페낙,(주)인트로바이오파마,False,name_only,True,MFDS nedrug,nedrug.searchDrug,2026-06-12
201400500,류마크로정(아세클로페낙),류마크로정(아세클로페낙),아세클로페낙,고려제약(주),False,name_only,True,MFDS nedrug,nedrug.searchDrug,2026-06-12
202001890,메가클로페낙정(아세클로페낙),메가클로페낙정(아세클로페낙),아세클로페낙,(주)엘앤씨바이오,False,name_only,True,MFDS nedrug,nedrug.searchDrug,2026-06-12
201206908,베오페낙CR정(아세클로페낙),베오페낙cr정(아세클로페낙),아세클로페낙,한림제약(주),False,name_only,True,MFDS nedrug,nedrug.searchDrug,2026-06-12
200302313,베오페낙정(아세클로페낙),베오페낙정(아세클로페낙),아세클로페낙,한림제약(주),False,name_only,True,MFDS nedrug,nedrug.searchDrug,2026-06-12
199801524,세나펜정(아세클로페낙),세나펜정(아세클로페낙),아세클로페낙,대원제약(주),False,name_only,True,MFDS nedrug,nedrug.searchDrug,2026-06-12
201802770,세니탈CR정(아세클로페낙),세니탈cr정(아세클로페낙),아세클로페낙,하나제약(주),False,name_only,True,MFDS nedrug,nedrug.searchDrug,2026-06-12
201907074,세로탈정100밀리그램(아세클로페낙),세로탈정100밀리그램(아세클로페낙),아세클로페낙,(주)아리제약,False,name_only,True,MFDS nedrug,nedrug.searchDrug,2026-06-12
201602997,세크로낙정100밀리그램(아세클로페낙),세크로낙정100밀리그램(아세클로페낙),아세클로페낙,(주)다산제약,False,name_only,True,MFDS nedrug,nedrug.searchDrug,2026-06-12
200300102,세클로낙정(아세클로페낙),세클로낙정(아세클로페낙),아세클로페낙,(주)종근당,False,name_only,True,MFDS nedrug,nedrug.searchDrug,2026-06-12
199800519,셀트리온아세클로페낙정,셀트리온아세클로페낙정,아세클로페낙,(주)셀트리온제약,False,name_only,True,MFDS nedrug,nedrug.searchDrug,2026-06-12
201905471,신텍클로페낙정100밀리그램(아세클로페낙),신텍클로페낙정100밀리그램(아세클로페낙),아세클로페낙,(주)셀비온,False,name_only,True,MFDS nedrug,nedrug.searchDrug,2026-06-12
200302642,아가펜정(아세클로페낙),아가펜정(아세클로페낙),아세클로페낙,한국프라임제약(주),False,name_only,True,MFDS nedrug,nedrug.searchDrug,2026-06-12
200403775,아낙정(아세클로페낙),아낙정(아세클로페낙),아세클로페낙,한국코러스(주),False,name_only,True,MFDS nedrug,nedrug.searchDrug,2026-06-12
201300017,아덴만정(아세클로페낙),아덴만정(아세클로페낙),아세클로페낙,미래바이오제약(주),False,name_only,True,MFDS nedrug,nedrug.searchDrug,2026-06-12
201306452,아로낙정(아세클로페낙),아로낙정(아세클로페낙),아세클로페낙,(주)유영제약,False,name_only,True,MFDS nedrug,nedrug.searchDrug,2026-06-12
201706180,아로페낙정(아세클로페낙),아로페낙정(아세클로페낙),아세클로페낙,익수제약(주),False,name_only,True,MFDS nedrug,nedrug.searchDrug,2026-06-12
201209009,아로펜CR정(아세클로페낙),아로펜cr정(아세클로페낙),아세클로페낙,국제약품(주),False,name_only,True,MFDS nedrug,nedrug.searchDrug,2026-06-12
201404982,아리탈정(아세클로페낙),아리탈정(아세클로페낙),아세클로페낙,일양약품(주),False,name_only,True,MFDS nedrug,nedrug.searchDrug,2026-06-12
201404512,아리펜정(아세클로페낙),아리펜정(아세클로페낙),아세클로페낙,삼남제약(주),False,name_only,True,MFDS nedrug,nedrug.searchDrug,2026-06-12
200300687,아세낙정(아세클로페낙),아세낙정(아세클로페낙),아세클로페낙,(주)에이프로젠바이오로직스,False,name_only,True,MFDS nedrug,nedrug.searchDrug,2026-06-12
201902821,아세날CR정(아세클로페낙),아세날cr정(아세클로페낙),아세클로페낙,성원애드콕제약(주),False,name_only,True,MFDS nedrug,nedrug.searchDrug,2026-06-12
200404606,아세날정(아세클로페낙),아세날정(아세클로페낙),아세클로페낙,성원애드콕제약(주),False,name_only,True,MFDS nedrug,nedrug.searchDrug,2026-06-12
201904672,아세네정(아세클로페낙),아세네정(아세클로페낙),아세클로페낙,(주)한풍제약,False,name_only,True,MFDS nedrug,nedrug.searchDrug,2026-06-12
201309497,아세로낙정(아세클로페낙),아세로낙정(아세클로페낙),아세클로페낙,(주)화이트생명과학,False,name_only,True,MFDS nedrug,nedrug.searchDrug,2026-06-12
200300307,아세로정(아세클로페낙),아세로정(아세클로페낙),아세클로페낙,한올바이오파마(주),False,name_only,True,MFDS nedrug,nedrug.searchDrug,2026-06-12
201902538,아세로탈정100밀리그램(아세클로페낙),아세로탈정100밀리그램(아세클로페낙),아세클로페낙,(주)보령바이오파마,False,name_only,True,MFDS nedrug,nedrug.searchDrug,2026-06-12
201902910,아세론CR정(아세클로페낙),아세론cr정(아세클로페낙),아세클로페낙,구주제약(주),False,name_only,True,MFDS nedrug,nedrug.searchDrug,2026-06-12
200402557,아세론정(아세클로페낙),아세론정(아세클로페낙),아세클로페낙,구주제약(주),False,name_only,True,MFDS nedrug,nedrug.searchDrug,2026-06-12
201307230,아세롬정100밀리그램(아세클로페낙),아세롬정100밀리그램(아세클로페낙),아세클로페낙,풍림무약(주),False,name_only,True,MFDS nedrug,nedrug.searchDrug,2026-06-12
200001074,뉴페낙주사2밀리리터(디클로페낙β-디메틸아미노에탄올),뉴페낙주사2밀리리터(디클로페낙β-디메틸아미노에탄올),디클로페낙β-디메틸아미노에탄올,아주약품(주),False,name_only,True,MFDS nedrug,nedrug.searchDrug,2026-06-12
200102280,다이크론주2ml(디클로페낙베타-디메틸아미노에탄올),다이크론주2ml(디클로페낙베타-디메틸아미노에탄올),디클로페낙베타디메틸아미노에탄올,한국넬슨제약(주),False,name_only,True,MFDS nedrug,nedrug.searchDrug,2026-06-12
199600344,대한디클로페낙주(디클로페낙나트륨),대한디클로페낙주(디클로페낙나트륨),디클로페낙나트륨,대한약품공업(주),False,name_only,True,MFDS nedrug,nedrug.searchDrug,2026-06-12
202202254,디나펜카타플라스마(디클로페낙나트륨),디나펜카타플라스마(디클로페낙나트륨),디클로페낙나트륨,현대약품(주),False,name_only,True,MFDS nedrug,nedrug.searchDrug,2026-06-12
201307879,디나펜플라스타(디클로페낙나트륨),디나펜플라스타(디클로페낙나트륨),디클로페낙나트륨,현대약품(주),False,name_only,True,MFDS nedrug,nedrug.searchDrug,2026-06-12
198701676,디낙스정(디클로페낙나트륨),디낙스정(디클로페낙나트륨),디클로페낙나트륨,지엘파마(주),False,name_only,True,MFDS nedrug,nedrug.searchDrug,2026-06-12
202106009,디낙스정50밀리그램 (디클로페낙나트륨),디낙스정50밀리그램 (디클로페낙나트륨),디클로페낙나트륨,지엘파마(주),False,name_only,True,MFDS nedrug,nedrug.searchDrug,2026-06-12
200607741,디로팝24플라스타(디클로페낙디에틸암모늄),디로팝24플라스타(디클로페낙디에틸암모늄),디클로페낙디에틸암모늄,(주)유한양행,False,name_only,True,MFDS nedrug,nedrug.searchDrug,2026-06-12
201902572,디로펜24쿨플라스타(디클로페낙나트륨),디로펜24쿨플라스타(디클로페낙나트륨),디클로페낙나트륨,(주)시어스제약,False,name_only,True,MFDS nedrug,nedrug.searchDrug,2026-06-12
200002445,디베타씨주(디클로페낙β-디메틸아미노에탄올),디베타씨주(디클로페낙β-디메틸아미노에탄올),디클로페낙β-디메틸아미노에탄올,대화제약(주),False,name_only,True,MFDS nedrug,nedrug.searchDrug,2026-06-12
202002110,디센플러스카타플라스마(디클로페낙나트륨),디센플러스카타플라스마(디클로페낙나트륨),디클로페낙나트륨,(주)티디에스팜,False,name_only,True,MFDS nedrug,nedrug.searchDrug,2026-06-12
202103144,디쿨파워플라스타(디클로페낙나트륨),디쿨파워플라스타(디클로페낙나트륨),디클로페낙나트륨,(주)티디에스팜,False,name_only,True,MFDS nedrug,nedrug.searchDrug,2026-06-12
198902280,디크놀주사(디클로페낙β-디메틸아미노에탄올),디크놀주사(디클로페낙β-디메틸아미노에탄올),디클로페낙β-디메틸아미노에탄올,명문제약(주),False,name_only,True,MFDS nedrug,nedrug.searchDrug,2026-06-12
200103036,디크놀주사2밀리리터(디클로페낙β-디메틸아미노에탄올),디크놀주사2밀리리터(디클로페낙β-디메틸아미노에탄올),디클로페낙β-디메틸아미노에탄올,명문제약(주),False,name_only,True,MFDS nedrug,nedrug.searchDrug,2026-06-12
201206948,디클로겔(디클로페낙디에틸아민염),디클로겔(디클로페낙디에틸아민염),디클로페낙디에틸아민염,알리코제약(주),False,name_only,True,MFDS nedrug,nedrug.searchDrug,2026-06-12
202501065,디클로맥스겔(디클로페낙디에틸암모늄),디클로맥스겔(디클로페낙디에틸암모늄),디클로페낙디에틸암모늄,신신제약(주),False,name_only,True,MFDS nedrug,nedrug.searchDrug,2026-06-12
202302480,디클로맥스플라스타(디클로페낙나트륨),디클로맥스플라스타(디클로페낙나트륨),디클로페낙나트륨,신신제약(주),False,name_only,True,MFDS nedrug,nedrug.searchDrug,2026-06-12
201500494,디클로메드액0.074%(디클로페낙),디클로메드액0.074%(디클로페낙),디클로페낙,코오롱제약(주),False,name_only,True,MFDS nedrug,nedrug.searchDrug,2026-06-12
201708491,디클로주2밀리리터(디클로페낙β-디메틸아미노에탄올),디클로주2밀리리터(디클로페낙β-디메틸아미노에탄올),디클로페낙β-디메틸아미노에탄올,주식회사제뉴원사이언스,False,name_only,True,MFDS nedrug,nedrug.searchDrug,2026-06-12
200702890,디클로펜24첩부제(디클로페낙디에틸암모늄),디클로펜24첩부제(디클로페낙디에틸암모늄),디클로페낙디에틸암모늄,제일헬스사이언스(주),False,name_only,True,MFDS nedrug,nedrug.searchDrug,2026-06-12
202302836,디클로하이카타플라스마(디클로페낙나트륨),디클로하이카타플라스마(디클로페낙나트륨),디클로페낙나트륨,(주)다산제약,False,name_only,True,MFDS nedrug,nedrug.searchDrug,2026-06-12
200700419,디페나엘플라스타(디클로페낙디에틸암모늄),디페나엘플라스타(디클로페낙디에틸암모늄),디클로페낙디에틸암모늄,아이큐어(주),False,name_only,True,MFDS nedrug,nedrug.searchDrug,2026-06-12
201501386,디페낙겔1%(디클로페낙디에틸암모늄),디페낙겔1%(디클로페낙디에틸암모늄),디클로페낙디에틸암모늄/디클로페낙디에틸아민,태극제약(주),False,name_only,True,MFDS nedrug,nedrug.searchDrug,2026-06-12
198000058,디페인정(디클로페낙나트륨),디페인정(디클로페낙나트륨),디클로페낙나트륨,동광제약(주),False,name_only,True,MFDS nedrug,nedrug.searchDrug,2026-06-12
199904095,디펜겔(디클로페낙나트륨),디펜겔(디클로페낙나트륨),디클로페낙나트륨,신일제약(주),False,name_only,True,MFDS nedrug,nedrug.searchDrug,2026-06-12
200906982,디펜플라스타(디클로페낙나트륨),디펜플라스타(디클로페낙나트륨),디클로페낙나트륨,신일제약(주),False,name_only,True,MFDS nedrug,nedrug.searchDrug,2026-06-12
200100154,로페낙주2㎖(디클로페낙나트륨),로페낙주2㎖(디클로페낙나트륨),디클로페낙나트륨,이연제약(주),False,name_only,True,MFDS nedrug,nedrug.searchDrug,2026-06-12
202401785,류마스탑파워플라스타(디클로페낙나트륨),류마스탑파워플라스타(디클로페낙나트륨),디클로페낙나트륨,(주)삼양바이오팜,False,name_only,True,MFDS nedrug,nedrug.searchDrug,2026-06-12
201801390,류펜프리플라스타(디클로페낙나트륨),류펜프리플라스타(디클로페낙나트륨),디클로페낙나트륨,대화제약(주),False,name_only,True,MFDS nedrug,nedrug.searchDrug,2026-06-12
201707913,리페낙점안액(디클로페낙나트륨),리페낙점안액(디클로페낙나트륨),디클로페낙나트륨,(주)휴온스메디텍,False,name_only,True,MFDS nedrug,nedrug.searchDrug,2026-06-12
200403532,류멜캡슐7.5밀리그램(멜록시캄),류멜캡슐7.5밀리그램(멜록시캄),멜록시캄,한림제약(주),False,name_only,True,MFDS nedrug,nedrug.searchDrug,2026-06-12
200401005,맥캄캡슐(멜록시캄),맥캄캡슐(멜록시캄),멜록시캄,에스에스팜(주),False,name_only,True,MFDS nedrug,nedrug.searchDrug,2026-06-12
202000927,메가록시캄캡슐7.5밀리그램(멜록시캄),메가록시캄캡슐7.5밀리그램(멜록시캄),멜록시캄,(주)엘앤씨바이오,False,name_only,True,MFDS nedrug,nedrug.searchDrug,2026-06-12
200400387,메로빅캡슐(멜록시캄),메로빅캡슐(멜록시캄),멜록시캄,(주)셀트리온제약,False,name_only,True,MFDS nedrug,nedrug.searchDrug,2026-06-12
201601027,메로빅캡슐15밀리그램(멜록시캄),메로빅캡슐15밀리그램(멜록시캄),멜록시캄,(주)셀트리온제약,False,name_only,True,MFDS nedrug,nedrug.searchDrug,2026-06-12
201603488,메로시캡슐7.5밀리그램(멜록시캄),메로시캡슐7.5밀리그램(멜록시캄),멜록시캄,아이큐어(주),False,name_only,True,MFDS nedrug,nedrug.searchDrug,2026-06-12
201805357,메로윈캡슐7.5밀리그램(멜록시캄),메로윈캡슐7.5밀리그램(멜록시캄),멜록시캄,코스맥스파마(주),False,name_only,True,MFDS nedrug,nedrug.searchDrug,2026-06-12
200502732,메로캄캡슐(멜록시캄),메로캄캡슐(멜록시캄),멜록시캄,풍림무약(주),False,name_only,True,MFDS nedrug,nedrug.searchDrug,2026-06-12
200400179,메로콕스캡슐15밀리그램(멜록시캄),메로콕스캡슐15밀리그램(멜록시캄),멜록시캄,동아에스티(주),False,name_only,True,MFDS nedrug,nedrug.searchDrug,2026-06-12
200300154,메로콕스캡슐7.5밀리그램(멜록시캄),메로콕스캡슐7.5밀리그램(멜록시캄),멜록시캄,동아에스티(주),False,name_only,True,MFDS nedrug,nedrug.searchDrug,2026-06-12
200402675,메록스캄캡슐15밀리그램(멜록시캄),메록스캄캡슐15밀리그램(멜록시캄),멜록시캄,한미약품(주),False,name_only,True,MFDS nedrug,nedrug.searchDrug,2026-06-12
201110513,메록스캄캡슐7.5밀리그램(멜록시캄),메록스캄캡슐7.5밀리그램(멜록시캄),멜록시캄,한미약품(주),False,name_only,True,MFDS nedrug,nedrug.searchDrug,2026-06-12
200300130,메록심캡슐(멜록시캄),메록심캡슐(멜록시캄),멜록시캄,이연제약(주),False,name_only,True,MFDS nedrug,nedrug.searchDrug,2026-06-12
201310962,메록캄캡슐(멜록시캄),메록캄캡슐(멜록시캄),멜록시캄,대한뉴팜(주),False,name_only,True,MFDS nedrug,nedrug.searchDrug,2026-06-12
200502090,메모빅캡슐7.5밀리그람(멜록시캄),메모빅캡슐7.5밀리그람(멜록시캄),멜록시캄,하나제약(주),False,name_only,True,MFDS nedrug,nedrug.searchDrug,2026-06-12
200402310,메카론캡슐(멜록시캄),메카론캡슐(멜록시캄),멜록시캄,영일제약(주),False,name_only,True,MFDS nedrug,nedrug.searchDrug,2026-06-12
200400112,멜락스캡슐15밀리그램(멜록시캄),멜락스캡슐15밀리그램(멜록시캄),멜록시캄,(주)종근당,False,name_only,True,MFDS nedrug,nedrug.searchDrug,2026-06-12
200300089,멜락스캡슐7.5밀리그램(멜록시캄),멜락스캡슐7.5밀리그램(멜록시캄),멜록시캄,(주)종근당,False,name_only,True,MFDS nedrug,nedrug.searchDrug,2026-06-12
201903234,멜로그린캡슐7.5밀리그램(멜록시캄),멜로그린캡슐7.5밀리그램(멜록시캄),멜록시캄,(주)시어스제약,False,name_only,True,MFDS nedrug,nedrug.searchDrug,2026-06-12
201206872,멜로덱스캡슐15밀리그램(멜록시캄),멜로덱스캡슐15밀리그램(멜록시캄),멜록시캄,삼일제약(주),False,name_only,True,MFDS nedrug,nedrug.searchDrug,2026-06-12
201206751,멜로덱스캡슐7.5밀리그램(멜록시캄),멜로덱스캡슐7.5밀리그램(멜록시캄),멜록시캄,삼일제약(주),False,name_only,True,MFDS nedrug,nedrug.searchDrug,2026-06-12
201308619,멜로디구강붕해정15밀리그램(멜로시캄),멜로디구강붕해정15밀리그램(멜로시캄),멜록시캄,(주)엔엠제약,False,name_only,True,MFDS nedrug,nedrug.searchDrug,2026-06-12
201308618,멜로디구강붕해정7.5밀리그램(멜로시캄),멜로디구강붕해정7.5밀리그램(멜로시캄),멜록시캄,(주)엔엠제약,False,name_only,True,MFDS nedrug,nedrug.searchDrug,2026-06-12
201902872,멜로딘캡슐(멜록시캄),멜로딘캡슐(멜록시캄),멜록시캄,지엘파마(주),False,name_only,True,MFDS nedrug,nedrug.searchDrug,2026-06-12
201507776,멜로빅캡슐7.5mg(멜록시캄),멜로빅캡슐7.5mg(멜록시캄),멜록시캄,(주)씨티씨바이오,False,name_only,True,MFDS nedrug,nedrug.searchDrug,2026-06-12
201307991,멜로시드캡슐15밀리그램(멜록시캄),멜로시드캡슐15밀리그램(멜록시캄),멜록시캄,제일약품(주),False,name_only,True,MFDS nedrug,nedrug.searchDrug,2026-06-12
201308010,멜로시드캡슐7.5밀리그램(멜록시캄),멜로시드캡슐7.5밀리그램(멜록시캄),멜록시캄,제일약품(주),False,name_only,True,MFDS nedrug,nedrug.searchDrug,2026-06-12
200402696,멜로칸캡슐(멜록시캄),멜로칸캡슐(멜록시캄),멜록시캄,(주)한국파비스제약,False,name_only,True,MFDS nedrug,nedrug.searchDrug,2026-06-12
201803847,멜로캅캡슐7.5밀리그램(멜록시캄),멜로캅캡슐7.5밀리그램(멜록시캄),멜록시캄,일양바이오팜(주),False,name_only,True,MFDS nedrug,nedrug.searchDrug,2026-06-12
201310587,멜로텍스캡슐 7.5mg(멜록시캄),멜로텍스캡슐 7.5mg(멜록시캄),멜록시캄,(주)테라젠이텍스,False,name_only,True,MFDS nedrug,nedrug.searchDrug,2026-06-12
201901146,라이트록소정(록소프로펜나트륨수화물),라이트록소정(록소프로펜나트륨수화물),록소프로펜나트륨수화물,(주)라이트팜텍,False,name_only,True,MFDS nedrug,nedrug.searchDrug,2026-06-12
201309970,락소펜엠정(록소프로펜나트륨수화물),락소펜엠정(록소프로펜나트륨수화물),록소프로펜나트륨수화물,(주)마더스제약,False,name_only,True,MFDS nedrug,nedrug.searchDrug,2026-06-12
200402510,러키펜정(록소프로펜나트륨수화물),러키펜정(록소프로펜나트륨수화물),록소프로펜나트륨수화물,하나제약(주),False,name_only,True,MFDS nedrug,nedrug.searchDrug,2026-06-12
199700557,레녹스정(록소프로펜나트륨수화물),레녹스정(록소프로펜나트륨수화물),록소프로펜나트륨수화물,일동제약(주),False,name_only,True,MFDS nedrug,nedrug.searchDrug,2026-06-12
201003453,레녹스카타플라스마(록소프로펜나트륨수화물),레녹스카타플라스마(록소프로펜나트륨수화물),록소프로펜나트륨수화물,일동제약(주),False,name_only,True,MFDS nedrug,nedrug.searchDrug,2026-06-12
200300064,렉소팬정(록소프로펜나트륨),렉소팬정(록소프로펜나트륨),록소프로펜나트륨,한국휴텍스제약(주),False,name_only,True,MFDS nedrug,nedrug.searchDrug,2026-06-12
201800787,로나펜정(록소프로펜나트륨수화물),로나펜정(록소프로펜나트륨수화물),록소프로펜나트륨수화물,(주)이든파마,False,name_only,True,MFDS nedrug,nedrug.searchDrug,2026-06-12
200402391,로닌정(록소프로펜나트륨수화물),로닌정(록소프로펜나트륨수화물),록소프로펜나트륨수화물,(주)테라젠이텍스,False,name_only,True,MFDS nedrug,nedrug.searchDrug,2026-06-12
201804583,로로펜정60밀리그램(록소프로펜나트륨수화물),로로펜정60밀리그램(록소프로펜나트륨수화물),록소프로펜나트륨수화물,풍림무약(주),False,name_only,True,MFDS nedrug,nedrug.searchDrug,2026-06-12
199801240,로바펜정(록소프로펜나트륨),로바펜정(록소프로펜나트륨),록소프로펜나트륨,일양약품(주),False,name_only,True,MFDS nedrug,nedrug.searchDrug,2026-06-12
199702297,로부펜정(록소프로펜나트륨수화물),로부펜정(록소프로펜나트륨수화물),록소프로펜나트륨수화물,삼아제약(주),False,name_only,True,MFDS nedrug,nedrug.searchDrug,2026-06-12
201602370,로소펜정(록소프로펜나트륨수화물),로소펜정(록소프로펜나트륨수화물),록소프로펜나트륨수화물,태극제약(주),False,name_only,True,MFDS nedrug,nedrug.searchDrug,2026-06-12
201309067,로소프린정(록소프로펜나트륨수화물),로소프린정(록소프로펜나트륨수화물),록소프로펜나트륨수화물,한화제약(주),False,name_only,True,MFDS nedrug,nedrug.searchDrug,2026-06-12
201600498,로페날정(록소프로펜나트륨수화물),로페날정(록소프로펜나트륨수화물),록소프로펜나트륨수화물,한국코러스(주),False,name_only,True,MFDS nedrug,nedrug.searchDrug,2026-06-12
201403088,로펜정60밀리그램(록소프로펜나트륨수화물),로펜정60밀리그램(록소프로펜나트륨수화물),록소프로펜나트륨수화물,진양제약(주),False,name_only,True,MFDS nedrug,nedrug.searchDrug,2026-06-12
201206201,로펜탁정60밀리그램(록소프로펜나트륨수화물),로펜탁정60밀리그램(록소프로펜나트륨수화물),록소프로펜나트륨수화물,환인제약(주),False,name_only,True,MFDS nedrug,nedrug.searchDrug,2026-06-12
202002132,로포닌정(록소프로펜나트륨수화물),로포닌정(록소프로펜나트륨수화물),록소프로펜나트륨수화물,엔비케이제약(주),False,name_only,True,MFDS nedrug,nedrug.searchDrug,2026-06-12
201601348,로프로펜정(록소프로펜나트륨수화물),로프로펜정(록소프로펜나트륨수화물),록소프로펜나트륨수화물,익수제약(주),False,name_only,True,MFDS nedrug,nedrug.searchDrug,2026-06-12
199801897,록사트론정(록소프로펜나트륨수화물),록사트론정(록소프로펜나트륨수화물),록소프로펜나트륨수화물,대화제약(주),False,name_only,True,MFDS nedrug,nedrug.searchDrug,2026-06-12
200400841,록사펜정(록소프로펜나트륨수화물),록사펜정(록소프로펜나트륨수화물),록소프로펜나트륨수화물,알리코제약(주),False,name_only,True,MFDS nedrug,nedrug.searchDrug,2026-06-12
201603923,록세린정(록소프로펜나트륨수화물),록세린정(록소프로펜나트륨수화물),록소프로펜나트륨수화물,(주)서흥,False,name_only,True,MFDS nedrug,nedrug.searchDrug,2026-06-12
199900672,록세핀정(록소프로펜나트륨수화물),록세핀정(록소프로펜나트륨수화물),록소프로펜나트륨수화물,대우제약(주),False,name_only,True,MFDS nedrug,nedrug.searchDrug,2026-06-12
200906275,록센씬젤카타플라스마(록소프로펜나트륨수화물),록센씬젤카타플라스마(록소프로펜나트륨수화물),록소프로펜나트륨수화물,아이큐어(주),False,name_only,True,MFDS nedrug,nedrug.searchDrug,2026-06-12
201906222,록소나린정(록소프로펜나트륨),록소나린정(록소프로펜나트륨),록소프로펜나트륨수화물,독립바이오제약(주),False,name_only,True,MFDS nedrug,nedrug.searchDrug,2026-06-12
200811495,록소나첩부제(록소프로펜나트륨수화물),록소나첩부제(록소프로펜나트륨수화물),록소프로펜나트륨수화물,대화제약(주),False,name_only,True,MFDS nedrug,nedrug.searchDrug,2026-06-12
200709833,록소나카타플라스마(록소프로펜나트륨수화물),록소나카타플라스마(록소프로펜나트륨수화물),록소프로펜나트륨수화물,대화제약(주),False,name_only,True,MFDS nedrug,nedrug.searchDrug,2026-06-12
200301612,록소날정(록소프로펜나트륨수화물),록소날정(록소프로펜나트륨수화물),록소프로펜나트륨수화물,경동제약(주),False,name_only,True,MFDS nedrug,nedrug.searchDrug,2026-06-12
200402643,록소드펜정60밀리그램(록소프로펜나트륨수화물),록소드펜정60밀리그램(록소프로펜나트륨수화물),록소프로펜나트륨수화물,한미약품(주),False,name_only,True,MFDS nedrug,nedrug.searchDrug,2026-06-12
201508215,록소디엘정60밀리그램(록소프로펜나트륨수화물),록소디엘정60밀리그램(록소프로펜나트륨수화물),록소프로펜나트륨수화물,(주)다산제약,False,name_only,True,MFDS nedrug,nedrug.searchDrug,2026-06-12
200200375,록소디펜정(록소프로펜나트륨수화물),록소디펜정(록소프로펜나트륨수화물),록소프로펜나트륨수화물,(주)셀트리온제약,False,name_only,True,MFDS nedrug,nedrug.searchDrug,2026-06-12
201500216,케톨민주(케토롤락트로메타민),케톨민주(케토롤락트로메타민),케토롤락트로메타민,이연제약(주),False,name_only,True,MFDS nedrug,nedrug.searchDrug,2026-06-12
200713001,키톨락점안액0.5%(케토롤락트로메타민염),키톨락점안액0.5%(케토롤락트로메타민염),케토롤락트로메타민염,한미약품(주),False,name_only,True,MFDS nedrug,nedrug.searchDrug,2026-06-12
199701415,타벨주(케토롤락트로메타민염),타벨주(케토롤락트로메타민염),케토롤락트로메타민염,(주)메디카코리아,False,name_only,True,MFDS nedrug,nedrug.searchDrug,2026-06-12
199604999,트롤락주(케토롤락트로메타민염),트롤락주(케토롤락트로메타민염),케토롤락트로메타민염,환인제약(주),False,name_only,True,MFDS nedrug,nedrug.searchDrug,2026-06-12
201402850,도라셋세미정,도라셋세미정,트라마돌염산염/아세트아미노펜,진양제약(주),False,name_only,True,MFDS nedrug,nedrug.searchDrug,2026-06-12
200712885,도라셋정,도라셋정,아세트아미노펜/트라마돌염산염,진양제약(주),False,name_only,True,MFDS nedrug,nedrug.searchDrug,2026-06-12
198700215,도란찐주50밀리그람(트라마돌염산염),도란찐주50밀리그람(트라마돌염산염),트라마돌염산염,삼성제약(주),False,name_only,True,MFDS nedrug,nedrug.searchDrug,2026-06-12
199702548,돌마주사(트라마돌염산염),돌마주사(트라마돌염산염),트라마돌염산염,미래바이오제약(주),False,name_only,True,MFDS nedrug,nedrug.searchDrug,2026-06-12
200710638,돌트람셋세미정,돌트람셋세미정,트라마돌염산염/아세트아미노펜,광동제약(주),False,name_only,True,MFDS nedrug,nedrug.searchDrug,2026-06-12
200710197,돌트람셋정,돌트람셋정,트라마돌염산염/아세트아미노펜,광동제약(주),False,name_only,True,MFDS nedrug,nedrug.searchDrug,2026-06-12
200804917,듀라셋세미정,듀라셋세미정,아세트아미노펜/트라마돌염산염,영일제약(주),False,name_only,True,MFDS nedrug,nedrug.searchDrug,2026-06-12
200804916,듀라셋정,듀라셋정,아세트아미노펜/트라마돌염산염,영일제약(주),False,name_only,True,MFDS nedrug,nedrug.searchDrug,2026-06-12
201506597,듀얼셋세미서방정,듀얼셋세미서방정,아세트아미노펜/트라마돌염산염,(주)중헌제약,False,name_only,True,MFDS nedrug,nedrug.searchDrug,2026-06-12
200804631,듀얼셋세미정,듀얼셋세미정,트라마돌염산염/아세트아미노펜,(주)중헌제약,False,name_only,True,MFDS nedrug,nedrug.searchDrug,2026-06-12
200709529,듀얼셋정,듀얼셋정,아세트아미노펜/트라마돌염산염,(주)중헌제약,False,name_only,True,MFDS nedrug,nedrug.searchDrug,2026-06-12
201902150,듀오다인세미정,듀오다인세미정,아세트아미노펜/트라마돌염산염,(주)제뉴파마,False,name_only,True,MFDS nedrug,nedrug.searchDrug,2026-06-12
200804561,듀오셋정,듀오셋정,아세트아미노펜/트라마돌염산염,삼천당제약(주),False,name_only,True,MFDS nedrug,nedrug.searchDrug,2026-06-12
200712872,디워렌정,디워렌정,트라마돌염산염/아세트아미노펜,오스틴제약(주),False,name_only,True,MFDS nedrug,nedrug.searchDrug,2026-06-12
201602709,라노펜세미정,라노펜세미정,트라마돌염산염/아세트아미노펜,한국코러스(주),False,name_only,True,MFDS nedrug,nedrug.searchDrug,2026-06-12
200804702,라노펜정,라노펜정,트라마돌염산염/아세트아미노펜,한국코러스(주),False,name_only,True,MFDS nedrug,nedrug.searchDrug,2026-06-12
200709641,래피셋세미정,래피셋세미정,아세트아미노펜/트라마돌염산염,(주)종근당,False,name_only,True,MFDS nedrug,nedrug.searchDrug,2026-06-12
200709640,래피셋정,래피셋정,트라마돌염산염/아세트아미노펜,(주)종근당,False,name_only,True,MFDS nedrug,nedrug.searchDrug,2026-06-12
200805143,"레바셋세미정(트라마돌염산염,아세트아미노펜)","레바셋세미정(트라마돌염산염,아세트아미노펜)",트라마돌염산염/아세트아미노펜,(주)바스칸바이오제약,False,name_only,True,MFDS nedrug,nedrug.searchDrug,2026-06-12
200805144,"레바셋정(트라마돌염산염,아세트아미노펜)","레바셋정(트라마돌염산염,아세트아미노펜)",아세트아미노펜/트라마돌염산염,(주)바스칸바이오제약,False,name_only,True,MFDS nedrug,nedrug.searchDrug,2026-06-12
201706399,마도펜세미서방정,마도펜세미서방정,아세트아미노펜/트라마돌염산염,일성아이에스(주),False,name_only,True,MFDS nedrug,nedrug.searchDrug,2026-06-12
201805171,마도펜세미정,마도펜세미정,아세트아미노펜/트라마돌염산염,일성아이에스(주),False,name_only,True,MFDS nedrug,nedrug.searchDrug,2026-06-12
198800476,마리트롤주(트라마돌염산염),마리트롤주(트라마돌염산염),트라마돌염산염,(주)제일제약,False,name_only,True,MFDS nedrug,nedrug.searchDrug,2026-06-12
201803289,"마이티셋세미정(트라마돌염산염, 아세트아미노펜)","마이티셋세미정(트라마돌염산염, 아세트아미노펜)",트라마돌염산염/아세트아미노펜,에이치엘비제약(주),False,name_only,True,MFDS nedrug,nedrug.searchDrug,2026-06-12
200804952,"마이티셋정(트라마돌염산염, 아세트아미노펜)","마이티셋정(트라마돌염산염, 아세트아미노펜)",아세트아미노펜/트라마돌염산염,에이치엘비제약(주),False,name_only,True,MFDS nedrug,nedrug.searchDrug,2026-06-12
200805296,맥스노펜세미정,맥스노펜세미정,트라마돌염산염/아세트아미노펜,(주)보령,False,name_only,True,MFDS nedrug,nedrug.searchDrug,2026-06-12
200804908,맥스노펜정,맥스노펜정,트라마돌염산염/아세트아미노펜,(주)보령,False,name_only,True,MFDS nedrug,nedrug.searchDrug,2026-06-12
201402450,메가셋세미정,메가셋세미정,아세트아미노펜/트라마돌염산염,대화제약(주),False,name_only,True,MFDS nedrug,nedrug.searchDrug,2026-06-12
200711209,메가셋정,메가셋정,아세트아미노펜/트라마돌염산염,대화제약(주),False,name_only,True,MFDS nedrug,nedrug.searchDrug,2026-06-12
200804802,메가스펜정,메가스펜정,트라마돌염산염/아세트아미노펜,경동제약(주),False,name_only,True,MFDS nedrug,nedrug.searchDrug,2026-06-12
201603125,넥모클린정375mg(아목시실린-클라불란산칼륨),넥모클린정375mg(아목시실린-클라불란산칼륨),아목시실린수화물/묽은클라불란산칼륨,(주)넥스팜코리아,False,name_only,True,MFDS nedrug,nedrug.searchDrug,2026-06-12
201603126,넥모클린정625mg(아목시실린·클라불란산칼륨),넥모클린정625mg(아목시실린·클라불란산칼륨),아목시실린수화물/묽은클라불란산칼륨,(주)넥스팜코리아,False,name_only,True,MFDS nedrug,nedrug.searchDrug,2026-06-12
201700377,노보클란정625밀리그램(아목시실린수화물·묽은클라불란산칼륨),노보클란정625밀리그램(아목시실린수화물·묽은클라불란산칼륨),아목시실린수화물/묽은클라불란산칼륨,(주)휴비스트제약,False,name_only,True,MFDS nedrug,nedrug.searchDrug,2026-06-12
201306381,뉴클라정375밀리그램(아목시실린수화물·묽은클라불란산칼륨(2:1)),뉴클라정375밀리그램(아목시실린수화물·묽은클라불란산칼륨(2:1)),아목시실린수화물/묽은클라불란산칼륨,한림제약(주),False,name_only,True,MFDS nedrug,nedrug.searchDrug,2026-06-12
201402831,뉴클라정625밀리그램(아목시실린·클라불란산칼륨(4:1)),뉴클라정625밀리그램(아목시실린·클라불란산칼륨(4:1)),아목시실린수화물/묽은클라불란산칼륨,한림제약(주),False,name_only,True,MFDS nedrug,nedrug.searchDrug,2026-06-12
200710573,뉴피론정500mg(아목시실린·설박탐피복실),뉴피론정500mg(아목시실린·설박탐피복실),아목시실린수화물/설박탐피복실,(주)한국파비스제약,False,name_only,True,MFDS nedrug,nedrug.searchDrug,2026-06-12
200201763,듀오넥스건조시럽[(아목시실린.클라불란산칼륨(7:1)],듀오넥스건조시럽[(아목시실린.클라불란산칼륨(7:1)],아목시실린수화물/묽은클라불란산칼륨,대화제약(주),False,name_only,True,MFDS nedrug,nedrug.searchDrug,2026-06-12
201907911,듀오박탐정500밀리그램(아목시실린·설박탐피복실),듀오박탐정500밀리그램(아목시실린·설박탐피복실),아목시실린수화물/설박탐피복실,(주)킵스바이오파마,False,name_only,True,MFDS nedrug,nedrug.searchDrug,2026-06-12
200710393,듀오설탐정500밀리그램(아목시실린·설박탐피복실),듀오설탐정500밀리그램(아목시실린·설박탐피복실),아목시실린수화물/설박탐피복실,대화제약(주),False,name_only,True,MFDS nedrug,nedrug.searchDrug,2026-06-12
201707368,듀오크라네오건조시럽(아목시실린-클라불란산칼륨(14:1)),듀오크라네오건조시럽(아목시실린-클라불란산칼륨(14:1)),아목시실린수화물/묽은클라불란산칼륨,고려제약(주),False,name_only,True,MFDS nedrug,nedrug.searchDrug,2026-06-12
201604096,라모실린정625mg(아목시실린.클라불란산칼륨),라모실린정625mg(아목시실린.클라불란산칼륨),아목시실린수화물/묽은클라불란산칼륨,조아제약(주),False,name_only,True,MFDS nedrug,nedrug.searchDrug,2026-06-12
201601759,라모크린네오시럽(아목시실린-클라불란산칼륨(14:1)),라모크린네오시럽(아목시실린-클라불란산칼륨(14:1)),아목시실린수화물/묽은클라불란산칼륨,(주)팜젠사이언스,False,name_only,True,MFDS nedrug,nedrug.searchDrug,2026-06-12
200202017,라모크린듀오건조시럽[아목시실린.클라불란산칼륨(7:1)],라모크린듀오건조시럽[아목시실린.클라불란산칼륨(7:1)],아목시실린수화물/묽은클라불란산칼륨,(주)팜젠사이언스,False,name_only,True,MFDS nedrug,nedrug.searchDrug,2026-06-12
202002388,라모크린정375밀리그람(아목시실린-클라불란산칼륨),라모크린정375밀리그람(아목시실린-클라불란산칼륨),아목시실린수화물/묽은클라불란산칼륨,(주)팜젠사이언스,False,name_only,True,MFDS nedrug,nedrug.searchDrug,2026-06-12
200402465,라모크린정625밀리그람(아목시실린-클라불란산칼륨),라모크린정625밀리그람(아목시실린-클라불란산칼륨),아목시실린수화물/묽은클라불란산칼륨,(주)팜젠사이언스,False,name_only,True,MFDS nedrug,nedrug.searchDrug,2026-06-12
200100848,락타목스듀오건조시럽[(아목시실린.클라불란산칼륨(7:1)],락타목스듀오건조시럽[(아목시실린.클라불란산칼륨(7:1)],아목시실린수화물/묽은클라불란산칼륨,(주)에이프로젠바이오로직스,False,name_only,True,MFDS nedrug,nedrug.searchDrug,2026-06-12
199800953,락타목스정(아목시실린수화물.묽은클라불란산칼륨),락타목스정(아목시실린수화물.묽은클라불란산칼륨),아목시실린수화물/묽은클라불란산칼륨,(주)에이프로젠바이오로직스,False,name_only,True,MFDS nedrug,nedrug.searchDrug,2026-06-12
200710711,락타박탐정500밀리그램(아목시실린수화물·설박탐피복실),락타박탐정500밀리그램(아목시실린수화물·설박탐피복실),아목시실린수화물/설박탐피복실,(주)에이프로젠바이오로직스,False,name_only,True,MFDS nedrug,nedrug.searchDrug,2026-06-12
201604046,리유목스정375밀리그램(아목시실린·클라불란산칼륨),리유목스정375밀리그램(아목시실린·클라불란산칼륨),아목시실린수화물/묽은클라불란산칼륨,(주)아이월드제약,False,name_only,True,MFDS nedrug,nedrug.searchDrug,2026-06-12
201607406,리치멘틴듀오시럽[아목시실린-클라불란산칼륨(7:1)],리치멘틴듀오시럽[아목시실린-클라불란산칼륨(7:1)],아목시실린수화물/묽은클라불란산칼륨,풍림무약(주),False,name_only,True,MFDS nedrug,nedrug.searchDrug,2026-06-12
201801774,리치멘틴정375밀리그램(아목시실린-클라불란산칼륨),리치멘틴정375밀리그램(아목시실린-클라불란산칼륨),아목시실린수화물/묽은클라불란산칼륨,풍림무약(주),False,name_only,True,MFDS nedrug,nedrug.searchDrug,2026-06-12
201801773,리치멘틴정625밀리그램(아목시실린-클라불란산칼륨),리치멘틴정625밀리그램(아목시실린-클라불란산칼륨),아목시실린수화물/묽은클라불란산칼륨,풍림무약(주),False,name_only,True,MFDS nedrug,nedrug.searchDrug,2026-06-12
201307125,마르틴정625밀리그램(아목시실린수화물·묽은클라불란산칼륨(4:1)),마르틴정625밀리그램(아목시실린수화물·묽은클라불란산칼륨(4:1)),아목시실린수화물/묽은클라불란산칼륨,미래바이오제약(주),False,name_only,True,MFDS nedrug,nedrug.searchDrug,2026-06-12
201403381,맥스실린듀오정500밀리그램,맥스실린듀오정500밀리그램,아목시실린수화물/묽은클라불라산칼륨,에스에스팜(주),False,name_only,True,MFDS nedrug,nedrug.searchDrug,2026-06-12
201403598,맥스실린정375밀리그램,맥스실린정375밀리그램,아목시실린수화물/묽은클라불란산칼륨,에스에스팜(주),False,name_only,True,MFDS nedrug,nedrug.searchDrug,2026-06-12
201403597,맥스실린정625밀리그램,맥스실린정625밀리그램,아목시실린수화물/묽은클라불란산칼륨,에스에스팜(주),False,name_only,True,MFDS nedrug,nedrug.searchDrug,2026-06-12
200709692,맥시썰탐정500밀리그람(아목시실린·설박탐피복실),맥시썰탐정500밀리그람(아목시실린·설박탐피복실),아목시실린수화물/설박탐피복실,(주)보령,False,name_only,True,MFDS nedrug,nedrug.searchDrug,2026-06-12
201505213,맥시크란네오시럽(아목시실린-클라불란산칼륨(14:1)),맥시크란네오시럽(아목시실린-클라불란산칼륨(14:1)),아목시실린수화물/묽은클라불란산칼륨,(주)보령,False,name_only,True,MFDS nedrug,nedrug.searchDrug,2026-06-12
201306125,메디크라듀오시럽(아목시실린·클라불란산칼륨(7:1)),메디크라듀오시럽(아목시실린·클라불란산칼륨(7:1)),아목시실린수화물/묽은클라불란산칼륨,(주)메디카코리아,False,name_only,True,MFDS nedrug,nedrug.searchDrug,2026-06-12
201309266,메디크라정375밀리그램(아목시실린·클라불란산칼륨(2:1)),메디크라정375밀리그램(아목시실린·클라불란산칼륨(2:1)),아목시실린수화물/묽은클라불란산칼륨,(주)메디카코리아,False,name_only,True,MFDS nedrug,nedrug.searchDrug,2026-06-12
201309264,뉴세파캡슐250mg(세파클러수화물),뉴세파캡슐250mg(세파클러수화물),세파클러수화물,에스에스팜(주),False,name_only,True,MFDS nedrug,nedrug.searchDrug,2026-06-12
200301172,뉴클러캡슐(세파클러수화물),뉴클러캡슐(세파클러수화물),세파클러수화물,한국유니온제약(주),False,name_only,True,MFDS nedrug,nedrug.searchDrug,2026-06-12
201602800,뉴파클러캡슐(세파클러수화물),뉴파클러캡슐(세파클러수화물),세파클러수화물,안국뉴팜(주),False,name_only,True,MFDS nedrug,nedrug.searchDrug,2026-06-12
199400579,대우세파클러캡슐250밀리그램,대우세파클러캡슐250밀리그램,세파클러수화물,대우제약(주),False,name_only,True,MFDS nedrug,nedrug.searchDrug,2026-06-12
199401404,대화세파클러수화물건조시럽125mg/5ml,대화세파클러수화물건조시럽125mg/5ml,세파클러수화물,대화제약(주),False,name_only,True,MFDS nedrug,nedrug.searchDrug,2026-06-12
199401409,대화세파클러캡슐,대화세파클러캡슐,세파클러수화물,대화제약(주),False,name_only,True,MFDS nedrug,nedrug.searchDrug,2026-06-12
200611033,동구세파클러수화물서방정375mg,동구세파클러수화물서방정375mg,세파클러수화물,(주)동구바이오제약,False,name_only,True,MFDS nedrug,nedrug.searchDrug,2026-06-12
200401463,동구세파클러수화물캡슐,동구세파클러수화물캡슐,세파클러수화물,(주)동구바이오제약,False,name_only,True,MFDS nedrug,nedrug.searchDrug,2026-06-12
199700942,동화세파클러캡슐(세파클러수화물),동화세파클러캡슐(세파클러수화물),세파클러수화물,동화약품(주),False,name_only,True,MFDS nedrug,nedrug.searchDrug,2026-06-12
201901863,라이트세파캡슐250mg(세파클러수화물),라이트세파캡슐250mg(세파클러수화물),세파클러수화물,(주)라이트팜텍,False,name_only,True,MFDS nedrug,nedrug.searchDrug,2026-06-12
201507396,메가세클러캡슐(세파클러수화물),메가세클러캡슐(세파클러수화물),세파클러수화물,(주)엘앤씨바이오,False,name_only,True,MFDS nedrug,nedrug.searchDrug,2026-06-12
200611031,메디카세파클러서방정375밀리그램(세파클러수화물),메디카세파클러서방정375밀리그램(세파클러수화물),세파클러수화물,(주)메디카코리아,False,name_only,True,MFDS nedrug,nedrug.searchDrug,2026-06-12
199201155,메디카세파클러캡슐250밀리그램(세파클러수화물),메디카세파클러캡슐250밀리그램(세파클러수화물),세파클러수화물,(주)메디카코리아,False,name_only,True,MFDS nedrug,nedrug.searchDrug,2026-06-12
200202713,명문세파클러수화물캡슐250mg,명문세파클러수화물캡슐250mg,세파클러수화물,명문제약(주),False,name_only,True,MFDS nedrug,nedrug.searchDrug,2026-06-12
199301197,명인세파클러캡슐,명인세파클러캡슐,세파클러수화물,명인제약(주),False,name_only,True,MFDS nedrug,nedrug.searchDrug,2026-06-12
199700840,미클라캡슐(세파클러수화물),미클라캡슐(세파클러수화물),세파클러수화물,삼일제약(주),False,name_only,True,MFDS nedrug,nedrug.searchDrug,2026-06-12
200400561,바이넥스세파클러캡슐(세파클러수화물),바이넥스세파클러캡슐(세파클러수화물),세파클러수화물,(주)바이넥스,False,name_only,True,MFDS nedrug,nedrug.searchDrug,2026-06-12
200610978,바이클러서방정375밀리그램(세파클러수화물),바이클러서방정375밀리그램(세파클러수화물),세파클러수화물,동국제약(주),False,name_only,True,MFDS nedrug,nedrug.searchDrug,2026-06-12
201310013,바이클러캡슐(세파클러수화물),바이클러캡슐(세파클러수화물),세파클러수화물,동국제약(주),False,name_only,True,MFDS nedrug,nedrug.searchDrug,2026-06-12
200612598,보령세파클러캡슐(세파클러수화물),보령세파클러캡슐(세파클러수화물),세파클러/세파클러수화물,(주)보령,False,name_only,True,MFDS nedrug,nedrug.searchDrug,2026-06-12
200400261,삼성세파클러캡슐250밀리그람,삼성세파클러캡슐250밀리그람,세파클러수화물,삼성제약(주),False,name_only,True,MFDS nedrug,nedrug.searchDrug,2026-06-12
200611338,삼익세파클러서방정375밀리그람,삼익세파클러서방정375밀리그람,세파클러수화물,삼익제약(주),False,name_only,True,MFDS nedrug,nedrug.searchDrug,2026-06-12
201908206,세나클러캡슐(세파클러수화물),세나클러캡슐(세파클러수화물),세파클러수화물,대원바이오텍주식회사,False,name_only,True,MFDS nedrug,nedrug.searchDrug,2026-06-12
200404608,세나프캡슐250mg(세파클러수화물),세나프캡슐250mg(세파클러수화물),세파클러수화물,성원애드콕제약(주),False,name_only,True,MFDS nedrug,nedrug.searchDrug,2026-06-12
200403004,세라캡슐(세파클러수화물),세라캡슐(세파클러수화물),세파클러수화물,(주)티디에스팜,False,name_only,True,MFDS nedrug,nedrug.searchDrug,2026-06-12
200404867,세러캡슐(세파클러수화물),세러캡슐(세파클러수화물),세파클러수화물,(주)킵스바이오파마,False,name_only,True,MFDS nedrug,nedrug.searchDrug,2026-06-12
201403147,세로클캡슐(세파클러수화물),세로클캡슐(세파클러수화물),세파클러수화물,(주)텔콘알에프제약,False,name_only,True,MFDS nedrug,nedrug.searchDrug,2026-06-12
200401043,세바클캡슐250mg(세파클러수화물),세바클캡슐250mg(세파클러수화물),세파클러수화물,삼진제약(주),False,name_only,True,MFDS nedrug,nedrug.searchDrug,2026-06-12
201300114,세크라캡슐250밀리그램(세파클러수화물),세크라캡슐250밀리그램(세파클러수화물),세파클러수화물,유니메드제약(주),False,name_only,True,MFDS nedrug,nedrug.searchDrug,2026-06-12
199601139,세크로신캡슐(세파클러수화물),세크로신캡슐(세파클러수화물),세파클러수화물,환인제약(주),False,name_only,True,MFDS nedrug,nedrug.searchDrug,2026-06-12
202001094,세네트정(세푸록심악세틸),세네트정(세푸록심악세틸),세푸록심악세틸,이연제약(주),False,name_only,True,MFDS nedrug,nedrug.searchDrug,2026-06-12
201803488,세라프정250밀리그램(세푸록심악세틸),세라프정250밀리그램(세푸록심악세틸),세푸록심악세틸,하나제약(주),False,name_only,True,MFDS nedrug,nedrug.searchDrug,2026-06-12
200300033,세록심정250밀리그램(세푸록심악세틸),세록심정250밀리그램(세푸록심악세틸),세푸록심악세틸,신풍제약(주),False,name_only,True,MFDS nedrug,nedrug.searchDrug,2026-06-12
200607486,세실정250밀리그램(세푸록심악세틸),세실정250밀리그램(세푸록심악세틸),세푸록심악세틸,제이더블유신약(주),False,name_only,True,MFDS nedrug,nedrug.searchDrug,2026-06-12
201702260,세아틸정(세푸록심악세틸),세아틸정(세푸록심악세틸),세푸록심악세틸,(주)한국파비스제약,False,name_only,True,MFDS nedrug,nedrug.searchDrug,2026-06-12
201904169,세악틸정(세푸록심악세틸),세악틸정(세푸록심악세틸),세푸록심악세틸,위더스제약(주),False,name_only,True,MFDS nedrug,nedrug.searchDrug,2026-06-12
201903315,세파록심정(세푸록심악세틸),세파록심정(세푸록심악세틸),세푸록심악세틸,(주)팜젠사이언스,False,name_only,True,MFDS nedrug,nedrug.searchDrug,2026-06-12
200703345,세팍틸정(세푸록심악세틸),세팍틸정(세푸록심악세틸),세푸록심악세틸,(주)에이프로젠바이오로직스,False,name_only,True,MFDS nedrug,nedrug.searchDrug,2026-06-12
200705882,세푸로틸정(세푸록심악세틸),세푸로틸정(세푸록심악세틸),세푸록심악세틸,삼천당제약(주),False,name_only,True,MFDS nedrug,nedrug.searchDrug,2026-06-12
201905874,세푸록실정250밀리그램(세푸록심악세틸),세푸록실정250밀리그램(세푸록심악세틸),세푸록심악세틸,풍림무약(주),False,name_only,True,MFDS nedrug,nedrug.searchDrug,2026-06-12
201507424,세푸실정250mg(세푸록심악세틸),세푸실정250mg(세푸록심악세틸),세푸록심악세틸,동성제약(주),False,name_only,True,MFDS nedrug,nedrug.searchDrug,2026-06-12
201906582,세푸킹정(세푸록심악세틸),세푸킹정(세푸록심악세틸),세푸록심악세틸,(주)한풍제약,False,name_only,True,MFDS nedrug,nedrug.searchDrug,2026-06-12
201800609,세푸틸정250밀리그램(세푸록심악세틸),세푸틸정250밀리그램(세푸록심악세틸),세푸록심악세틸,(주)일화,False,name_only,True,MFDS nedrug,nedrug.searchDrug,2026-06-12
200404042,세프로심정(세푸록심악세틸),세프로심정(세푸록심악세틸),세푸록심악세틸,한국프라임제약(주),False,name_only,True,MFDS nedrug,nedrug.searchDrug,2026-06-12
202003281,세프록티정(세푸록심악세틸),세프록티정(세푸록심악세틸),세푸록심악세틸,주식회사더유제약,False,name_only,True,MFDS nedrug,nedrug.searchDrug,2026-06-12
200003109,세프틸정250밀리그램(세푸록심악세틸),세프틸정250밀리그램(세푸록심악세틸),세푸록심악세틸,한미약품(주),False,name_only,True,MFDS nedrug,nedrug.searchDrug,2026-06-12
201603041,세플로사심정250밀리그램(세푸록심악세틸),세플로사심정250밀리그램(세푸록심악세틸),세푸록심악세틸,한국코러스(주),False,name_only,True,MFDS nedrug,nedrug.searchDrug,2026-06-12
199100042,신세프주0.75그램(세푸록심나트륨),신세프주0.75그램(세푸록심나트륨),세푸록심나트륨,신풍제약(주),False,name_only,True,MFDS nedrug,nedrug.searchDrug,2026-06-12
199100043,신세프주1.5그램(세푸록심나트륨),신세프주1.5그램(세푸록심나트륨),세푸록심나트륨,신풍제약(주),False,name_only,True,MFDS nedrug,nedrug.searchDrug,2026-06-12
198801778,쎄록신주750밀리그램(세푸록심나트륨),쎄록신주750밀리그램(세푸록심나트륨),세푸록심나트륨,경동제약(주),False,name_only,True,MFDS nedrug,nedrug.searchDrug,2026-06-12
200502164,악세푸정(세푸록심악세틸),악세푸정(세푸록심악세틸),세푸록심악세틸,신일제약(주),False,name_only,True,MFDS nedrug,nedrug.searchDrug,2026-06-12
201903572,엘푸록심정(세푸록심악세틸),엘푸록심정(세푸록심악세틸),세푸록심악세틸,(주)인트로바이오파마,False,name_only,True,MFDS nedrug,nedrug.searchDrug,2026-06-12
200500567,올세프건조시럽(세푸록심악세틸),올세프건조시럽(세푸록심악세틸),세푸록심악세틸,(주)유한양행,False,name_only,True,MFDS nedrug,nedrug.searchDrug,2026-06-12
199401167,원푸록심주사750밀리그람(세푸록심나트륨),원푸록심주사750밀리그람(세푸록심나트륨),세푸록심나트륨,대원제약(주),False,name_only,True,MFDS nedrug,nedrug.searchDrug,2026-06-12
200511000,진네트정250밀리그램(세푸록심악세틸),진네트정250밀리그램(세푸록심악세틸),세푸록심악세틸,삼일제약(주),False,name_only,True,MFDS nedrug,nedrug.searchDrug,2026-06-12
201902352,진네틸정250mg(세푸록심악세틸),진네틸정250mg(세푸록심악세틸),세푸록심악세틸,(주)씨티씨바이오,False,name_only,True,MFDS nedrug,nedrug.searchDrug,2026-06-12
201601374,진세트정250mg(세푸록심악세틸),진세트정250mg(세푸록심악세틸),세푸록심악세틸,화일약품(주),False,name_only,True,MFDS nedrug,nedrug.searchDrug,2026-06-12
201603127,진세틸정(세푸록심악세틸),진세틸정(세푸록심악세틸),세푸록심악세틸,(주)메디카코리아,False,name_only,True,MFDS nedrug,nedrug.searchDrug,2026-06-12
201707060,퓨록심정250밀리그램(세푸록심악세틸),퓨록심정250밀리그램(세푸록심악세틸),세푸록심악세틸,(주)바이넥스,False,name_only,True,MFDS nedrug,nedrug.searchDrug,2026-06-12
200511061,지스로맥스건조시럽(아지트로마이신수화물),지스로맥스건조시럽(아지트로마이신수화물),아지트로마이신수화물,한국화이자제약(주),False,name_only,True,MFDS nedrug,nedrug.searchDrug,2026-06-12
200511067,지스로맥스정250밀리그람(아지트로마이신수화물),지스로맥스정250밀리그람(아지트로마이신수화물),아지트로마이신수화물,한국화이자제약(주),False,name_only,True,MFDS nedrug,nedrug.searchDrug,2026-06-12
200108815,지스로맥스주사500㎎(아지트로마이신수화물),지스로맥스주사500㎎(아지트로마이신수화물),아지트로마이신수화물,한국화이자제약(주),False,name_only,True,MFDS nedrug,nedrug.searchDrug,2026-06-12
202503389,지스원맥스정250밀리그램(아지트로마이신수화물),지스원맥스정250밀리그램(아지트로마이신수화물),아지트로마이신수화물,대웅바이오(주),False,name_only,True,MFDS nedrug,nedrug.searchDrug,2026-06-12
200801110,지트로신건조시럽(아지트로마이신수화물),지트로신건조시럽(아지트로마이신수화물),아지트로마이신수화물,(주)팜젠사이언스,False,name_only,True,MFDS nedrug,nedrug.searchDrug,2026-06-12
202007593,큐엘파마아지트로마이신수화물정,큐엘파마아지트로마이신수화물정,아지트로마이신수화물,주식회사큐엘파마,False,name_only,True,MFDS nedrug,nedrug.searchDrug,2026-06-12
201908037,레타미정500밀리그램(클래리트로마이신),레타미정500밀리그램(클래리트로마이신),클래리트로마이신,(주)라이트팜텍,False,name_only,True,MFDS nedrug,nedrug.searchDrug,2026-06-12
200300764,레토스건조시럽(클래리트로마이신제피과립),레토스건조시럽(클래리트로마이신제피과립),클래리트로마이신제피과립,삼천당제약(주),False,name_only,True,MFDS nedrug,nedrug.searchDrug,2026-06-12
200401068,레토스정(클래리트로마이신),레토스정(클래리트로마이신),클래리트로마이신,삼천당제약(주),False,name_only,True,MFDS nedrug,nedrug.searchDrug,2026-06-12
200403706,리마클로정(클래리트로마이신),리마클로정(클래리트로마이신),클래리트로마이신,(주)경보제약,False,name_only,True,MFDS nedrug,nedrug.searchDrug,2026-06-12
200402427,리스로마이신건조시럽125mg/5mL(클래리트로마이신제피과립),리스로마이신건조시럽125mg/5ml(클래리트로마이신제피과립),클래리트로마이신제피과립,제이더블유신약(주),False,name_only,True,MFDS nedrug,nedrug.searchDrug,2026-06-12
200402681,리스로마이신정(클래리트로마이신),리스로마이신정(클래리트로마이신),클래리트로마이신,제이더블유신약(주),False,name_only,True,MFDS nedrug,nedrug.searchDrug,2026-06-12
201902716,리클래신정250밀리그램(클래리트로마이신),리클래신정250밀리그램(클래리트로마이신),클래리트로마이신,(주)다산제약,False,name_only,True,MFDS nedrug,nedrug.searchDrug,2026-06-12
200403511,마비드정250밀리그램(클래리트로마이신),마비드정250밀리그램(클래리트로마이신),클래리트로마이신,한림제약(주),False,name_only,True,MFDS nedrug,nedrug.searchDrug,2026-06-12
201403123,마비드정500밀리그램(클래리트로마이신),마비드정500밀리그램(클래리트로마이신),클래리트로마이신,한림제약(주),False,name_only,True,MFDS nedrug,nedrug.searchDrug,2026-06-12
202000273,메가클래신정250밀리그램(클래리트로마이신),메가클래신정250밀리그램(클래리트로마이신),클래리트로마이신,(주)엘앤씨바이오,False,name_only,True,MFDS nedrug,nedrug.searchDrug,2026-06-12
201500104,비알클래건조시럽125mg/5mL(클래리트로마이신),비알클래건조시럽125mg/5ml(클래리트로마이신),클래리트로마이신제피과립,(주)보령바이오파마,False,name_only,True,MFDS nedrug,nedrug.searchDrug,2026-06-12
201500105,비알클래건조시럽250mg/5mL(클래리트로마이신),비알클래건조시럽250mg/5ml(클래리트로마이신),클래리트로마이신제피과립,(주)보령바이오파마,False,name_only,True,MFDS nedrug,nedrug.searchDrug,2026-06-12
201901976,삼성클래리트로마이신정500밀리그램,삼성클래리트로마이신정500밀리그램,클래리트로마이신,삼성제약(주),False,name_only,True,MFDS nedrug,nedrug.searchDrug,2026-06-12
201902218,삼성클래리트로마이신정250밀리그램,삼성클래리트로마이신정250밀리그램,클래리트로마이신,삼성제약(주),False,name_only,True,MFDS nedrug,nedrug.searchDrug,2026-06-12
200400388,셀트리온클래리트로마이신정250밀리그램,셀트리온클래리트로마이신정250밀리그램,클래리트로마이신,(주)셀트리온제약,False,name_only,True,MFDS nedrug,nedrug.searchDrug,2026-06-12
201704785,셀트리온클래리트로마이신정500밀리그램,셀트리온클래리트로마이신정500밀리그램,클래리트로마이신,(주)셀트리온제약,False,name_only,True,MFDS nedrug,nedrug.searchDrug,2026-06-12
201205945,슈클래리건조시럽125mg/5mL(클래리트로마이신제피과립),슈클래리건조시럽125mg/5ml(클래리트로마이신제피과립),클래리트로마이신제피과립,안국약품(주),False,name_only,True,MFDS nedrug,nedrug.searchDrug,2026-06-12
201205946,슈클래리건조시럽250mg/5mL(클래리트로마이신제피과립),슈클래리건조시럽250mg/5ml(클래리트로마이신제피과립),클래리트로마이신제피과립,안국약품(주),False,name_only,True,MFDS nedrug,nedrug.searchDrug,2026-06-12
201307925,슈클래리정250밀리그램(클래리트로마이신),슈클래리정250밀리그램(클래리트로마이신),클래리트로마이신,안국약품(주),False,name_only,True,MFDS nedrug,nedrug.searchDrug,2026-06-12
201307926,슈클래리정500밀리그램(클래리트로마이신),슈클래리정500밀리그램(클래리트로마이신),클래리트로마이신,안국약품(주),False,name_only,True,MFDS nedrug,nedrug.searchDrug,2026-06-12
201907961,쎄클래신건조시럽125mg/5mL(클래리트로마이신),쎄클래신건조시럽125mg/5ml(클래리트로마이신),클래리트로마이신제피과립,진양제약(주),False,name_only,True,MFDS nedrug,nedrug.searchDrug,2026-06-12
201907962,쎄클래신건조시럽250mg/5mL(클래리트로마이신),쎄클래신건조시럽250mg/5ml(클래리트로마이신),클래리트로마이신제피과립,진양제약(주),False,name_only,True,MFDS nedrug,nedrug.searchDrug,2026-06-12
201801001,쎄클래신정250밀리그램(클래리트로마이신),쎄클래신정250밀리그램(클래리트로마이신),클래리트로마이신,진양제약(주),False,name_only,True,MFDS nedrug,nedrug.searchDrug,2026-06-12
201501046,씨라클건조시럽125밀리그램/5밀리리터(클래리트로마이신),씨라클건조시럽125밀리그램/5밀리리터(클래리트로마이신),클래리트로마이신제피과립,일동제약(주),False,name_only,True,MFDS nedrug,nedrug.searchDrug,2026-06-12
200300286,씨라클정250밀리그램(클래리트로마이신),씨라클정250밀리그램(클래리트로마이신),클래리트로마이신,일동제약(주),False,name_only,True,MFDS nedrug,nedrug.searchDrug,2026-06-12
201804928,씨클린건조시럽125mg/5mL(클래리트로마이신),씨클린건조시럽125mg/5ml(클래리트로마이신),클래리트로마이신제피과립,하나제약(주),False,name_only,True,MFDS nedrug,nedrug.searchDrug,2026-06-12
201401098,씨클린정(클래리트로마이신),씨클린정(클래리트로마이신),클래리트로마이신,하나제약(주),False,name_only,True,MFDS nedrug,nedrug.searchDrug,2026-06-12
201600250,알피클래리정250mg(클래리트로마이신),알피클래리정250mg(클래리트로마이신),클래리트로마이신,(주)알피바이오,False,name_only,True,MFDS nedrug,nedrug.searchDrug,2026-06-12
200400985,에이프로젠클래리트로마이신정,에이프로젠클래리트로마이신정,클래리트로마이신,(주)에이프로젠바이오로직스,False,name_only,True,MFDS nedrug,nedrug.searchDrug,2026-06-12
201500514,에이프로젠클래리트로마이신정500밀리그램,에이프로젠클래리트로마이신정500밀리그램,클래리트로마이신,(주)에이프로젠바이오로직스,False,name_only,True,MFDS nedrug,nedrug.searchDrug,2026-06-12
199700833,로페신정(록시트로마이신),로페신정(록시트로마이신),록시트로마이신,(주)바이넥스,False,name_only,True,MFDS nedrug,nedrug.searchDrug,2026-06-12
199700887,록미신정(록시트로마이신),록미신정(록시트로마이신),록시트로마이신,아주약품(주),False,name_only,True,MFDS nedrug,nedrug.searchDrug,2026-06-12
200402722,록사민정(록시트로마이신),록사민정(록시트로마이신),록시트로마이신,(주)한국파비스제약,False,name_only,True,MFDS nedrug,nedrug.searchDrug,2026-06-12
199703432,록사이드정(록시트로마이신),록사이드정(록시트로마이신),록시트로마이신,유니메드제약(주),False,name_only,True,MFDS nedrug,nedrug.searchDrug,2026-06-12
201403181,록사이신정(록시트로마이신),록사이신정(록시트로마이신),록시트로마이신,(주)화이트생명과학,False,name_only,True,MFDS nedrug,nedrug.searchDrug,2026-06-12
200410904,록세미신정150밀리그램(록시트로마이신),록세미신정150밀리그램(록시트로마이신),록시트로마이신,한미약품(주),False,name_only,True,MFDS nedrug,nedrug.searchDrug,2026-06-12
201702610,록셀정150밀리그램(록시트로마이신),록셀정150밀리그램(록시트로마이신),록시트로마이신,(주)셀트리온제약,False,name_only,True,MFDS nedrug,nedrug.searchDrug,2026-06-12
199701950,록소드린정150밀리그램(록시트로마이신),록소드린정150밀리그램(록시트로마이신),록시트로마이신,영일제약(주),False,name_only,True,MFDS nedrug,nedrug.searchDrug,2026-06-12
200402929,록스신정(록시트로마이신),록스신정(록시트로마이신),록시트로마이신,영풍제약(주),False,name_only,True,MFDS nedrug,nedrug.searchDrug,2026-06-12
200402476,록스탑정(록시트로마이신),록스탑정(록시트로마이신),록시트로마이신,(주)팜젠사이언스,False,name_only,True,MFDS nedrug,nedrug.searchDrug,2026-06-12
201405434,록스트정(록시트로마이신),록스트정(록시트로마이신),록시트로마이신,(주)휴비스트제약,False,name_only,True,MFDS nedrug,nedrug.searchDrug,2026-06-12
199700429,록시나정(록시트로마이신),록시나정(록시트로마이신),록시트로마이신,삼성제약(주),False,name_only,True,MFDS nedrug,nedrug.searchDrug,2026-06-12
201904355,록시드론정(록시트로마이신),록시드론정(록시트로마이신),록시트로마이신,(주)보령바이오파마,False,name_only,True,MFDS nedrug,nedrug.searchDrug,2026-06-12
200400873,록시로신정(록시트로마이신),록시로신정(록시트로마이신),록시트로마이신,알리코제약(주),False,name_only,True,MFDS nedrug,nedrug.searchDrug,2026-06-12
201505621,록시론정150mg(록시트로마이신),록시론정150mg(록시트로마이신),록시트로마이신,위더스제약(주),False,name_only,True,MFDS nedrug,nedrug.searchDrug,2026-06-12
199700945,록시마이신정(록시트로마이신),록시마이신정(록시트로마이신),록시트로마이신,동화약품(주),False,name_only,True,MFDS nedrug,nedrug.searchDrug,2026-06-12
201903296,록시마정(록시트로마이신),록시마정(록시트로마이신),록시트로마이신,(주)시어스제약,False,name_only,True,MFDS nedrug,nedrug.searchDrug,2026-06-12
200402058,록시맥스정(록시트로마이신),록시맥스정(록시트로마이신),록시트로마이신,오스틴제약(주),False,name_only,True,MFDS nedrug,nedrug.searchDrug,2026-06-12
201802002,록시멘틴정(록시트로마이신),록시멘틴정(록시트로마이신),록시트로마이신,일성아이에스(주),False,name_only,True,MFDS nedrug,nedrug.searchDrug,2026-06-12
200404698,록시스로정(록시트로마이신),록시스로정(록시트로마이신),록시트로마이신,주식회사제뉴원사이언스,False,name_only,True,MFDS nedrug,nedrug.searchDrug,2026-06-12
202002143,록시엠정(록시트로마이신),록시엠정(록시트로마이신),록시트로마이신,(주)마더스제약,False,name_only,True,MFDS nedrug,nedrug.searchDrug,2026-06-12
202001700,록시케어정(록시트로마이신),록시케어정(록시트로마이신),록시트로마이신,(주)다산제약,False,name_only,True,MFDS nedrug,nedrug.searchDrug,2026-06-12
200300792,록시키드정(록시트로마이신),록시키드정(록시트로마이신),록시트로마이신,안국약품(주),False,name_only,True,MFDS nedrug,nedrug.searchDrug,2026-06-12
201905263,록시타정(록시트로마이신),록시타정(록시트로마이신),록시트로마이신,(주)한풍제약,False,name_only,True,MFDS nedrug,nedrug.searchDrug,2026-06-12
201903233,록시텐신정150밀리그램(록시트로마이신),록시텐신정150밀리그램(록시트로마이신),록시트로마이신,정우신약(주),False,name_only,True,MFDS nedrug,nedrug.searchDrug,2026-06-12
201502237,록시템정(록시트로마이신),록시템정(록시트로마이신),록시트로마이신,주식회사더유제약,False,name_only,True,MFDS nedrug,nedrug.searchDrug,2026-06-12
201801111,록시트로정(록시트로마이신),록시트로정(록시트로마이신),록시트로마이신,진양제약(주),False,name_only,True,MFDS nedrug,nedrug.searchDrug,2026-06-12
201901698,록시트론정(록시트로마이신),록시트론정(록시트로마이신),록시트로마이신,에이치엘비제약(주),False,name_only,True,MFDS nedrug,nedrug.searchDrug,2026-06-12
201604020,록시트정(록시트로마이신),록시트정(록시트로마이신),록시트로마이신,조아제약(주),False,name_only,True,MFDS nedrug,nedrug.searchDrug,2026-06-12
199703553,록시티로신정(록시트로마이신),록시티로신정(록시트로마이신),록시트로마이신,대한뉴팜(주),False,name_only,True,MFDS nedrug,nedrug.searchDrug,2026-06-12
200002723,에피외용액(클린다마이신포스페이트),에피외용액(클린다마이신포스페이트),클린다마이신포스페이트,하이플생명과학(주),False,name_only,True,MFDS nedrug,nedrug.searchDrug,2026-06-12
200707689,크레오신질크림2%(클린다마이신포스페이트),크레오신질크림2%(클린다마이신포스페이트),클린다마이신포스페이트,한국화이자제약(주),False,name_only,True,MFDS nedrug,nedrug.searchDrug,2026-06-12
200807035,크레오신티외용액1%(클린다마이신포스페이트),크레오신티외용액1%(클린다마이신포스페이트),클린다마이신포스페이트,(주)한독,False,name_only,True,MFDS nedrug,nedrug.searchDrug,2026-06-12
200501054,크리신외용액(클린다마이신포스페이트),크리신외용액(클린다마이신포스페이트),클린다마이신포스페이트,태극제약(주),False,name_only,True,MFDS nedrug,nedrug.searchDrug,2026-06-12
201700864,클린다-케이외용액(클린다마이신포스페이트),클린다-케이외용액(클린다마이신포스페이트),클린다마이신포스페이트,에이치엘비제약(주),False,name_only,True,MFDS nedrug,nedrug.searchDrug,2026-06-12
202101699,클린다미액(클린다마이신포스페이트),클린다미액(클린다마이신포스페이트),클린다마이신포스페이트,정우신약(주),False,name_only,True,MFDS nedrug,nedrug.searchDrug,2026-06-12
202103052,클린디올겔(클린다마이신포스페이트),클린디올겔(클린다마이신포스페이트),클린다마이신포스페이트,주식회사더유제약,False,name_only,True,MFDS nedrug,nedrug.searchDrug,2026-06-12
201904495,클린디올액(클린다마이신포스페이트),클린디올액(클린다마이신포스페이트),클린다마이신포스페이트,주식회사더유제약,False,name_only,True,MFDS nedrug,nedrug.searchDrug,2026-06-12
201401993,클린티외용액(클린다마이신포스페이트),클린티외용액(클린다마이신포스페이트),클린다마이신포스페이트,주식회사제뉴원사이언스,False,name_only,True,MFDS nedrug,nedrug.searchDrug,2026-06-12
200811163,퓨어킨외용액(클린다마이신포스페이트),퓨어킨외용액(클린다마이신포스페이트),클린다마이신포스페이트,경남제약(주),False,name_only,True,MFDS nedrug,nedrug.searchDrug,2026-06-12
202107430,피에이큐라덤외용액(클린다마이신포스페이트),피에이큐라덤외용액(클린다마이신포스페이트),클린다마이신포스페이트,(주)옵투스제약,False,name_only,True,MFDS nedrug,nedrug.searchDrug,2026-06-12
199401120,훌그램600밀리그램주사(클린다마이신포스페이트),훌그램600밀리그램주사(클린다마이신포스페이트),클린다마이신포스페이트,삼진제약(주),False,name_only,True,MFDS nedrug,nedrug.searchDrug,2026-06-12
199101439,훌그램주사(클린다마이신포스페이트),훌그램주사(클린다마이신포스페이트),클린다마이신포스페이트,삼진제약(주),False,name_only,True,MFDS nedrug,nedrug.searchDrug,2026-06-12
199101438,훌그램캡슐(클린다마이신염산염),훌그램캡슐(클린다마이신염산염),클린다마이신염산염,삼진제약(주),False,name_only,True,MFDS nedrug,nedrug.searchDrug,2026-06-12
201403622,뉴락손주2g(세프트리악손나트륨수화물),뉴락손주2g(세프트리악손나트륨수화물),세프트리악손나트륨수화물,구주제약(주),False,name_only,True,MFDS nedrug,nedrug.searchDrug,2026-06-12
199600565,대웅곰세핀주2.0그램(세프트리악손나트륨수화물),대웅곰세핀주2.0그램(세프트리악손나트륨수화물),세프트리악손나트륨수화물,대웅바이오(주),False,name_only,True,MFDS nedrug,nedrug.searchDrug,2026-06-12
199904158,대한뉴팜세프트리악손주1그램(세프트리악손나트륨수화물),대한뉴팜세프트리악손주1그램(세프트리악손나트륨수화물),세프트리악손나트륨수화물,대한뉴팜(주),False,name_only,True,MFDS nedrug,nedrug.searchDrug,2026-06-12
199601840,대화세프트리악손주1그람(세프트리악손나트륨수화물),대화세프트리악손주1그람(세프트리악손나트륨수화물),세프트리악손나트륨수화물,대화제약(주),False,name_only,True,MFDS nedrug,nedrug.searchDrug,2026-06-12
199600212,동광세프트리악손주1그램(세프트리악손나트륨수화물),동광세프트리악손주1그램(세프트리악손나트륨수화물),세프트리악손나트륨수화물,동광제약(주),False,name_only,True,MFDS nedrug,nedrug.searchDrug,2026-06-12
201604519,동광세프트리악손주2그램(세프트리악손나트륨수화물),동광세프트리악손주2그램(세프트리악손나트륨수화물),세프트리악손나트륨수화물,동광제약(주),False,name_only,True,MFDS nedrug,nedrug.searchDrug,2026-06-12
201505161,동국세프트리악손주사1그램(세프트리악손나트륨수화물),동국세프트리악손주사1그램(세프트리악손나트륨수화물),세프트리악손나트륨수화물,동국제약(주),False,name_only,True,MFDS nedrug,nedrug.searchDrug,2026-06-12
201801787,메디카세프트리악손주2그램(세프트리악손나트륨수화물),메디카세프트리악손주2그램(세프트리악손나트륨수화물),세프트리악손나트륨수화물,(주)메디카코리아,False,name_only,True,MFDS nedrug,nedrug.searchDrug,2026-06-12
200302160,명문세프트리악손나트륨수화물주사1g,명문세프트리악손나트륨수화물주사1g,세프트리악손나트륨수화물,명문제약(주),False,name_only,True,MFDS nedrug,nedrug.searchDrug,2026-06-12
199201089,보령세프트리악손주0.5그램(세프트리악손나트륨수화물),보령세프트리악손주0.5그램(세프트리악손나트륨수화물),세프트리악손나트륨수화물,(주)보령,False,name_only,True,MFDS nedrug,nedrug.searchDrug,2026-06-12
199201088,보령세프트리악손주1그램(세프트리악손나트륨수화물),보령세프트리악손주1그램(세프트리악손나트륨수화물),세프트리악손나트륨수화물,(주)보령,False,name_only,True,MFDS nedrug,nedrug.searchDrug,2026-06-12
200501173,보령세프트리악손주2그램(세프트리악손나트륨수화물),보령세프트리악손주2그램(세프트리악손나트륨수화물),세프트리악손나트륨수화물,(주)보령,False,name_only,True,MFDS nedrug,nedrug.searchDrug,2026-06-12
201905729,비엘악손주1g(세프트리악손나트륨수화물),비엘악손주1g(세프트리악손나트륨수화물),세프트리악손나트륨수화물,(주)라이트팜텍,False,name_only,True,MFDS nedrug,nedrug.searchDrug,2026-06-12
201905730,비엘악손주2g(세프트리악손나트륨수화물),비엘악손주2g(세프트리악손나트륨수화물),세프트리악손나트륨수화물,(주)라이트팜텍,False,name_only,True,MFDS nedrug,nedrug.searchDrug,2026-06-12
199700418,삼성세프트리악손나트륨수화물주1그램,삼성세프트리악손나트륨수화물주1그램,세프트리악손나트륨수화물,삼성제약(주),False,name_only,True,MFDS nedrug,nedrug.searchDrug,2026-06-12
201905264,삼성세프트리악손나트륨수화물주2그램,삼성세프트리악손나트륨수화물주2그램,세프트리악손나트륨수화물,삼성제약(주),False,name_only,True,MFDS nedrug,nedrug.searchDrug,2026-06-12
201605693,세트리손주2000밀리그램(세프트리악손나트륨수화물),세트리손주2000밀리그램(세프트리악손나트륨수화물),세프트리악손나트륨수화물,한올바이오파마(주),False,name_only,True,MFDS nedrug,nedrug.searchDrug,2026-06-12
201604531,세트리악손주1g(세프트리악손나트륨수화물),세트리악손주1g(세프트리악손나트륨수화물),세프트리악손나트륨수화물,(주)일화,False,name_only,True,MFDS nedrug,nedrug.searchDrug,2026-06-12
201403273,세티악손주1그램(세프트리악손나트륨수화물),세티악손주1그램(세프트리악손나트륨수화물),세프트리악손나트륨수화물,위더스제약(주),False,name_only,True,MFDS nedrug,nedrug.searchDrug,2026-06-12
202000104,세티악손주2그램(세프트리악손나트륨수화물),세티악손주2그램(세프트리악손나트륨수화물),세프트리악손나트륨수화물,위더스제약(주),False,name_only,True,MFDS nedrug,nedrug.searchDrug,2026-06-12
201907107,세프드리손주1g(세프트리악손나트륨수화물),세프드리손주1g(세프트리악손나트륨수화물),세프트리악손나트륨수화물,독립바이오제약(주),False,name_only,True,MFDS nedrug,nedrug.searchDrug,2026-06-12
199800279,세프렉스주2그램(세프트리악손나트륨수화물),세프렉스주2그램(세프트리악손나트륨수화물),세프트리악손나트륨수화물,(주)에이프로젠바이오로직스,False,name_only,True,MFDS nedrug,nedrug.searchDrug,2026-06-12
201804135,세프리손주1g(세프트리악손나트륨수화물),세프리손주1g(세프트리악손나트륨수화물),세프트리악손나트륨수화물,성원애드콕제약(주),False,name_only,True,MFDS nedrug,nedrug.searchDrug,2026-06-12
201901822,세프세파주1그램(세프트리악손나트륨수화물),세프세파주1그램(세프트리악손나트륨수화물),세프트리악손나트륨수화물,(주)다산제약,False,name_only,True,MFDS nedrug,nedrug.searchDrug,2026-06-12
201801210,세프세파주2그램(세프트리악손나트륨수화물),세프세파주2그램(세프트리악손나트륨수화물),세프트리악손나트륨수화물,(주)다산제약,False,name_only,True,MFDS nedrug,nedrug.searchDrug,2026-06-12
199400030,세프악손주1그램(세프트리악손나트륨수화물),세프악손주1그램(세프트리악손나트륨수화물),세프트리악손나트륨수화물,신풍제약(주),False,name_only,True,MFDS nedrug,nedrug.searchDrug,2026-06-12
199600054,세프악손주500밀리그램(세프트리악손나트륨수화물),세프악손주500밀리그램(세프트리악손나트륨수화물),세프트리악손나트륨수화물,신풍제약(주),False,name_only,True,MFDS nedrug,nedrug.searchDrug,2026-06-12
199601459,세프키존주사1그램(세프트리악손나트륨수화물),세프키존주사1그램(세프트리악손나트륨수화물),세프트리악손나트륨수화물,삼진제약(주),False,name_only,True,MFDS nedrug,nedrug.searchDrug,2026-06-12
201307852,세프탁손주1그램(세프트리악손나트륨수화물),세프탁손주1그램(세프트리악손나트륨수화물),세프트리악손나트륨수화물/세프트리악손나트륨수화물(수출용),(주)한국파마,False,name_only,True,MFDS nedrug,nedrug.searchDrug,2026-06-12
201401469,세프트론주사0.5그램(세프트리악손나트륨수화물),세프트론주사0.5그램(세프트리악손나트륨수화물),세프트리악손나트륨수화물,하나제약(주),False,name_only,True,MFDS nedrug,nedrug.searchDrug,2026-06-12
200901073,발크로버정500밀리그램(발라시클로비르염산염수화물),발크로버정500밀리그램(발라시클로비르염산염수화물),발라시클로비르염산염수화물,환인제약(주),False,name_only,True,MFDS nedrug,nedrug.searchDrug,2026-06-12
201308923,발트란정500mg(발라시클로비르염산염),발트란정500mg(발라시클로비르염산염),발라시클로비르염산염,(주)테라젠이텍스,False,name_only,True,MFDS nedrug,nedrug.searchDrug,2026-06-12
200511001,발트렉스정500밀리그램(발라시클로비르염산염),발트렉스정500밀리그램(발라시클로비르염산염),발라시클로비르염산염,(주)글락소스미스클라인,False,name_only,True,MFDS nedrug,nedrug.searchDrug,2026-06-12
201205255,발트리스정500mg(발라시클로비르염산염수화물),발트리스정500mg(발라시클로비르염산염수화물),발라시클로비르염산염수화물,제이더블유신약(주),False,name_only,True,MFDS nedrug,nedrug.searchDrug,2026-06-12
201501593,발트맥스정(발라시클로비르염산염),발트맥스정(발라시클로비르염산염),발라시클로비르염산염,(주)다산제약,False,name_only,True,MFDS nedrug,nedrug.searchDrug,2026-06-12
201602512,발트발라정(발라시클로비르염산염),발트발라정(발라시클로비르염산염),발라시클로비르염산염,현대약품(주),False,name_only,True,MFDS nedrug,nedrug.searchDrug,2026-06-12
201602547,발트엠정(발라시클로비르염산염),발트엠정(발라시클로비르염산염),발라시클로비르염산염,(주)마더스제약,False,name_only,True,MFDS nedrug,nedrug.searchDrug,2026-06-12
201305781,대화플루코나졸캡슐,대화플루코나졸캡슐,플루코나졸,대화제약(주),False,name_only,True,MFDS nedrug,nedrug.searchDrug,2026-06-12
200402522,데이칸캡슐(플루코나졸),데이칸캡슐(플루코나졸),플루코나졸,하나제약(주),False,name_only,True,MFDS nedrug,nedrug.searchDrug,2026-06-12
200403304,디나졸캡슐(플루코나졸),디나졸캡슐(플루코나졸),플루코나졸,(주)유영제약,False,name_only,True,MFDS nedrug,nedrug.searchDrug,2026-06-12
201207106,디나칸캡슐(플루코나졸),디나칸캡슐(플루코나졸),플루코나졸,에스에스팜(주),False,name_only,True,MFDS nedrug,nedrug.searchDrug,2026-06-12
201801366,디로칸캡슐150밀리그램(플루코나졸),디로칸캡슐150밀리그램(플루코나졸),플루코나졸,영일제약(주),False,name_only,True,MFDS nedrug,nedrug.searchDrug,2026-06-12
200402303,디로칸캡슐50밀리그램(플루코나졸),디로칸캡슐50밀리그램(플루코나졸),플루코나졸,영일제약(주),False,name_only,True,MFDS nedrug,nedrug.searchDrug,2026-06-12
201906126,디루칸정150밀리그램(플루코나졸),디루칸정150밀리그램(플루코나졸),플루코나졸,주식회사케이에스제약,False,name_only,True,MFDS nedrug,nedrug.searchDrug,2026-06-12
201906353,디루칸캡슐(플루코나졸),디루칸캡슐(플루코나졸),플루코나졸,주식회사케이에스제약,False,name_only,True,MFDS nedrug,nedrug.searchDrug,2026-06-12
201402982,디무로칸정150밀리그램(플루코나졸),디무로칸정150밀리그램(플루코나졸),플루코나졸,일양약품(주),False,name_only,True,MFDS nedrug,nedrug.searchDrug,2026-06-12
201402636,디무로칸캡슐50밀리그램(플루코나졸),디무로칸캡슐50밀리그램(플루코나졸),플루코나졸,일양약품(주),False,name_only,True,MFDS nedrug,nedrug.searchDrug,2026-06-12
200708744,디스플루캡슐150밀리그램(플루코나졸),디스플루캡슐150밀리그램(플루코나졸),플루코나졸,(주)다산제약,False,name_only,True,MFDS nedrug,nedrug.searchDrug,2026-06-12
201903405,디카졸정150밀리그램(플루코나졸),디카졸정150밀리그램(플루코나졸),플루코나졸,(주)넥스팜코리아,False,name_only,True,MFDS nedrug,nedrug.searchDrug,2026-06-12
200404200,디카졸캡슐(플루코나졸),디카졸캡슐(플루코나졸),플루코나졸,(주)넥스팜코리아,False,name_only,True,MFDS nedrug,nedrug.searchDrug,2026-06-12
201303447,디코나졸캡슐50mg(플루코나졸),디코나졸캡슐50mg(플루코나졸),플루코나졸,(주)동구바이오제약,False,name_only,True,MFDS nedrug,nedrug.searchDrug,2026-06-12
200300645,디파졸캡슐(플루코나졸),디파졸캡슐(플루코나졸),플루코나졸,영진약품(주),False,name_only,True,MFDS nedrug,nedrug.searchDrug,2026-06-12
200400757,디푸란캡슐(플루코나졸),디푸란캡슐(플루코나졸),플루코나졸,동화약품(주),False,name_only,True,MFDS nedrug,nedrug.searchDrug,2026-06-12
201305783,디푸란캡슐150밀리그램(플루코나졸),디푸란캡슐150밀리그램(플루코나졸),플루코나졸,동화약품(주),False,name_only,True,MFDS nedrug,nedrug.searchDrug,2026-06-12
200511062,디푸루칸건조시럽(플루코나졸),디푸루칸건조시럽(플루코나졸),플루코나졸,한국화이자제약(주),False,name_only,True,MFDS nedrug,nedrug.searchDrug,2026-06-12
200108820,디푸루칸정맥주사100mg(플루코나졸),디푸루칸정맥주사100mg(플루코나졸),플루코나졸,한국화이자제약(주),False,name_only,True,MFDS nedrug,nedrug.searchDrug,2026-06-12
200511060,디푸루칸캡슐50밀리그람(플루코나졸),디푸루칸캡슐50밀리그람(플루코나졸),플루코나졸,한국화이자제약(주),False,name_only,True,MFDS nedrug,nedrug.searchDrug,2026-06-12
201403574,디푸칸캡슐(플루코나졸),디푸칸캡슐(플루코나졸),플루코나졸,메딕스제약(주),False,name_only,True,MFDS nedrug,nedrug.searchDrug,2026-06-12
200607876,디프나졸정150밀리그램(플루코나졸),디프나졸정150밀리그램(플루코나졸),플루코나졸,(주)메디카코리아,False,name_only,True,MFDS nedrug,nedrug.searchDrug,2026-06-12
200101162,디프나졸캡슐(플루코나졸),디프나졸캡슐(플루코나졸),플루코나졸,(주)메디카코리아,False,name_only,True,MFDS nedrug,nedrug.searchDrug,2026-06-12
200301625,디프라졸캡슐(플루코나졸),디프라졸캡슐(플루코나졸),플루코나졸,한국넬슨제약(주),False,name_only,True,MFDS nedrug,nedrug.searchDrug,2026-06-12
200404421,디프루졸캡슐(플루코나졸),디프루졸캡슐(플루코나졸),플루코나졸,(주)셀릭스,False,name_only,True,MFDS nedrug,nedrug.searchDrug,2026-06-12
200300155,디후렉스캡슐(플루코나졸),디후렉스캡슐(플루코나졸),플루코나졸,동아에스티(주),False,name_only,True,MFDS nedrug,nedrug.searchDrug,2026-06-12
200300773,로나졸캡슐50밀리그램(플루코나졸),로나졸캡슐50밀리그램(플루코나졸),플루코나졸,삼천당제약(주),False,name_only,True,MFDS nedrug,nedrug.searchDrug,2026-06-12
200300855,루나졸캡슐(플루코나졸),루나졸캡슐(플루코나졸),플루코나졸,(주)제뉴파마,False,name_only,True,MFDS nedrug,nedrug.searchDrug,2026-06-12
200308550,루코나졸캡슐(플루코나졸),루코나졸캡슐(플루코나졸),플루코나졸,(주)종근당,False,name_only,True,MFDS nedrug,nedrug.searchDrug,2026-06-12
201603922,루코에스캡슐(플루코나졸),루코에스캡슐(플루코나졸),플루코나졸,(주)아리제약,False,name_only,True,MFDS nedrug,nedrug.searchDrug,2026-06-12
201600516,바이트라정100밀리그램(이트라코나졸고체분산체),바이트라정100밀리그램(이트라코나졸고체분산체),이트라코나졸고체분산체,(주)바이넥스,False,name_only,True,MFDS nedrug,nedrug.searchDrug,2026-06-12
201603675,비보존이트라코나졸정,비보존이트라코나졸정,이트라코나졸고체분산체,(주)비보존제약,False,name_only,True,MFDS nedrug,nedrug.searchDrug,2026-06-12
201503475,비티코나졸정(이트라코나졸고체분산체),비티코나졸정(이트라코나졸고체분산체),이트라코나졸고체분산체,(주)휴온스메디텍,False,name_only,True,MFDS nedrug,nedrug.searchDrug,2026-06-12
201405797,셀코나졸정100밀리그램(이트라코나졸),셀코나졸정100밀리그램(이트라코나졸),이트라코나졸,(주)텔콘알에프제약,False,name_only,True,MFDS nedrug,nedrug.searchDrug,2026-06-12
201210745,스코나졸정(이트라코나졸),스코나졸정(이트라코나졸),이트라코나졸,(주)한국비엠아이,False,name_only,True,MFDS nedrug,nedrug.searchDrug,2026-06-12
200502017,스포나졸정(이트라코나졸고체분산체),스포나졸정(이트라코나졸고체분산체),이트라코나졸고체분산체,한국넬슨제약(주),False,name_only,True,MFDS nedrug,nedrug.searchDrug,2026-06-12
200401453,스포넥스캡슐(이트라코나졸),스포넥스캡슐(이트라코나졸),이트라코나졸펠렛,(주)동구바이오제약,False,name_only,True,MFDS nedrug,nedrug.searchDrug,2026-06-12
202105228,스포라녹스캡슐(이트라코나졸),스포라녹스캡슐(이트라코나졸),이트라코나졸,(주)한국얀센,False,name_only,True,MFDS nedrug,nedrug.searchDrug,2026-06-12
201208655,스포코라정(이트라코나졸고체분산체),스포코라정(이트라코나졸고체분산체),이트라코나졸고체분산체,하나제약(주),False,name_only,True,MFDS nedrug,nedrug.searchDrug,2026-06-12
200706874,스포트라정(이트라코나졸고체분산체),스포트라정(이트라코나졸고체분산체),이트라코나졸고체분산체,케이엠에스제약(주),False,name_only,True,MFDS nedrug,nedrug.searchDrug,2026-06-12
201801392,신신이트라코나졸정100밀리그램(이트라코나졸고체분산체),신신이트라코나졸정100밀리그램(이트라코나졸고체분산체),이트라코나졸고체분산체,신신제약(주),False,name_only,True,MFDS nedrug,nedrug.searchDrug,2026-06-12
201405281,씨코나졸정(이트라코나졸),씨코나졸정(이트라코나졸),이트라코나졸,(주)씨엠지제약,False,name_only,True,MFDS nedrug,nedrug.searchDrug,2026-06-12
202003555,씨코나졸캡슐(이트라코나졸),씨코나졸캡슐(이트라코나졸),이트라코나졸펠렛,(주)씨엠지제약,False,name_only,True,MFDS nedrug,nedrug.searchDrug,2026-06-12
201206338,아이트라정(이트라코나졸고체분산체),아이트라정(이트라코나졸고체분산체),이트라코나졸고체분산체,알보젠코리아(주),False,name_only,True,MFDS nedrug,nedrug.searchDrug,2026-06-12
201310643,아일로정(이트라코나졸),아일로정(이트라코나졸),이트라코나졸,미래바이오제약(주),False,name_only,True,MFDS nedrug,nedrug.searchDrug,2026-06-12
201502655,아트졸정(이트라코나졸고체분산체),아트졸정(이트라코나졸고체분산체),이트라코나졸고체분산체,(주)서울제약,False,name_only,True,MFDS nedrug,nedrug.searchDrug,2026-06-12
200500830,알트라졸정(이트라코나졸고체분산체),알트라졸정(이트라코나졸고체분산체),이트라코나졸고체분산체,알리코제약(주),False,name_only,True,MFDS nedrug,nedrug.searchDrug,2026-06-12
200502065,에스코졸정(이트라코나졸고체분산체),에스코졸정(이트라코나졸고체분산체),이트라코나졸고체분산체,(주)팜젠사이언스,False,name_only,True,MFDS nedrug,nedrug.searchDrug,2026-06-12
202003460,엔코나캡슐100밀리그램(이트라코나졸),엔코나캡슐100밀리그램(이트라코나졸),이트라코나졸펠렛,엔비케이제약(주),False,name_only,True,MFDS nedrug,nedrug.searchDrug,2026-06-12
201803802,유로나졸정(이트라코나졸고체분산체),유로나졸정(이트라코나졸고체분산체),이트라코나졸고체분산체,구주제약(주),False,name_only,True,MFDS nedrug,nedrug.searchDrug,2026-06-12
201702166,이나졸정100밀리그램(이트라코나졸고체분산체),이나졸정100밀리그램(이트라코나졸고체분산체),이트라코나졸고체분산체,진양제약(주),False,name_only,True,MFDS nedrug,nedrug.searchDrug,2026-06-12
202000374,이디졸캡슐100밀리그램(이트라코나졸),이디졸캡슐100밀리그램(이트라코나졸),이트라코나졸펠렛,(주)넥스팜코리아,False,name_only,True,MFDS nedrug,nedrug.searchDrug,2026-06-12
201405193,이라졸정(이트라코나졸고체분산체),이라졸정(이트라코나졸고체분산체),이트라코나졸고체분산체,(주)한국파비스제약,False,name_only,True,MFDS nedrug,nedrug.searchDrug,2026-06-12
202001427,이라코나정(이트라코나졸고체분산체),이라코나정(이트라코나졸고체분산체),이트라코나졸고체분산체,건일바이오팜주식회사,False,name_only,True,MFDS nedrug,nedrug.searchDrug,2026-06-12
201403537,이라트졸정(이트라코나졸고체분산체),이라트졸정(이트라코나졸고체분산체),이트라코나졸고체분산체,(주)하원제약,False,name_only,True,MFDS nedrug,nedrug.searchDrug,2026-06-12
200500239,이연이트라코나졸정(이트라코나졸고체분산체),이연이트라코나졸정(이트라코나졸고체분산체),이트라코나졸고체분산체,이연제약(주),False,name_only,True,MFDS nedrug,nedrug.searchDrug,2026-06-12
202002867,이카딘캡슐100밀리그램(이트라코나졸),이카딘캡슐100밀리그램(이트라코나졸),이트라코나졸펠렛,(주)이든파마,False,name_only,True,MFDS nedrug,nedrug.searchDrug,2026-06-12
200500815,이카졸정(이트라코나졸고체분산체),이카졸정(이트라코나졸고체분산체),이트라코나졸고체분산체,(주)일화,False,name_only,True,MFDS nedrug,nedrug.searchDrug,2026-06-12
200400037,이코나졸캡슐(이트라코나졸),이코나졸캡슐(이트라코나졸),이트라코나졸펠렛,신풍제약(주),False,name_only,True,MFDS nedrug,nedrug.searchDrug,2026-06-12
201905813,이코녹스정100밀리그램(이트라코나졸고체분산체),이코녹스정100밀리그램(이트라코나졸고체분산체),이트라코나졸고체분산체,(주)한풍제약,False,name_only,True,MFDS nedrug,nedrug.searchDrug,2026-06-12
201208434,네오드로핀정(암로디핀베실산염),네오드로핀정(암로디핀베실산염),암로디핀베실산염,미래바이오제약(주),False,name_only,True,MFDS nedrug,nedrug.searchDrug,2026-06-12
201901892,네오에스암로정2.5밀리그램(에스암로디핀베실산염이수화물),네오에스암로정2.5밀리그램(에스암로디핀베실산염이수화물),에스암로디핀베실산염이수화물,(주)녹십자,False,name_only,True,MFDS nedrug,nedrug.searchDrug,2026-06-12
201901891,네오에스암로정5밀리그램(에스암로디핀베실산염이수화물),네오에스암로정5밀리그램(에스암로디핀베실산염이수화물),에스암로디핀베실산염이수화물,(주)녹십자,False,name_only,True,MFDS nedrug,nedrug.searchDrug,2026-06-12
201603113,넥스디핀정2.5mg(에스암로디핀베실산염2.5수화물),넥스디핀정2.5mg(에스암로디핀베실산염2.5수화물),에스암로디핀베실산염2.5수화물,(주)넥스팜코리아,False,name_only,True,MFDS nedrug,nedrug.searchDrug,2026-06-12
201103324,노마로크정5밀리그램(암로디핀베실산염),노마로크정5밀리그램(암로디핀베실산염),암로디핀베실산염,하나제약(주),False,name_only,True,MFDS nedrug,nedrug.searchDrug,2026-06-12
201404487,노마에스정2.5밀리그램(에스암로디핀베실산염2.5수화물),노마에스정2.5밀리그램(에스암로디핀베실산염2.5수화물),에스암로디핀베실산염2.5수화물,하나제약(주),False,name_only,True,MFDS nedrug,nedrug.searchDrug,2026-06-12
201700906,노바넬정5밀리그램(암로디핀베실산염),노바넬정5밀리그램(암로디핀베실산염),암로디핀베실산염,한국넬슨제약(주),False,name_only,True,MFDS nedrug,nedrug.searchDrug,2026-06-12
201904231,노바디크정5밀리그램(암로디핀베실산염),노바디크정5밀리그램(암로디핀베실산염),암로디핀베실산염,(주)서흥,False,name_only,True,MFDS nedrug,nedrug.searchDrug,2026-06-12
201707860,노바로크정(암로디핀베실산염),노바로크정(암로디핀베실산염),암로디핀베실산염,삼성제약(주),False,name_only,True,MFDS nedrug,nedrug.searchDrug,2026-06-12
200600054,노바로핀정(암로디핀말레산염),노바로핀정(암로디핀말레산염),암로디핀말레산염,제이더블유신약(주),False,name_only,True,MFDS nedrug,nedrug.searchDrug,2026-06-12
200400215,노바로핀캡슐(암로디핀말레산염),노바로핀캡슐(암로디핀말레산염),암로디핀말레산염,제이더블유신약(주),False,name_only,True,MFDS nedrug,nedrug.searchDrug,2026-06-12
200700441,노바모핀정(암로디핀베실산염),노바모핀정(암로디핀베실산염),암로디핀베실산염,케이엠에스제약(주),False,name_only,True,MFDS nedrug,nedrug.searchDrug,2026-06-12
201906225,노바스정(암로디핀베실산염),노바스정(암로디핀베실산염),암로디핀베실산염,독립바이오제약(주),False,name_only,True,MFDS nedrug,nedrug.searchDrug,2026-06-12
201405857,노바스칸정(암로디핀베실산염),노바스칸정(암로디핀베실산염),암로디핀베실산염,주식회사제뉴원사이언스,False,name_only,True,MFDS nedrug,nedrug.searchDrug,2026-06-12
200811406,노바스크정10밀리그램(암로디핀베실산염),노바스크정10밀리그램(암로디핀베실산염),암로디핀베실산염,비아트리스코리아(주),False,name_only,True,MFDS nedrug,nedrug.searchDrug,2026-06-12
201900838,노바스크정2.5밀리그램(암로디핀베실산염),노바스크정2.5밀리그램(암로디핀베실산염),암로디핀베실산염,비아트리스코리아(주),False,name_only,True,MFDS nedrug,nedrug.searchDrug,2026-06-12
200610660,노바스크정5밀리그람(암로디핀베실산염),노바스크정5밀리그람(암로디핀베실산염),암로디핀베실산염,비아트리스코리아(주),False,name_only,True,MFDS nedrug,nedrug.searchDrug,2026-06-12
201505007,노바스틴정5밀리그램(암로디핀베실산염),노바스틴정5밀리그램(암로디핀베실산염),암로디핀베실산염,익수제약(주),False,name_only,True,MFDS nedrug,nedrug.searchDrug,2026-06-12
200700439,노바스핀정5mg(암로디핀베실산염),노바스핀정5mg(암로디핀베실산염),암로디핀베실산염,성원애드콕제약(주),False,name_only,True,MFDS nedrug,nedrug.searchDrug,2026-06-12
201404016,노바젠정5밀리그램(암로디핀베실산염),노바젠정5밀리그램(암로디핀베실산염),암로디핀베실산염,(주)셀릭스,False,name_only,True,MFDS nedrug,nedrug.searchDrug,2026-06-12
200600460,노바코트정(암로디핀말레산염),노바코트정(암로디핀말레산염),암로디핀말레산염,하나제약(주),False,name_only,True,MFDS nedrug,nedrug.searchDrug,2026-06-12
201206849,노바크정5밀리그램(암로디핀베실산염),노바크정5밀리그램(암로디핀베실산염),암로디핀베실산염,영풍제약(주),False,name_only,True,MFDS nedrug,nedrug.searchDrug,2026-06-12
201901603,노바킴정5mg(암로디핀베실산염),노바킴정5mg(암로디핀베실산염),암로디핀베실산염,(주)킴스제약,False,name_only,True,MFDS nedrug,nedrug.searchDrug,2026-06-12
200501811,노바텍정(암로디핀말레산염),노바텍정(암로디핀말레산염),암로디핀말레산염,오스틴제약(주),False,name_only,True,MFDS nedrug,nedrug.searchDrug,2026-06-12
201600842,노바텐션정5밀리그램(암로디핀베실산염),노바텐션정5밀리그램(암로디핀베실산염),암로디핀베실산염,풍림무약(주),False,name_only,True,MFDS nedrug,nedrug.searchDrug,2026-06-12
200806021,노바틴정(암로디핀베실산염),노바틴정(암로디핀베실산염),암로디핀베실산염,(주)경보제약,False,name_only,True,MFDS nedrug,nedrug.searchDrug,2026-06-12
201802475,노바포스정(암로디핀베실산염),노바포스정(암로디핀베실산염),암로디핀베실산염,(주)바스칸바이오제약,False,name_only,True,MFDS nedrug,nedrug.searchDrug,2026-06-12
200502010,노바핀정(암로디핀말레산염),노바핀정(암로디핀말레산염),암로디핀말레산염,한국넬슨제약(주),False,name_only,True,MFDS nedrug,nedrug.searchDrug,2026-06-12
201906827,노발탄정10/160밀리그램,노발탄정10/160밀리그램,발사르탄/암로디핀베실산염,(주)경보제약,False,name_only,True,MFDS nedrug,nedrug.searchDrug,2026-06-12
201308590,노발탄정5/160밀리그램,노발탄정5/160밀리그램,발사르탄/암로디핀베실산염,(주)경보제약,False,name_only,True,MFDS nedrug,nedrug.searchDrug,2026-06-12
201802236,뉴스타틴티에스정40/5/10밀리그램,뉴스타틴티에스정40/5/10밀리그램,텔미사르탄/암로디핀베실산염/로수바스타틴칼슘,삼진제약(주),False,name_only,True,MFDS nedrug,nedrug.searchDrug,2026-06-12
202302813,뉴스타틴티에스정40/5/5밀리그램,뉴스타틴티에스정40/5/5밀리그램,텔미사르탄/암로디핀베실산염/로수바스타틴칼슘(미분화),삼진제약(주),False,name_only,True,MFDS nedrug,nedrug.searchDrug,2026-06-12
202302812,뉴스타틴티에스정80/5/5밀리그램,뉴스타틴티에스정80/5/5밀리그램,텔미사르탄/암로디핀베실산염/로수바스타틴칼슘(미분화),삼진제약(주),False,name_only,True,MFDS nedrug,nedrug.searchDrug,2026-06-12
201802237,뉴스타틴티에스정80/5/10밀리그램,뉴스타틴티에스정80/5/10밀리그램,텔미사르탄/암로디핀베실산염/로수바스타틴칼슘,삼진제약(주),False,name_only,True,MFDS nedrug,nedrug.searchDrug,2026-06-12
201802235,뉴스타틴티에스정80/10/20밀리그램,뉴스타틴티에스정80/10/20밀리그램,텔미사르탄/암로디핀베실산염/로수바스타틴칼슘,삼진제약(주),False,name_only,True,MFDS nedrug,nedrug.searchDrug,2026-06-12
201403197,뉴텔미정40mg(텔미사르탄),뉴텔미정40mg(텔미사르탄),텔미사르탄,오스틴제약(주),False,name_only,True,MFDS nedrug,nedrug.searchDrug,2026-06-12
201607314,뉴플러스타정40/5밀리그램,뉴플러스타정40/5밀리그램,텔미사르탄/암로디핀베실산염,안국뉴팜(주),False,name_only,True,MFDS nedrug,nedrug.searchDrug,2026-06-12
201607315,뉴플러스타정80/5밀리그램,뉴플러스타정80/5밀리그램,텔미사르탄/암로디핀베실산염,안국뉴팜(주),False,name_only,True,MFDS nedrug,nedrug.searchDrug,2026-06-12
201702164,더블로우정40/10밀리그램,더블로우정40/10밀리그램,텔미사르탄/암로디핀베실산염,일양약품(주),False,name_only,True,MFDS nedrug,nedrug.searchDrug,2026-06-12
201702165,더블로우정40/5밀리그램,더블로우정40/5밀리그램,텔미사르탄/암로디핀베실산염,일양약품(주),False,name_only,True,MFDS nedrug,nedrug.searchDrug,2026-06-12
201606204,더블로우정80/5밀리그램,더블로우정80/5밀리그램,텔미사르탄/암로디핀베실산염,일양약품(주),False,name_only,True,MFDS nedrug,nedrug.searchDrug,2026-06-12
201900625,더블스타정40/10밀리그램,더블스타정40/10밀리그램,텔미사르탄/암로디핀베실산염,(주)티디에스팜,False,name_only,True,MFDS nedrug,nedrug.searchDrug,2026-06-12
201900626,더블스타정40/5밀리그램,더블스타정40/5밀리그램,텔미사르탄/암로디핀베실산염,(주)티디에스팜,False,name_only,True,MFDS nedrug,nedrug.searchDrug,2026-06-12
201900624,더블스타정80/5밀리그램,더블스타정80/5밀리그램,텔미사르탄/암로디핀베실산염,(주)티디에스팜,False,name_only,True,MFDS nedrug,nedrug.searchDrug,2026-06-12
202103316,듀로텔정40/10밀리그램,듀로텔정40/10밀리그램,텔미사르탄/로수바스타틴칼슘(미분화),위더스제약(주),False,name_only,True,MFDS nedrug,nedrug.searchDrug,2026-06-12
202103315,듀로텔정40/20밀리그램,듀로텔정40/20밀리그램,텔미사르탄/로수바스타틴칼슘(미분화),위더스제약(주),False,name_only,True,MFDS nedrug,nedrug.searchDrug,2026-06-12
202103317,듀로텔정40/5밀리그램,듀로텔정40/5밀리그램,텔미사르탄/로수바스타틴칼슘(미분화),위더스제약(주),False,name_only,True,MFDS nedrug,nedrug.searchDrug,2026-06-12
202104526,듀로텔정80/10밀리그램,듀로텔정80/10밀리그램,텔미사르탄/로수바스타틴칼슘,위더스제약(주),False,name_only,True,MFDS nedrug,nedrug.searchDrug,2026-06-12
202104525,듀로텔정80/20밀리그램,듀로텔정80/20밀리그램,텔미사르탄/로수바스타틴칼슘,위더스제약(주),False,name_only,True,MFDS nedrug,nedrug.searchDrug,2026-06-12
201605742,듀얼살탄정40/10mg,듀얼살탄정40/10mg,텔미사르탄/암로디핀베실산염,(주)씨티씨바이오,False,name_only,True,MFDS nedrug,nedrug.searchDrug,2026-06-12
201605743,듀얼살탄정40/5mg,듀얼살탄정40/5mg,텔미사르탄/암로디핀베실산염,(주)씨티씨바이오,False,name_only,True,MFDS nedrug,nedrug.searchDrug,2026-06-12
201605744,듀얼살탄정80/5mg,듀얼살탄정80/5mg,텔미사르탄/암로디핀베실산염,(주)씨티씨바이오,False,name_only,True,MFDS nedrug,nedrug.searchDrug,2026-06-12
201704545,듀얼스타정40/10밀리그램,듀얼스타정40/10밀리그램,텔미사르탄파우더(23.9%)/암로디핀베실산염,국제약품(주),False,name_only,True,MFDS nedrug,nedrug.searchDrug,2026-06-12
201704544,듀얼스타정40/5밀리그램,듀얼스타정40/5밀리그램,텔미사르탄파우더(23.9%)/암로디핀베실산염,국제약품(주),False,name_only,True,MFDS nedrug,nedrug.searchDrug,2026-06-12
201605766,듀얼스타정80/5밀리그램,듀얼스타정80/5밀리그램,텔미사르탄파우더(23.9%)/암로디핀베실산염,국제약품(주),False,name_only,True,MFDS nedrug,nedrug.searchDrug,2026-06-12
201901036,듀얼아미정40/10mg,듀얼아미정40/10mg,텔미사르탄/암로디핀베실산염,조아제약(주),False,name_only,True,MFDS nedrug,nedrug.searchDrug,2026-06-12
201901037,듀얼아미정40/5mg,듀얼아미정40/5mg,텔미사르탄/암로디핀베실산염,조아제약(주),False,name_only,True,MFDS nedrug,nedrug.searchDrug,2026-06-12
201901035,듀얼아미정80/5mg,듀얼아미정80/5mg,텔미사르탄/암로디핀베실산염,조아제약(주),False,name_only,True,MFDS nedrug,nedrug.searchDrug,2026-06-12
201906993,듀오스타정40/10밀리그램,듀오스타정40/10밀리그램,텔미사르탄/로수바스타틴칼슘,(주)셀트리온제약,False,name_only,True,MFDS nedrug,nedrug.searchDrug,2026-06-12
201906992,듀오스타정40/5밀리그램,듀오스타정40/5밀리그램,텔미사르탄/로수바스타틴칼슘,(주)셀트리온제약,False,name_only,True,MFDS nedrug,nedrug.searchDrug,2026-06-12
201308589,노발탄정5/80밀리그램,노발탄정5/80밀리그램,발사르탄/암로디핀베실산염,(주)경보제약,False,name_only,True,MFDS nedrug,nedrug.searchDrug,2026-06-12
201800821,뉴발사타반정160밀리그램(발사르탄),뉴발사타반정160밀리그램(발사르탄),발사르탄,안국뉴팜(주),False,name_only,True,MFDS nedrug,nedrug.searchDrug,2026-06-12
201800822,뉴발사타반정80밀리그램(발사르탄),뉴발사타반정80밀리그램(발사르탄),발사르탄,안국뉴팜(주),False,name_only,True,MFDS nedrug,nedrug.searchDrug,2026-06-12
201300127,뉴사탄정160밀리그램(발사르탄),뉴사탄정160밀리그램(발사르탄),발사르탄,오스틴제약(주),False,name_only,True,MFDS nedrug,nedrug.searchDrug,2026-06-12
201501207,"뉴젠포지정10/160밀리그램(암로디핀베실산염, 발사르탄)","뉴젠포지정10/160밀리그램(암로디핀베실산염, 발사르탄)",발사르탄/암로디핀베실산염,(주)셀릭스,False,name_only,True,MFDS nedrug,nedrug.searchDrug,2026-06-12
201403571,"뉴젠포지정5/160밀리그램(암로디핀베실산염, 발사르탄)","뉴젠포지정5/160밀리그램(암로디핀베실산염, 발사르탄)",발사르탄/암로디핀베실산염,(주)셀릭스,False,name_only,True,MFDS nedrug,nedrug.searchDrug,2026-06-12
201403570,"뉴젠포지정5/80밀리그램(암로디핀베실산염, 발사르탄)","뉴젠포지정5/80밀리그램(암로디핀베실산염, 발사르탄)",발사르탄/암로디핀베실산염,(주)셀릭스,False,name_only,True,MFDS nedrug,nedrug.searchDrug,2026-06-12
202000767,뉴코포지정10/160밀리그램,뉴코포지정10/160밀리그램,발사르탄/암로디핀베실산염,(주)새한제약,False,name_only,True,MFDS nedrug,nedrug.searchDrug,2026-06-12
202000769,뉴코포지정5/160밀리그램,뉴코포지정5/160밀리그램,발사르탄/암로디핀베실산염,(주)새한제약,False,name_only,True,MFDS nedrug,nedrug.searchDrug,2026-06-12
202000768,뉴코포지정5/80밀리그램,뉴코포지정5/80밀리그램,발사르탄/암로디핀베실산염,(주)새한제약,False,name_only,True,MFDS nedrug,nedrug.searchDrug,2026-06-12
201701483,더블포지정10/160mg,더블포지정10/160mg,발사르탄/암로디핀베실산염,조아제약(주),False,name_only,True,MFDS nedrug,nedrug.searchDrug,2026-06-12
201701499,더블포지정5/160mg,더블포지정5/160mg,암로디핀베실산염/발사르탄,조아제약(주),False,name_only,True,MFDS nedrug,nedrug.searchDrug,2026-06-12
201701498,더블포지정5/80mg,더블포지정5/80mg,발사르탄/암로디핀베실산염,조아제약(주),False,name_only,True,MFDS nedrug,nedrug.searchDrug,2026-06-12
201308578,듀얼다운정5/160밀리그램,듀얼다운정5/160밀리그램,발사르탄/암로디핀베실산염,일양약품(주),False,name_only,True,MFDS nedrug,nedrug.searchDrug,2026-06-12
201308579,듀얼다운정5/80밀리그램,듀얼다운정5/80밀리그램,발사르탄/암로디핀베실산염,일양약품(주),False,name_only,True,MFDS nedrug,nedrug.searchDrug,2026-06-12
201706745,듀얼엑스정10/160mg,듀얼엑스정10/160mg,발사르탄/암로디핀베실산염,(주)마더스제약,False,name_only,True,MFDS nedrug,nedrug.searchDrug,2026-06-12
201706744,듀얼엑스정5/160mg,듀얼엑스정5/160mg,발사르탄/암로디핀베실산염,(주)마더스제약,False,name_only,True,MFDS nedrug,nedrug.searchDrug,2026-06-12
201706743,듀얼엑스정5/80mg,듀얼엑스정5/80mg,발사르탄/암로디핀베실산염,(주)마더스제약,False,name_only,True,MFDS nedrug,nedrug.searchDrug,2026-06-12
201308469,듀오포지정10/160밀리그램,듀오포지정10/160밀리그램,발사르탄/암로디핀베실산염,(주)유영제약,False,name_only,True,MFDS nedrug,nedrug.searchDrug,2026-06-12
201308461,듀오포지정5/160밀리그램,듀오포지정5/160밀리그램,발사르탄/암로디핀베실산염,(주)유영제약,False,name_only,True,MFDS nedrug,nedrug.searchDrug,2026-06-12
201308470,듀오포지정5/80밀리그램,듀오포지정5/80밀리그램,발사르탄/암로디핀베실산염,(주)유영제약,False,name_only,True,MFDS nedrug,nedrug.searchDrug,2026-06-12
202001936,듀크포지정5/160밀리그램,듀크포지정5/160밀리그램,발사르탄/암로디핀베실산염,(주)시어스제약,False,name_only,True,MFDS nedrug,nedrug.searchDrug,2026-06-12
202001935,듀크포지정5/80밀리그램,듀크포지정5/80밀리그램,발사르탄/암로디핀베실산염,(주)시어스제약,False,name_only,True,MFDS nedrug,nedrug.searchDrug,2026-06-12
200811619,디로탄정160mg(발사르탄),디로탄정160mg(발사르탄),발사르탄,이연제약(주),False,name_only,True,MFDS nedrug,nedrug.searchDrug,2026-06-12
201308185,디로탄정80mg(발사르탄),디로탄정80mg(발사르탄),발사르탄,이연제약(주),False,name_only,True,MFDS nedrug,nedrug.searchDrug,2026-06-12
201400082,"디로포지정5/160밀리그램(암로디핀베실산염, 발사르탄)","디로포지정5/160밀리그램(암로디핀베실산염, 발사르탄)",발사르탄/암로디핀베실산염,이연제약(주),False,name_only,True,MFDS nedrug,nedrug.searchDrug,2026-06-12
201400081,"디로포지정5/80밀리그램(암로디핀베실산염, 발사르탄)","디로포지정5/80밀리그램(암로디핀베실산염, 발사르탄)",발사르탄/암로디핀베실산염,이연제약(주),False,name_only,True,MFDS nedrug,nedrug.searchDrug,2026-06-12
201802098,디르탄정160밀리그램(발사르탄),디르탄정160밀리그램(발사르탄),발사르탄,(주)셀트리온제약,False,name_only,True,MFDS nedrug,nedrug.searchDrug,2026-06-12
201802079,디르탄정80밀리그램(발사르탄),디르탄정80밀리그램(발사르탄),발사르탄,(주)셀트리온제약,False,name_only,True,MFDS nedrug,nedrug.searchDrug,2026-06-12
201107216,디발탄정 160밀리그램(발사르탄),디발탄정 160밀리그램(발사르탄),발사르탄,신풍제약(주),False,name_only,True,MFDS nedrug,nedrug.searchDrug,2026-06-12
201903730,"뉴코잘탄정10/50밀리그램(암로디핀, 로사르탄칼륨)","뉴코잘탄정10/50밀리그램(암로디핀, 로사르탄칼륨)",암로디핀베실산염/로사르탄칼륨,(주)다산제약,False,name_only,True,MFDS nedrug,nedrug.searchDrug,2026-06-12
201903731,"뉴코잘탄정5/100밀리그램(암로디핀, 로사르탄칼륨)","뉴코잘탄정5/100밀리그램(암로디핀, 로사르탄칼륨)",암로디핀베실산염/로사르탄칼륨,(주)다산제약,False,name_only,True,MFDS nedrug,nedrug.searchDrug,2026-06-12
201903732,"뉴코잘탄정5/50밀리그램(암로디핀, 로사르탄칼륨)","뉴코잘탄정5/50밀리그램(암로디핀, 로사르탄칼륨)",암로디핀베실산염/로사르탄칼륨,(주)다산제약,False,name_only,True,MFDS nedrug,nedrug.searchDrug,2026-06-12
201502700,"동구잘탄정5/100밀리그램(암로디핀베실산염, 로사르탄칼륨)","동구잘탄정5/100밀리그램(암로디핀베실산염, 로사르탄칼륨)",암로디핀베실산염/로사르탄칼륨,(주)동구바이오제약,False,name_only,True,MFDS nedrug,nedrug.searchDrug,2026-06-12
201502701,"동구잘탄정5/50밀리그램(암로디핀베실산염, 로사르탄칼륨)","동구잘탄정5/50밀리그램(암로디핀베실산염, 로사르탄칼륨)",암로디핀베실산염/로사르탄칼륨,(주)동구바이오제약,False,name_only,True,MFDS nedrug,nedrug.searchDrug,2026-06-12
200500483,로더스정50밀리그램(로사르탄칼륨),로더스정50밀리그램(로사르탄칼륨),로사르탄칼륨,위더스제약(주),False,name_only,True,MFDS nedrug,nedrug.searchDrug,2026-06-12
201502662,"로사디핀정5/100밀리그램(암로디핀, 로사르탄칼륨)","로사디핀정5/100밀리그램(암로디핀, 로사르탄칼륨)",암로디핀베실산염/로사르탄칼륨,(주)한국파비스제약,False,name_only,True,MFDS nedrug,nedrug.searchDrug,2026-06-12
201502663,"로사디핀정5/50밀리그램(암로디핀, 로사르탄칼륨)","로사디핀정5/50밀리그램(암로디핀, 로사르탄칼륨)",암로디핀베실산염/로사르탄칼륨,(주)한국파비스제약,False,name_only,True,MFDS nedrug,nedrug.searchDrug,2026-06-12
201904185,로사르정100mg(로사르탄칼륨),로사르정100mg(로사르탄칼륨),로사르탄칼륨,한국휴텍스제약(주),False,name_only,True,MFDS nedrug,nedrug.searchDrug,2026-06-12
200604178,로사르정50밀리그램(로사르탄칼륨),로사르정50밀리그램(로사르탄칼륨),로사르탄칼륨,한국휴텍스제약(주),False,name_only,True,MFDS nedrug,nedrug.searchDrug,2026-06-12
200500963,로사맥스정(로사르탄칼륨),로사맥스정(로사르탄칼륨),로사르탄칼륨,알보젠코리아(주),False,name_only,True,MFDS nedrug,nedrug.searchDrug,2026-06-12
202002055,"로사베실정10/50밀리그램(암로디핀, 로사르탄칼륨)","로사베실정10/50밀리그램(암로디핀, 로사르탄칼륨)",암로디핀베실산염/로사르탄칼륨,건일바이오팜주식회사,False,name_only,True,MFDS nedrug,nedrug.searchDrug,2026-06-12
202002054,"로사베실정5/100밀리그램(암로디핀, 로사르탄칼륨)","로사베실정5/100밀리그램(암로디핀, 로사르탄칼륨)",암로디핀베실산염/로사르탄칼륨,건일바이오팜주식회사,False,name_only,True,MFDS nedrug,nedrug.searchDrug,2026-06-12
202002053,"로사베실정5/50밀리그램(암로디핀, 로사르탄칼륨)","로사베실정5/50밀리그램(암로디핀, 로사르탄칼륨)",암로디핀베실산염/로사르탄칼륨,건일바이오팜주식회사,False,name_only,True,MFDS nedrug,nedrug.searchDrug,2026-06-12
200502026,로사벨정(로사르탄칼륨),로사벨정(로사르탄칼륨),로사르탄칼륨,(주)팜젠사이언스,False,name_only,True,MFDS nedrug,nedrug.searchDrug,2026-06-12
201900245,로사윈정50밀리그램(로사르탄칼륨),로사윈정50밀리그램(로사르탄칼륨),로사르탄칼륨,코스맥스파마(주),False,name_only,True,MFDS nedrug,nedrug.searchDrug,2026-06-12
200503200,로사정(로사르탄칼륨),로사정(로사르탄칼륨),로사르탄칼륨,한국프라임제약(주),False,name_only,True,MFDS nedrug,nedrug.searchDrug,2026-06-12
201603972,로사카탄정100mg(로사르탄칼륨),로사카탄정100mg(로사르탄칼륨),로사르탄칼륨,(주)휴온스메디텍,False,name_only,True,MFDS nedrug,nedrug.searchDrug,2026-06-12
201906117,로사칼정50밀리그램(로사르탄칼륨),로사칼정50밀리그램(로사르탄칼륨),로사르탄칼륨,(주)서흥,False,name_only,True,MFDS nedrug,nedrug.searchDrug,2026-06-12
201309020,로사코정50mg(로사르탄칼륨),로사코정50mg(로사르탄칼륨),로사르탄칼륨,삼성제약(주),False,name_only,True,MFDS nedrug,nedrug.searchDrug,2026-06-12
200611097,로사타정(로사르탄칼륨),로사타정(로사르탄칼륨),로사르탄칼륨,경동제약(주),False,name_only,True,MFDS nedrug,nedrug.searchDrug,2026-06-12
201309287,로사탄정(로사르탄칼륨),로사탄정(로사르탄칼륨),로사르탄칼륨,(주)화이트생명과학,False,name_only,True,MFDS nedrug,nedrug.searchDrug,2026-06-12
201403084,로사탄정100밀리그램(로사르탄칼륨),로사탄정100밀리그램(로사르탄칼륨),로사르탄칼륨,(주)화이트생명과학,False,name_only,True,MFDS nedrug,nedrug.searchDrug,2026-06-12
201904613,로사탈정(로사르탄칼륨),로사탈정(로사르탄칼륨),로사르탄칼륨,(주)한풍제약,False,name_only,True,MFDS nedrug,nedrug.searchDrug,2026-06-12
201906380,로사텍정(로사르탄칼륨),로사텍정(로사르탄칼륨),로사르탄칼륨,대원바이오텍주식회사,False,name_only,True,MFDS nedrug,nedrug.searchDrug,2026-06-12
200600527,로사트정50밀리그램(로사르탄칼륨),로사트정50밀리그램(로사르탄칼륨),로사르탄칼륨,(주)하원제약,False,name_only,True,MFDS nedrug,nedrug.searchDrug,2026-06-12
201904230,데카르탄정16밀리그램(칸데사르탄실렉세틸),데카르탄정16밀리그램(칸데사르탄실렉세틸),칸데사르탄실렉세틸,삼익제약(주),False,name_only,True,MFDS nedrug,nedrug.searchDrug,2026-06-12
201904229,데카르탄정8밀리그램(칸데사르탄실렉세틸),데카르탄정8밀리그램(칸데사르탄실렉세틸),칸데사르탄실렉세틸,삼익제약(주),False,name_only,True,MFDS nedrug,nedrug.searchDrug,2026-06-12
202107115,로수칸데정10/16밀리그램,로수칸데정10/16밀리그램,로수바스타틴칼슘/칸데사르탄실렉세틸,건일바이오팜주식회사,False,name_only,True,MFDS nedrug,nedrug.searchDrug,2026-06-12
202107118,로수칸데정10/8밀리그램,로수칸데정10/8밀리그램,로수바스타틴칼슘/칸데사르탄실렉세틸,건일바이오팜주식회사,False,name_only,True,MFDS nedrug,nedrug.searchDrug,2026-06-12
202107116,로수칸데정20/32밀리그램,로수칸데정20/32밀리그램,로수바스타틴칼슘/칸데사르탄실렉세틸,건일바이오팜주식회사,False,name_only,True,MFDS nedrug,nedrug.searchDrug,2026-06-12
202107119,로수칸데정5/16밀리그램,로수칸데정5/16밀리그램,로수바스타틴칼슘/칸데사르탄실렉세틸,건일바이오팜주식회사,False,name_only,True,MFDS nedrug,nedrug.searchDrug,2026-06-12
202107117,로수칸데정5/8밀리그램,로수칸데정5/8밀리그램,로수바스타틴칼슘/칸데사르탄실렉세틸,건일바이오팜주식회사,False,name_only,True,MFDS nedrug,nedrug.searchDrug,2026-06-12
201702397,로칸듀오정 5/8밀리그램,로칸듀오정 5/8밀리그램,로수바스타틴칼슘/칸데사르탄실렉세틸,알보젠코리아(주),False,name_only,True,MFDS nedrug,nedrug.searchDrug,2026-06-12
201702399,로칸듀오정10/16밀리그램,로칸듀오정10/16밀리그램,로수바스타틴칼슘/칸데사르탄실렉세틸,알보젠코리아(주),False,name_only,True,MFDS nedrug,nedrug.searchDrug,2026-06-12
201702400,로칸듀오정10/8밀리그램,로칸듀오정10/8밀리그램,로수바스타틴칼슘/칸데사르탄실렉세틸,알보젠코리아(주),False,name_only,True,MFDS nedrug,nedrug.searchDrug,2026-06-12
201702398,로칸듀오정20/32밀리그램,로칸듀오정20/32밀리그램,로수바스타틴칼슘/칸데사르탄실렉세틸,알보젠코리아(주),False,name_only,True,MFDS nedrug,nedrug.searchDrug,2026-06-12
201803500,로칸듀오정5/16밀리그램,로칸듀오정5/16밀리그램,로수바스타틴칼슘/칸데사르탄실렉세틸,알보젠코리아(주),False,name_only,True,MFDS nedrug,nedrug.searchDrug,2026-06-12
201702405,로타칸정 10/16밀리그램,로타칸정 10/16밀리그램,로수바스타틴칼슘/칸데사르탄실렉세틸,(주)녹십자,False,name_only,True,MFDS nedrug,nedrug.searchDrug,2026-06-12
201702406,로타칸정 10/8밀리그램,로타칸정 10/8밀리그램,로수바스타틴칼슘/칸데사르탄실렉세틸,(주)녹십자,False,name_only,True,MFDS nedrug,nedrug.searchDrug,2026-06-12
201702408,로타칸정 20/32밀리그램,로타칸정 20/32밀리그램,로수바스타틴칼슘/칸데사르탄실렉세틸,(주)녹십자,False,name_only,True,MFDS nedrug,nedrug.searchDrug,2026-06-12
201803503,로타칸정 5/16밀리그램,로타칸정 5/16밀리그램,칸데사르탄실렉세틸/로수바스타틴칼슘,(주)녹십자,False,name_only,True,MFDS nedrug,nedrug.searchDrug,2026-06-12
201702407,로타칸정 5/8밀리그램,로타칸정 5/8밀리그램,로수바스타틴칼슘/칸데사르탄실렉세틸,(주)녹십자,False,name_only,True,MFDS nedrug,nedrug.searchDrug,2026-06-12
201603936,마하칸정16/10밀리그램,마하칸정16/10밀리그램,칸데사르탄실렉세틸/암로디핀베실산염,에이치케이이노엔(주),False,name_only,True,MFDS nedrug,nedrug.searchDrug,2026-06-12
201603937,마하칸정16/5밀리그램,마하칸정16/5밀리그램,칸데사르탄실렉세틸/암로디핀베실산염,에이치케이이노엔(주),False,name_only,True,MFDS nedrug,nedrug.searchDrug,2026-06-12
201603935,마하칸정8/5밀리그램,마하칸정8/5밀리그램,칸데사르탄실렉세틸/암로디핀베실산염,에이치케이이노엔(주),False,name_only,True,MFDS nedrug,nedrug.searchDrug,2026-06-12
200905218,아나탄정16밀리그램(칸데사르탄실렉세틸),아나탄정16밀리그램(칸데사르탄실렉세틸),칸데사르탄실렉세틸,아주약품(주),False,name_only,True,MFDS nedrug,nedrug.searchDrug,2026-06-12
201005235,아나탄정8밀리그램(칸데사르탄실렉세틸),아나탄정8밀리그램(칸데사르탄실렉세틸),칸데사르탄실렉세틸,아주약품(주),False,name_only,True,MFDS nedrug,nedrug.searchDrug,2026-06-12
201704762,아칸데정16밀리그램(칸데사르탄실렉세틸),아칸데정16밀리그램(칸데사르탄실렉세틸),칸데사르탄실렉세틸,환인제약(주),False,name_only,True,MFDS nedrug,nedrug.searchDrug,2026-06-12
201704761,아칸데정8밀리그램(칸데사르탄실렉세틸),아칸데정8밀리그램(칸데사르탄실렉세틸),칸데사르탄실렉세틸,환인제약(주),False,name_only,True,MFDS nedrug,nedrug.searchDrug,2026-06-12
199800723,아타칸정16밀리그램(칸데사르탄실렉세틸),아타칸정16밀리그램(칸데사르탄실렉세틸),칸데사르탄실렉세틸,(주)유한양행,False,name_only,True,MFDS nedrug,nedrug.searchDrug,2026-06-12
200511255,아타칸정32밀리그램(칸데사르탄실렉세틸),아타칸정32밀리그램(칸데사르탄실렉세틸),칸데사르탄실렉세틸,디케이에스에이치코리아(주),False,name_only,True,MFDS nedrug,nedrug.searchDrug,2026-06-12
199800725,아타칸정8밀리그램(칸데사르탄실렉세틸),아타칸정8밀리그램(칸데사르탄실렉세틸),칸데사르탄실렉세틸,(주)유한양행,False,name_only,True,MFDS nedrug,nedrug.searchDrug,2026-06-12
202503323,"암로칸데정16/2.5밀리그램(칸데사르탄실렉세틸,에스암로디핀베실산염)","암로칸데정16/2.5밀리그램(칸데사르탄실렉세틸,에스암로디핀베실산염)",칸데사르탄실렉세틸/S-암로디핀베실산염2.5수화물,알리코제약(주),False,name_only,True,MFDS nedrug,nedrug.searchDrug,2026-06-12
202503324,"암로칸데정16/5밀리그램(칸데사르탄실렉세틸,에스암로디핀베실산염)","암로칸데정16/5밀리그램(칸데사르탄실렉세틸,에스암로디핀베실산염)",칸데사르탄실렉세틸/S-암로디핀베실산염2.5수화물,알리코제약(주),False,name_only,True,MFDS nedrug,nedrug.searchDrug,2026-06-12
202503322,"암로칸데정8/2.5밀리그램(칸데사르탄실렉세틸,에스암로디핀베실산염)","암로칸데정8/2.5밀리그램(칸데사르탄실렉세틸,에스암로디핀베실산염)",칸데사르탄실렉세틸/S-암로디핀베실산염2.5수화물,알리코제약(주),False,name_only,True,MFDS nedrug,nedrug.searchDrug,2026-06-12
201406170,리비카정5/20밀리그램,리비카정5/20밀리그램,올메사르탄메독소밀/암로디핀베실산염,한국프라임제약(주),False,name_only,True,MFDS nedrug,nedrug.searchDrug,2026-06-12
201406171,리비카정5/40밀리그램,리비카정5/40밀리그램,올메사르탄메독소밀/암로디핀베실산염,한국프라임제약(주),False,name_only,True,MFDS nedrug,nedrug.searchDrug,2026-06-12
201902308,맥세비카정10/40밀리그램,맥세비카정10/40밀리그램,암로디핀베실산염/올메사르탄메독소밀,맥널티제약(주),False,name_only,True,MFDS nedrug,nedrug.searchDrug,2026-06-12
201904506,맥세비카정5/20밀리그램,맥세비카정5/20밀리그램,암로디핀베실산염/올메사르탄메독소밀,맥널티제약(주),False,name_only,True,MFDS nedrug,nedrug.searchDrug,2026-06-12
201902139,맥세비카정5/40밀리그램,맥세비카정5/40밀리그램,암로디핀베실산염/올메사르탄메독소밀,맥널티제약(주),False,name_only,True,MFDS nedrug,nedrug.searchDrug,2026-06-12
201100827,벨메텍정10밀리그램(올메사르탄메독소밀),벨메텍정10밀리그램(올메사르탄메독소밀),올메사르탄메독소밀,(주)종근당,False,name_only,True,MFDS nedrug,nedrug.searchDrug,2026-06-12
201100828,벨메텍정20밀리그램(올메사르탄메독소밀),벨메텍정20밀리그램(올메사르탄메독소밀),올메사르탄메독소밀,(주)종근당,False,name_only,True,MFDS nedrug,nedrug.searchDrug,2026-06-12
201404765,비바스정10/40밀리그램,비바스정10/40밀리그램,올메사르탄메독소밀/암로디핀베실산염,대화제약(주),False,name_only,True,MFDS nedrug,nedrug.searchDrug,2026-06-12
201404764,비바스정5/20밀리그램,비바스정5/20밀리그램,올메사르탄메독소밀/암로디핀베실산염,대화제약(주),False,name_only,True,MFDS nedrug,nedrug.searchDrug,2026-06-12
201500471,비바스정5/40밀리그램,비바스정5/40밀리그램,올메사르탄메독소밀/암로디핀베실산염,대화제약(주),False,name_only,True,MFDS nedrug,nedrug.searchDrug,2026-06-12
201903525,비카원스정10/40밀리그램,비카원스정10/40밀리그램,암로디핀베실산염/올메사르탄메독소밀,(주)킵스바이오파마,False,name_only,True,MFDS nedrug,nedrug.searchDrug,2026-06-12
201903523,비카원스정5/20밀리그램,비카원스정5/20밀리그램,암로디핀베실산염/올메사르탄메독소밀,(주)킵스바이오파마,False,name_only,True,MFDS nedrug,nedrug.searchDrug,2026-06-12
201903524,비카원스정5/40밀리그램,비카원스정5/40밀리그램,암로디핀베실산염/올메사르탄메독소밀,(주)킵스바이오파마,False,name_only,True,MFDS nedrug,nedrug.searchDrug,2026-06-12
201901356,세바코정10/40밀리그램,세바코정10/40밀리그램,암로디핀베실산염/올메사르탄메독소밀,아주약품(주),False,name_only,True,MFDS nedrug,nedrug.searchDrug,2026-06-12
201901354,세바코정5/20밀리그램,세바코정5/20밀리그램,암로디핀베실산염/올메사르탄메독소밀,아주약품(주),False,name_only,True,MFDS nedrug,nedrug.searchDrug,2026-06-12
201901355,세바코정5/40밀리그램,세바코정5/40밀리그램,암로디핀베실산염/올메사르탄메독소밀,아주약품(주),False,name_only,True,MFDS nedrug,nedrug.searchDrug,2026-06-12
201405005,세비듀오정10/40밀리그램,세비듀오정10/40밀리그램,암로디핀베실산염/올메사르탄메독소밀,제일약품(주),False,name_only,True,MFDS nedrug,nedrug.searchDrug,2026-06-12
201404821,세비듀오정5/20밀리그램,세비듀오정5/20밀리그램,암로디핀베실산염/올메사르탄메독소밀,제일약품(주),False,name_only,True,MFDS nedrug,nedrug.searchDrug,2026-06-12
201404822,세비듀오정5/40밀리그램,세비듀오정5/40밀리그램,암로디핀베실산염/올메사르탄메독소밀,제일약품(주),False,name_only,True,MFDS nedrug,nedrug.searchDrug,2026-06-12
201405503,세비로텐정5/20밀리그램,세비로텐정5/20밀리그램,올메사르탄메독소밀/암로디핀베실산염,(주)메디카코리아,False,name_only,True,MFDS nedrug,nedrug.searchDrug,2026-06-12
201405504,세비로텐정5/40밀리그램,세비로텐정5/40밀리그램,올메사르탄메독소밀/암로디핀베실산염,(주)메디카코리아,False,name_only,True,MFDS nedrug,nedrug.searchDrug,2026-06-12
202003822,"세비루카정10/40밀리그램(암로디핀,올메사르탄)","세비루카정10/40밀리그램(암로디핀,올메사르탄)",올메사르탄메독소밀/암로디핀베실산염,대웅바이오(주),False,name_only,True,MFDS nedrug,nedrug.searchDrug,2026-06-12
202003824,"세비루카정5/20밀리그램(암로디핀,올메사르탄)","세비루카정5/20밀리그램(암로디핀,올메사르탄)",올메사르탄메독소밀/암로디핀베실산염,대웅바이오(주),False,name_only,True,MFDS nedrug,nedrug.searchDrug,2026-06-12
202003823,"세비루카정5/40밀리그램(암로디핀,올메사르탄)","세비루카정5/40밀리그램(암로디핀,올메사르탄)",올메사르탄메독소밀/암로디핀베실산염,대웅바이오(주),False,name_only,True,MFDS nedrug,nedrug.searchDrug,2026-06-12
202303233,"아프로바스크정150/5밀리그램(이르베사르탄,암로디핀베실산염)","아프로바스크정150/5밀리그램(이르베사르탄,암로디핀베실산염)",이르베사르탄/암로디핀베실산염,(주)한독,False,name_only,True,MFDS nedrug,nedrug.searchDrug,2026-06-12
202303234,"아프로바스크정150/10밀리그램(이르베사르탄,암로디핀베실산염)","아프로바스크정150/10밀리그램(이르베사르탄,암로디핀베실산염)",이르베사르탄/암로디핀베실산염,(주)한독,False,name_only,True,MFDS nedrug,nedrug.searchDrug,2026-06-12
202303235,"아프로바스크정300/5밀리그램(이르베사르탄,암로디핀베실산염)","아프로바스크정300/5밀리그램(이르베사르탄,암로디핀베실산염)",이르베사르탄/암로디핀베실산염,(주)한독,False,name_only,True,MFDS nedrug,nedrug.searchDrug,2026-06-12
200701725,아프로벨정150밀리그램(이르베사르탄),아프로벨정150밀리그램(이르베사르탄),이르베사르탄,(주)한독,False,name_only,True,MFDS nedrug,nedrug.searchDrug,2026-06-12
200701738,아프로벨정300밀리그램(이르베사르탄),아프로벨정300밀리그램(이르베사르탄),이르베사르탄,(주)한독,False,name_only,True,MFDS nedrug,nedrug.searchDrug,2026-06-12
200808562,이노엔아벨탄정150밀리그램(이르베사르탄),이노엔아벨탄정150밀리그램(이르베사르탄),이르베사르탄,에이치케이이노엔(주),False,name_only,True,MFDS nedrug,nedrug.searchDrug,2026-06-12
201101761,이노엔아벨탄정300밀리그램(이르베사르탄),이노엔아벨탄정300밀리그램(이르베사르탄),이르베사르탄,에이치케이이노엔(주),False,name_only,True,MFDS nedrug,nedrug.searchDrug,2026-06-12
200703851,이르벨정(이르베사르탄),이르벨정(이르베사르탄),이르베사르탄,(주)킵스바이오파마,False,name_only,True,MFDS nedrug,nedrug.searchDrug,2026-06-12
201102328,이베라정150밀리그램(이르베사르탄),이베라정150밀리그램(이르베사르탄),이르베사르탄,신풍제약(주),False,name_only,True,MFDS nedrug,nedrug.searchDrug,2026-06-12
201102329,이베라정300밀리그램(이르베사르탄),이베라정300밀리그램(이르베사르탄),이르베사르탄,신풍제약(주),False,name_only,True,MFDS nedrug,nedrug.searchDrug,2026-06-12
200800296,이베로정150밀리그램(이르베사르탄),이베로정150밀리그램(이르베사르탄),이르베사르탄,케이엠에스제약(주),False,name_only,True,MFDS nedrug,nedrug.searchDrug,2026-06-12
200800336,이베르탄정(이르베사르탄),이베르탄정(이르베사르탄),이르베사르탄,(주)비씨월드제약,False,name_only,True,MFDS nedrug,nedrug.searchDrug,2026-06-12
200703852,이베스딜정150밀리그램(이르베사르탄),이베스딜정150밀리그램(이르베사르탄),이르베사르탄,안국약품(주),False,name_only,True,MFDS nedrug,nedrug.searchDrug,2026-06-12
200800339,이베텔정(이르베사르탄),이베텔정(이르베사르탄),이르베사르탄,주식회사제뉴원사이언스,False,name_only,True,MFDS nedrug,nedrug.searchDrug,2026-06-12
200800338,이베프로정150밀리그램(이르베사르탄),이베프로정150밀리그램(이르베사르탄),이르베사르탄,삼천당제약(주),False,name_only,True,MFDS nedrug,nedrug.searchDrug,2026-06-12
201101755,이잘탄정150밀리그램(이르베사르탄),이잘탄정150밀리그램(이르베사르탄),이르베사르탄,한미약품(주),False,name_only,True,MFDS nedrug,nedrug.searchDrug,2026-06-12
201101756,이잘탄정300밀리그램(이르베사르탄),이잘탄정300밀리그램(이르베사르탄),이르베사르탄,한미약품(주),False,name_only,True,MFDS nedrug,nedrug.searchDrug,2026-06-12
200108739,콩코르정2.5밀리그램(비소프롤롤푸마르산염),콩코르정2.5밀리그램(비소프롤롤푸마르산염),비소프롤롤푸마르산염,머크(주),False,name_only,True,MFDS nedrug,nedrug.searchDrug,2026-06-12
200008764,콩코르정5밀리그램(비소프롤롤푸마르산염),콩코르정5밀리그램(비소프롤롤푸마르산염),비소프롤롤푸마르산염,머크(주),False,name_only,True,MFDS nedrug,nedrug.searchDrug,2026-06-12
200403082,콩크린정(비소프롤롤푸마르산염),콩크린정(비소프롤롤푸마르산염),비소프롤롤푸마르산염,구주제약(주),False,name_only,True,MFDS nedrug,nedrug.searchDrug,2026-06-12
200401088,헤미푸롤정5밀리그람(비소프롤롤푸마르산염),헤미푸롤정5밀리그람(비소프롤롤푸마르산염),비소프롤롤푸마르산염,삼천당제약(주),False,name_only,True,MFDS nedrug,nedrug.searchDrug,2026-06-12
201804868,달라트정12.5mg(카르베딜롤),달라트정12.5mg(카르베딜롤),카르베딜롤,한국휴텍스제약(주),False,name_only,True,MFDS nedrug,nedrug.searchDrug,2026-06-12
201804867,달라트정25mg(카르베딜롤),달라트정25mg(카르베딜롤),카르베딜롤,한국휴텍스제약(주),False,name_only,True,MFDS nedrug,nedrug.searchDrug,2026-06-12
200410892,듀베롤정(카르베딜롤),듀베롤정(카르베딜롤),카르베딜롤,(주)일화,False,name_only,True,MFDS nedrug,nedrug.searchDrug,2026-06-12
201905686,디카베엠정25mg(카르베딜롤),디카베엠정25mg(카르베딜롤),카르베딜롤,(주)마더스제약,False,name_only,True,MFDS nedrug,nedrug.searchDrug,2026-06-12
200301305,딜라돌정25밀리그램(카르베딜롤),딜라돌정25밀리그램(카르베딜롤),카르베딜롤,부광약품(주),False,name_only,True,MFDS nedrug,nedrug.searchDrug,2026-06-12
201803166,딜라베딜정(카르베딜롤),딜라베딜정(카르베딜롤),카르베딜롤,(주)휴비스트제약,False,name_only,True,MFDS nedrug,nedrug.searchDrug,2026-06-12
201905369,딜라텐정12.5밀리그램(카르베딜롤),딜라텐정12.5밀리그램(카르베딜롤),카르베딜롤,대한뉴팜(주),False,name_only,True,MFDS nedrug,nedrug.searchDrug,2026-06-12
201905923,딜라텐정25밀리그램(카르베딜롤),딜라텐정25밀리그램(카르베딜롤),카르베딜롤,대한뉴팜(주),False,name_only,True,MFDS nedrug,nedrug.searchDrug,2026-06-12
202002674,딜라트렌에스알정16밀리그램(카르베딜롤),딜라트렌에스알정16밀리그램(카르베딜롤),카르베딜롤과립,(주)종근당,False,name_only,True,MFDS nedrug,nedrug.searchDrug,2026-06-12
202202662,딜라트렌에스알정32밀리그램(카르베딜롤),딜라트렌에스알정32밀리그램(카르베딜롤),카르베딜롤 과립,(주)종근당,False,name_only,True,MFDS nedrug,nedrug.searchDrug,2026-06-12
202202661,딜라트렌에스알정64밀리그램(카르베딜롤),딜라트렌에스알정64밀리그램(카르베딜롤),카르베딜롤 과립,(주)종근당,False,name_only,True,MFDS nedrug,nedrug.searchDrug,2026-06-12
202002673,딜라트렌에스알정8밀리그램(카르베딜롤),딜라트렌에스알정8밀리그램(카르베딜롤),카르베딜롤과립,(주)종근당,False,name_only,True,MFDS nedrug,nedrug.searchDrug,2026-06-12
201206935,딜라트렌에스알캡슐16밀리그램(카르베딜롤),딜라트렌에스알캡슐16밀리그램(카르베딜롤),카르베딜롤과립,(주)종근당,False,name_only,True,MFDS nedrug,nedrug.searchDrug,2026-06-12
201206936,딜라트렌에스알캡슐32밀리그램(카르베딜롤),딜라트렌에스알캡슐32밀리그램(카르베딜롤),카르베딜롤과립,(주)종근당,False,name_only,True,MFDS nedrug,nedrug.searchDrug,2026-06-12
201001744,딜라트렌에스알캡슐64밀리그램(카르베딜롤),딜라트렌에스알캡슐64밀리그램(카르베딜롤),카르베딜롤과립,(주)종근당,False,name_only,True,MFDS nedrug,nedrug.searchDrug,2026-06-12
201206934,딜라트렌에스알캡슐8밀리그램(카르베딜롤),딜라트렌에스알캡슐8밀리그램(카르베딜롤),카르베딜롤과립,(주)종근당,False,name_only,True,MFDS nedrug,nedrug.searchDrug,2026-06-12
199800086,딜라트렌정12.5mg(카르베딜롤),딜라트렌정12.5mg(카르베딜롤),카르베딜롤,(주)종근당,False,name_only,True,MFDS nedrug,nedrug.searchDrug,2026-06-12
199400114,딜라트렌정25mg(카르베딜롤),딜라트렌정25mg(카르베딜롤),카르베딜롤,(주)종근당,False,name_only,True,MFDS nedrug,nedrug.searchDrug,2026-06-12
201104026,딜라트렌정3.125mg(카르베딜롤),딜라트렌정3.125mg(카르베딜롤),카르베딜롤,(주)종근당,False,name_only,True,MFDS nedrug,nedrug.searchDrug,2026-06-12
199800085,딜라트렌정6.25mg(카르베딜롤),딜라트렌정6.25mg(카르베딜롤),카르베딜롤,(주)종근당,False,name_only,True,MFDS nedrug,nedrug.searchDrug,2026-06-12
201604129,딜라트롤정(카르베딜롤),딜라트롤정(카르베딜롤),카르베딜롤,(주)휴온스메디텍,False,name_only,True,MFDS nedrug,nedrug.searchDrug,2026-06-12
200400300,바소딜렌정(카르베딜롤),바소딜렌정(카르베딜롤),카르베딜롤,국제약품(주),False,name_only,True,MFDS nedrug,nedrug.searchDrug,2026-06-12
200400177,바소트롤정12.5밀리그램(카르베딜롤),바소트롤정12.5밀리그램(카르베딜롤),카르베딜롤,동아에스티(주),False,name_only,True,MFDS nedrug,nedrug.searchDrug,2026-06-12
200308578,바소트롤정25밀리그램(카르베딜롤),바소트롤정25밀리그램(카르베딜롤),카르베딜롤,동아에스티(주),False,name_only,True,MFDS nedrug,nedrug.searchDrug,2026-06-12
201200186,바소트롤정6.25밀리그램(카르베딜롤),바소트롤정6.25밀리그램(카르베딜롤),카르베딜롤,동아에스티(주),False,name_only,True,MFDS nedrug,nedrug.searchDrug,2026-06-12
200400565,바이넥스카르베딜롤정25밀리그람,바이넥스카르베딜롤정25밀리그람,카르베딜롤,(주)바이넥스,False,name_only,True,MFDS nedrug,nedrug.searchDrug,2026-06-12
200702199,바이넥스카르베딜롤정12.5mg,바이넥스카르베딜롤정12.5mg,카르베딜롤,(주)바이넥스,False,name_only,True,MFDS nedrug,nedrug.searchDrug,2026-06-12
200702195,안국카르베딜롤정12.5밀리그램,안국카르베딜롤정12.5밀리그램,카르베딜롤,안국약품(주),False,name_only,True,MFDS nedrug,nedrug.searchDrug,2026-06-12
200300800,안국카르베딜롤정25밀리그램,안국카르베딜롤정25밀리그램,카르베딜롤,안국약품(주),False,name_only,True,MFDS nedrug,nedrug.searchDrug,2026-06-12
200411009,알베롤정(카르베딜롤),알베롤정(카르베딜롤),카르베딜롤,알리코제약(주),False,name_only,True,MFDS nedrug,nedrug.searchDrug,2026-06-12
198100012,헤르벤정(딜티아젬염산염),헤르벤정(딜티아젬염산염),딜티아젬염산염,에이치케이이노엔(주),False,name_only,True,MFDS nedrug,nedrug.searchDrug,2026-06-12
199002752,헤르벤주50밀리그램(딜티아젬염산염),헤르벤주50밀리그램(딜티아젬염산염),딜티아젬염산염,에이치케이이노엔(주),False,name_only,True,MFDS nedrug,nedrug.searchDrug,2026-06-12
202002176,뉴프렐정(클로피도그렐황산수소염),뉴프렐정(클로피도그렐황산수소염),클로피도그렐황산수소염,(주)한국팜비오,False,name_only,True,MFDS nedrug,nedrug.searchDrug,2026-06-12
201506676,뉴피도정(클로피도그렐황산수소염),뉴피도정(클로피도그렐황산수소염),클로피도그렐황산수소염,대한뉴팜(주),False,name_only,True,MFDS nedrug,nedrug.searchDrug,2026-06-12
201701565,다림클로피도그렐정75mg(클로피도그렐황산수소염),다림클로피도그렐정75mg(클로피도그렐황산수소염),클로피도그렐황산수소염,(주)다림바이오텍,False,name_only,True,MFDS nedrug,nedrug.searchDrug,2026-06-12
200501593,대원클로피도그렐정(클로피도그렐황산염),대원클로피도그렐정(클로피도그렐황산염),클로피도그렐황산염,대원제약(주),False,name_only,True,MFDS nedrug,nedrug.searchDrug,2026-06-12
201902442,동성클로피도그렐정(클로피도그렐황산염),동성클로피도그렐정(클로피도그렐황산염),클로피도그렐황산염,동성제약(주),False,name_only,True,MFDS nedrug,nedrug.searchDrug,2026-06-12
201306377,로피렐정(클로피도그렐황산염),로피렐정(클로피도그렐황산염),클로피도그렐황산염,(주)씨엠지제약,False,name_only,True,MFDS nedrug,nedrug.searchDrug,2026-06-12
201605140,맥스그렐에이캡슐,맥스그렐에이캡슐,클로피도그렐황산염/아스피린장용펠렛,알보젠코리아(주),False,name_only,True,MFDS nedrug,nedrug.searchDrug,2026-06-12
200500965,맥스그렐정(클로피도그렐황산수소염),맥스그렐정(클로피도그렐황산수소염),클로피도그렐황산수소염,알보젠코리아(주),False,name_only,True,MFDS nedrug,nedrug.searchDrug,2026-06-12
201907801,메가클로피정75밀리그램(클로피도그렐황산수소염),메가클로피정75밀리그램(클로피도그렐황산수소염),클로피도그렐황산수소염,(주)엘앤씨바이오,False,name_only,True,MFDS nedrug,nedrug.searchDrug,2026-06-12
202000538,메딕그렐정(클로피도그렐황산수소염),메딕그렐정(클로피도그렐황산수소염),클로피도그렐황산수소염,(주)유앤생명과학,False,name_only,True,MFDS nedrug,nedrug.searchDrug,2026-06-12
201301376,명문클로피도그렐정(클로피도그렐황산수소염),명문클로피도그렐정(클로피도그렐황산수소염),클로피도그렐황산수소염,명문제약(주),False,name_only,True,MFDS nedrug,nedrug.searchDrug,2026-06-12
201308626,바소빅스정(클로피도그렐황산수소염),바소빅스정(클로피도그렐황산수소염),클로피도그렐황산수소염,구주제약(주),False,name_only,True,MFDS nedrug,nedrug.searchDrug,2026-06-12
201603691,비보존클로피도그렐정75mg(클로피도그렐황산수소염),비보존클로피도그렐정75mg(클로피도그렐황산수소염),클로피도그렐황산수소염,(주)비보존제약,False,name_only,True,MFDS nedrug,nedrug.searchDrug,2026-06-12
200808253,비알빅스정(클로피도그렐캄실산염),비알빅스정(클로피도그렐캄실산염),클로피도그렐캄실산염,(주)보령,False,name_only,True,MFDS nedrug,nedrug.searchDrug,2026-06-12
202107045,비엘클로비스정(클로피도그렐황산수소염),비엘클로비스정(클로피도그렐황산수소염),클로피도그렐황산수소염,성이바이오제약주식회사,False,name_only,True,MFDS nedrug,nedrug.searchDrug,2026-06-12
200512335,세레나데정(클로피도그렐황산수소염),세레나데정(클로피도그렐황산수소염),클로피도그렐황산수소염,유니메드제약(주),False,name_only,True,MFDS nedrug,nedrug.searchDrug,2026-06-12
201701198,셀라빅스정75밀리그램(클로피도그렐황산염),셀라빅스정75밀리그램(클로피도그렐황산염),클로피도그렐황산염,(주)셀트리온제약,False,name_only,True,MFDS nedrug,nedrug.searchDrug,2026-06-12
201200635,"슈퍼피린캡슐75/100밀리그램(클로피도그렐, 아스피린)","슈퍼피린캡슐75/100밀리그램(클로피도그렐, 아스피린)",아스피린/클로피도그렐황산염,명인제약(주),False,name_only,True,MFDS nedrug,nedrug.searchDrug,2026-06-12
201708219,"슈퍼피린캡슐75/75밀리그램(클로피도그렐, 아스피린)","슈퍼피린캡슐75/75밀리그램(클로피도그렐, 아스피린)",아스피린/클로피도그렐황산염,명인제약(주),False,name_only,True,MFDS nedrug,nedrug.searchDrug,2026-06-12
201706909,아나빅스듀오캡슐,아나빅스듀오캡슐,클로피도그렐황산염/아스피린장용펠렛,아주약품(주),False,name_only,True,MFDS nedrug,nedrug.searchDrug,2026-06-12
201306363,아나빅스정(클로피도그렐황산수소염),아나빅스정(클로피도그렐황산수소염),클로피도그렐황산수소염,아주약품(주),False,name_only,True,MFDS nedrug,nedrug.searchDrug,2026-06-12
201200636,아리그렐캡슐,아리그렐캡슐,클로피도그렐황산염/아스피린장용펠렛,(주)휴온스,False,name_only,True,MFDS nedrug,nedrug.searchDrug,2026-06-12
201605135,아스피겔캡슐,아스피겔캡슐,클로피도그렐황산염/아스피린장용펠렛,(주)오스코리아제약,False,name_only,True,MFDS nedrug,nedrug.searchDrug,2026-06-12
201605650,아스피도캡슐,아스피도캡슐,클로피도그렐황산염/아스피린 장용펠렛,(주)킵스바이오파마,False,name_only,True,MFDS nedrug,nedrug.searchDrug,2026-06-12
201603030,아이클로정(클로피도그렐황산수소염),아이클로정(클로피도그렐황산수소염),클로피도그렐황산수소염,(주)아이월드제약,False,name_only,True,MFDS nedrug,nedrug.searchDrug,2026-06-12
201309561,아트크렐정(클로피도그렐황산염),아트크렐정(클로피도그렐황산염),클로피도그렐황산염,(주)화이트생명과학,False,name_only,True,MFDS nedrug,nedrug.searchDrug,2026-06-12
201707646,안티플라정(클로피도그렐황산수소염),안티플라정(클로피도그렐황산수소염),클로피도그렐황산수소염,(주)중헌제약,False,name_only,True,MFDS nedrug,nedrug.searchDrug,2026-06-12
201306524,알피클로피아정(클로피도그렐황산염),알피클로피아정(클로피도그렐황산염),클로피도그렐황산염,(주)알피바이오,False,name_only,True,MFDS nedrug,nedrug.searchDrug,2026-06-12
201207403,에라빅스정(클로피도그렐황산수소염),에라빅스정(클로피도그렐황산수소염),클로피도그렐황산수소염,삼익제약(주),False,name_only,True,MFDS nedrug,nedrug.searchDrug,2026-06-12
201701528,에라빅스플러스캡슐,에라빅스플러스캡슐,클로피도그렐황산염/아스피린장용펠렛,삼익제약(주),False,name_only,True,MFDS nedrug,nedrug.searchDrug,2026-06-12
200400480,대웅실로스타졸정50밀리그램,대웅실로스타졸정50밀리그램,실로스타졸,대웅바이오(주),False,name_only,True,MFDS nedrug,nedrug.searchDrug,2026-06-12
201907717,대원바이오텍실로스타졸서방캡슐200mg,대원바이오텍실로스타졸서방캡슐200mg,실로스타졸,대원바이오텍주식회사,False,name_only,True,MFDS nedrug,nedrug.searchDrug,2026-06-12
201907718,대원바이오텍실로스타졸서방캡슐100mg,대원바이오텍실로스타졸서방캡슐100mg,실로스타졸,대원바이오텍주식회사,False,name_only,True,MFDS nedrug,nedrug.searchDrug,2026-06-12
201907297,로사졸씨알캡슐100밀리그램(실로스타졸),로사졸씨알캡슐100밀리그램(실로스타졸),실로스타졸,경동제약(주),False,name_only,True,MFDS nedrug,nedrug.searchDrug,2026-06-12
201907298,로사졸씨알캡슐200밀리그램(실로스타졸),로사졸씨알캡슐200밀리그램(실로스타졸),실로스타졸,경동제약(주),False,name_only,True,MFDS nedrug,nedrug.searchDrug,2026-06-12
200002760,로사졸정100밀리그램(실로스타졸),로사졸정100밀리그램(실로스타졸),실로스타졸,경동제약(주),False,name_only,True,MFDS nedrug,nedrug.searchDrug,2026-06-12
199802095,로사졸정50밀리그램(실로스타졸),로사졸정50밀리그램(실로스타졸),실로스타졸,경동제약(주),False,name_only,True,MFDS nedrug,nedrug.searchDrug,2026-06-12
201903646,로스탈서방캡슐100밀리그램(실로스타졸),로스탈서방캡슐100밀리그램(실로스타졸),실로스타졸,신풍제약(주),False,name_only,True,MFDS nedrug,nedrug.searchDrug,2026-06-12
201903645,로스탈서방캡슐200밀리그램(실로스타졸),로스탈서방캡슐200밀리그램(실로스타졸),실로스타졸,신풍제약(주),False,name_only,True,MFDS nedrug,nedrug.searchDrug,2026-06-12
200300037,로스탈정100밀리그램(실로스타졸),로스탈정100밀리그램(실로스타졸),실로스타졸,신풍제약(주),False,name_only,True,MFDS nedrug,nedrug.searchDrug,2026-06-12
200404724,로타졸정(실로스타졸),로타졸정(실로스타졸),실로스타졸,주식회사제뉴원사이언스,False,name_only,True,MFDS nedrug,nedrug.searchDrug,2026-06-12
201903002,리네스타정,리네스타정,실로스타졸/은행엽 건조엑스,정우신약(주),False,name_only,True,MFDS nedrug,nedrug.searchDrug,2026-06-12
202002062,리넥신서방정,리넥신서방정,실로스타졸/은행엽건조엑스,에스케이케미칼(주),False,name_only,True,MFDS nedrug,nedrug.searchDrug,2026-06-12
200907799,리넥신정,리넥신정,실로스타졸/은행엽건조엑스,에스케이케미칼(주),False,name_only,True,MFDS nedrug,nedrug.searchDrug,2026-06-12
201700685,바로칸정,바로칸정,실로스타졸/은행엽건조엑스,한국코러스(주),False,name_only,True,MFDS nedrug,nedrug.searchDrug,2026-06-12
201903655,삼성실로스타졸서방캡슐200밀리그램,삼성실로스타졸서방캡슐200밀리그램,실로스타졸,삼성제약(주),False,name_only,True,MFDS nedrug,nedrug.searchDrug,2026-06-12
201903675,세레탈서방캡슐100밀리그램(실로스타졸),세레탈서방캡슐100밀리그램(실로스타졸),실로스타졸,(주)셀트리온제약,False,name_only,True,MFDS nedrug,nedrug.searchDrug,2026-06-12
201903676,세레탈서방캡슐200밀리그램(실로스타졸),세레탈서방캡슐200밀리그램(실로스타졸),실로스타졸,(주)셀트리온제약,False,name_only,True,MFDS nedrug,nedrug.searchDrug,2026-06-12
201707601,세레탈정50밀리그램(실로스타졸),세레탈정50밀리그램(실로스타졸),실로스타졸,(주)셀트리온제약,False,name_only,True,MFDS nedrug,nedrug.searchDrug,2026-06-12
202003439,셀로스타서방캡슐100밀리그램(실로스타졸),셀로스타서방캡슐100밀리그램(실로스타졸),실로스타졸,주식회사케이에스제약,False,name_only,True,MFDS nedrug,nedrug.searchDrug,2026-06-12
202003440,셀로스타서방캡슐200밀리그램(실로스타졸),셀로스타서방캡슐200밀리그램(실로스타졸),실로스타졸,주식회사케이에스제약,False,name_only,True,MFDS nedrug,nedrug.searchDrug,2026-06-12
201704782,셀시고정,셀시고정,실로스타졸/은행엽건조엑스,(주)셀트리온제약,False,name_only,True,MFDS nedrug,nedrug.searchDrug,2026-06-12
200001858,스타졸정(실로스타졸),스타졸정(실로스타졸),실로스타졸,대원제약(주),False,name_only,True,MFDS nedrug,nedrug.searchDrug,2026-06-12
202001523,시렌탈서방캡슐100밀리그램(실로스타졸),시렌탈서방캡슐100밀리그램(실로스타졸),실로스타졸,동화약품(주),False,name_only,True,MFDS nedrug,nedrug.searchDrug,2026-06-12
202001522,시렌탈서방캡슐200밀리그램(실로스타졸),시렌탈서방캡슐200밀리그램(실로스타졸),실로스타졸,동화약품(주),False,name_only,True,MFDS nedrug,nedrug.searchDrug,2026-06-12
200200643,시렌탈정(실로스타졸),시렌탈정(실로스타졸),실로스타졸,동화약품(주),False,name_only,True,MFDS nedrug,nedrug.searchDrug,2026-06-12
201907420,시로스타서방캡슐200밀리그램(실로스타졸),시로스타서방캡슐200밀리그램(실로스타졸),실로스타졸,(주)메디카코리아,False,name_only,True,MFDS nedrug,nedrug.searchDrug,2026-06-12
201903648,시타졸서방캡슐100mg(실로스타졸),시타졸서방캡슐100mg(실로스타졸),실로스타졸,동광제약(주),False,name_only,True,MFDS nedrug,nedrug.searchDrug,2026-06-12
201903647,시타졸서방캡슐200mg(실로스타졸),시타졸서방캡슐200mg(실로스타졸),실로스타졸,동광제약(주),False,name_only,True,MFDS nedrug,nedrug.searchDrug,2026-06-12
201700921,실넥신정,실넥신정,실로스타졸/은행엽건조엑스,진양제약(주),False,name_only,True,MFDS nedrug,nedrug.searchDrug,2026-06-12
201702432,디피아녹스서방캡슐,디피아녹스서방캡슐,디피리다몰/아스피린,현대약품(주),False,name_only,True,MFDS nedrug,nedrug.searchDrug,2026-06-12
202402464,"라베트릭스캡슐100/5밀리그램(아스피린,라베프라졸)","라베트릭스캡슐100/5밀리그램(아스피린,라베프라졸)",라베프라졸나트륨/아스피린,(주)보령,False,name_only,True,MFDS nedrug,nedrug.searchDrug,2026-06-12
202401364,"라베피린캡슐100/5밀리그램(아스피린,라베프라졸)","라베피린캡슐100/5밀리그램(아스피린,라베프라졸)",라베프라졸나트륨/아스피린,동광제약(주),False,name_only,True,MFDS nedrug,nedrug.searchDrug,2026-06-12
202303032,"라스피린캡슐100/5밀리그램(아스피린,라베프라졸)","라스피린캡슐100/5밀리그램(아스피린,라베프라졸)",아스피린 장용펠렛/라베프라졸나트륨,한미약품(주),False,name_only,True,MFDS nedrug,nedrug.searchDrug,2026-06-12
201307061,린아스장용정(아스피린),린아스장용정(아스피린),아스피린,알리코제약(주),False,name_only,True,MFDS nedrug,nedrug.searchDrug,2026-06-12
201803431,마더스아스피린장용정100mg(아스피린),마더스아스피린장용정100mg(아스피린),아스피린,(주)마더스제약,False,name_only,True,MFDS nedrug,nedrug.searchDrug,2026-06-12
201310207,명문아스피린장용정100mg,명문아스피린장용정100mg,아스피린,명문제약(주),False,name_only,True,MFDS nedrug,nedrug.searchDrug,2026-06-12
201310592,바소피린장용정(아스피린),바소피린장용정(아스피린),아스피린,조아제약(주),False,name_only,True,MFDS nedrug,nedrug.searchDrug,2026-06-12
200008591,바이엘아스피린정500밀리그람,바이엘아스피린정500밀리그람,아스피린,바이엘코리아(주),False,name_only,True,MFDS nedrug,nedrug.searchDrug,2026-06-12
200906484,보령바이오아스트릭스캡슐100밀리그램(아스피린장용과립),보령바이오아스트릭스캡슐100밀리그램(아스피린장용과립),아스피린장용과립,(주)보령바이오파마,False,name_only,True,MFDS nedrug,nedrug.searchDrug,2026-06-12
201908303,보령바이오아스피린장용정100밀리그램,보령바이오아스피린장용정100밀리그램,아스피린,(주)보령바이오파마,False,name_only,True,MFDS nedrug,nedrug.searchDrug,2026-06-12
199001012,보령아스트릭스캡슐100밀리그람(아스피린),보령아스트릭스캡슐100밀리그람(아스피린),아스피린 장용과립,(주)보령,False,name_only,True,MFDS nedrug,nedrug.searchDrug,2026-06-12
201708490,비엘피린장용정100밀리그램(아스피린),비엘피린장용정100밀리그램(아스피린),아스피린,(주)씨엘팜,False,name_only,True,MFDS nedrug,nedrug.searchDrug,2026-06-12
202001489,삼성아스피린장용정100밀리그램,삼성아스피린장용정100밀리그램,아스피린,삼성제약(주),False,name_only,True,MFDS nedrug,nedrug.searchDrug,2026-06-12
201211564,삼익아스피린장용정,삼익아스피린장용정,아스피린,삼익제약(주),False,name_only,True,MFDS nedrug,nedrug.searchDrug,2026-06-12
201402678,삼진아스피린장용정,삼진아스피린장용정,아스피린,삼진제약(주),False,name_only,True,MFDS nedrug,nedrug.searchDrug,2026-06-12
201900178,서울아스피린장용정,서울아스피린장용정,아스피린,(주)서울제약,False,name_only,True,MFDS nedrug,nedrug.searchDrug,2026-06-12
200700624,스코테린액(과아세트산액0.13%),스코테린액(과아세트산액0.13%),과아세트산액0.13%,(주)휴온스메디텍,False,name_only,True,MFDS nedrug,nedrug.searchDrug,2026-06-12
202502194,스피다정,스피다정,아세트아미노펜/아스피린/카페인무수물,명인제약(주),False,name_only,True,MFDS nedrug,nedrug.searchDrug,2026-06-12
201401484,씨엠지아스피린장용정100mg,씨엠지아스피린장용정100mg,아스피린,(주)씨엠지제약,False,name_only,True,MFDS nedrug,nedrug.searchDrug,2026-06-12
201207417,아나피린장용정100밀리그램(아스피린),아나피린장용정100밀리그램(아스피린),아스피린,아주약품(주),False,name_only,True,MFDS nedrug,nedrug.searchDrug,2026-06-12
201600889,아디녹스캡슐,아디녹스캡슐,디피리다몰/아스피린,초당약품공업(주),False,name_only,True,MFDS nedrug,nedrug.searchDrug,2026-06-12
202402338,"아라텍트캡슐100/5밀리그램(아스피린,라베프라졸)","아라텍트캡슐100/5밀리그램(아스피린,라베프라졸)",라베프라졸나트륨/아스피린,(주)한국파마,False,name_only,True,MFDS nedrug,nedrug.searchDrug,2026-06-12
201405003,아사프장용정100mg(아스피린),아사프장용정100mg(아스피린),아스피린,(주)제뉴파마,False,name_only,True,MFDS nedrug,nedrug.searchDrug,2026-06-12
202402347,"아스라베캡슐100/5밀리그램(아스피린,라베프라졸)","아스라베캡슐100/5밀리그램(아스피린,라베프라졸)",라베프라졸나트륨/아스피린,(주)휴온스,False,name_only,True,MFDS nedrug,nedrug.searchDrug,2026-06-12
202402348,"아스라졸캡슐100/5밀리그램(아스피린,라베프라졸)","아스라졸캡슐100/5밀리그램(아스피린,라베프라졸)",라베프라졸나트륨/아스피린,영진약품(주),False,name_only,True,MFDS nedrug,nedrug.searchDrug,2026-06-12
202500715,"아스베린캡슐100/5밀리그램(아스피린,라베프라졸)","아스베린캡슐100/5밀리그램(아스피린,라베프라졸)",라베프라졸나트륨/아스피린,제이더블유중외제약(주),False,name_only,True,MFDS nedrug,nedrug.searchDrug,2026-06-12
201208281,아스테린정(아스피린),아스테린정(아스피린),아스피린,성원애드콕제약(주),False,name_only,True,MFDS nedrug,nedrug.searchDrug,2026-06-12
201600396,아스텍션장용정100밀리그램(아스피린),아스텍션장용정100밀리그램(아스피린),아스피린,(주)셀트리온제약,False,name_only,True,MFDS nedrug,nedrug.searchDrug,2026-06-12
201300051,아스텍트정(아스피린),아스텍트정(아스피린),아스피린,(주)동구바이오제약,False,name_only,True,MFDS nedrug,nedrug.searchDrug,2026-06-12
201701634,네오아토정10밀리그램(아토르바스타틴칼슘수화물),네오아토정10밀리그램(아토르바스타틴칼슘수화물),아토르바스타틴칼슘수화물,(주)녹십자,False,name_only,True,MFDS nedrug,nedrug.searchDrug,2026-06-12
201701635,네오아토정20밀리그램(아토르바스타틴칼슘수화물),네오아토정20밀리그램(아토르바스타틴칼슘수화물),아토르바스타틴칼슘수화물,(주)녹십자,False,name_only,True,MFDS nedrug,nedrug.searchDrug,2026-06-12
200809659,노토바정5mg/10mg,노토바정5mg/10mg,아토르바스타틴칼슘수화물/암로디핀베실산염,오스틴제약(주),False,name_only,True,MFDS nedrug,nedrug.searchDrug,2026-06-12
200811250,뉴바스트정10밀리그램(아토르바스타틴스트론튬오수화물),뉴바스트정10밀리그램(아토르바스타틴스트론튬오수화물),아토르바스타틴스트론튬오수화물,한미약품(주),False,name_only,True,MFDS nedrug,nedrug.searchDrug,2026-06-12
200811251,뉴바스트정20밀리그램(아토르바스타틴스트론튬오수화물),뉴바스트정20밀리그램(아토르바스타틴스트론튬오수화물),아토르바스타틴스트론튬오수화물,한미약품(주),False,name_only,True,MFDS nedrug,nedrug.searchDrug,2026-06-12
200811252,뉴바스트정40밀리그램(아토르바스타틴스트론튬오수화물),뉴바스트정40밀리그램(아토르바스타틴스트론튬오수화물),아토르바스타틴스트론튬오수화물,한미약품(주),False,name_only,True,MFDS nedrug,nedrug.searchDrug,2026-06-12
200811253,뉴바스트정80밀리그램(아토르바스타틴스트론튬오수화물),뉴바스트정80밀리그램(아토르바스타틴스트론튬오수화물),아토르바스타틴스트론튬오수화물,한미약품(주),False,name_only,True,MFDS nedrug,nedrug.searchDrug,2026-06-12
201206319,뉴스타틴에이정10밀리그램(아토르바스타틴칼슘삼수화물),뉴스타틴에이정10밀리그램(아토르바스타틴칼슘삼수화물),아토르바스타틴칼슘삼수화물,삼진제약(주),False,name_only,True,MFDS nedrug,nedrug.searchDrug,2026-06-12
201206318,뉴스타틴에이정20밀리그램(아토르바스타틴칼슘삼수화물),뉴스타틴에이정20밀리그램(아토르바스타틴칼슘삼수화물),아토르바스타틴칼슘삼수화물,삼진제약(주),False,name_only,True,MFDS nedrug,nedrug.searchDrug,2026-06-12
201405997,뉴스타틴에이정40밀리그램(아토르바스타틴칼슘삼수화물),뉴스타틴에이정40밀리그램(아토르바스타틴칼슘삼수화물),아토르바스타틴칼슘삼수화물,삼진제약(주),False,name_only,True,MFDS nedrug,nedrug.searchDrug,2026-06-12
202101555,뉴아토르젯정10/10밀리그램,뉴아토르젯정10/10밀리그램,에제티미브/아토르바스타틴칼슘삼수화물,안국뉴팜(주),False,name_only,True,MFDS nedrug,nedrug.searchDrug,2026-06-12
202101554,뉴아토르젯정10/20밀리그램,뉴아토르젯정10/20밀리그램,에제티미브/아토르바스타틴칼슘삼수화물,안국뉴팜(주),False,name_only,True,MFDS nedrug,nedrug.searchDrug,2026-06-12
202101553,뉴아토르젯정10/40밀리그램,뉴아토르젯정10/40밀리그램,에제티미브/아토르바스타틴칼슘삼수화물,안국뉴팜(주),False,name_only,True,MFDS nedrug,nedrug.searchDrug,2026-06-12
201602765,뉴아토르타정10밀리그램(아토르바스타틴칼슘삼수화물),뉴아토르타정10밀리그램(아토르바스타틴칼슘삼수화물),아토르바스타틴칼슘삼수화물,안국뉴팜(주),False,name_only,True,MFDS nedrug,nedrug.searchDrug,2026-06-12
201602763,뉴아토르타정20밀리그램(아토르바스타틴칼슘삼수화물),뉴아토르타정20밀리그램(아토르바스타틴칼슘삼수화물),아토르바스타틴칼슘삼수화물,안국뉴팜(주),False,name_only,True,MFDS nedrug,nedrug.searchDrug,2026-06-12
201308048,뉴토르정10밀리그램(아토르바스타틴칼슘삼수화물),뉴토르정10밀리그램(아토르바스타틴칼슘삼수화물),아토르바스타틴칼슘삼수화물,대한뉴팜(주),False,name_only,True,MFDS nedrug,nedrug.searchDrug,2026-06-12
201403432,뉴토르정20밀리그램(아토르바스타틴칼슘삼수화물),뉴토르정20밀리그램(아토르바스타틴칼슘삼수화물),아토르바스타틴칼슘삼수화물,대한뉴팜(주),False,name_only,True,MFDS nedrug,nedrug.searchDrug,2026-06-12
202202839,뉴토메가연질캡슐5/1000밀리그램,뉴토메가연질캡슐5/1000밀리그램,아토르바스타틴칼슘삼수화물/오메가3산에틸에스테르90,대한뉴팜(주),False,name_only,True,MFDS nedrug,nedrug.searchDrug,2026-06-12
202101604,뉴토젯정10/10밀리그램,뉴토젯정10/10밀리그램,아토르바스타틴칼슘삼수화물/에제티미브,대한뉴팜(주),False,name_only,True,MFDS nedrug,nedrug.searchDrug,2026-06-12
202101608,뉴토젯정10/20밀리그램,뉴토젯정10/20밀리그램,아토르바스타틴칼슘삼수화물/에제티미브,대한뉴팜(주),False,name_only,True,MFDS nedrug,nedrug.searchDrug,2026-06-12
201403872,뉴펙스듀오정5mg/10mg,뉴펙스듀오정5mg/10mg,아토르바스타틴칼슘수화물/암로디핀베실산염,한국유나이티드제약(주),False,name_only,True,MFDS nedrug,nedrug.searchDrug,2026-06-12
201403873,뉴펙스듀오정5mg/20mg,뉴펙스듀오정5mg/20mg,아토르바스타틴칼슘수화물/암로디핀베실산염,한국유나이티드제약(주),False,name_only,True,MFDS nedrug,nedrug.searchDrug,2026-06-12
201300047,뉴펙스정10밀리그램(아토르바스타틴칼슘수화물),뉴펙스정10밀리그램(아토르바스타틴칼슘수화물),아토르바스타틴칼슘수화물,한국유나이티드제약(주),False,name_only,True,MFDS nedrug,nedrug.searchDrug,2026-06-12
201208998,뉴펙스정20밀리그램(아토르바스타틴칼슘수화물),뉴펙스정20밀리그램(아토르바스타틴칼슘수화물),아토르바스타틴칼슘수화물,한국유나이티드제약(주),False,name_only,True,MFDS nedrug,nedrug.searchDrug,2026-06-12
201902690,뉴피토정10밀리그램(아토르바스타틴칼슘수화물),뉴피토정10밀리그램(아토르바스타틴칼슘수화물),아토르바스타틴칼슘수화물,(주)라이트팜텍,False,name_only,True,MFDS nedrug,nedrug.searchDrug,2026-06-12
201902555,뉴피토정20밀리그램(아토르바스타틴칼슘수화물),뉴피토정20밀리그램(아토르바스타틴칼슘수화물),아토르바스타틴칼슘수화물,(주)라이트팜텍,False,name_only,True,MFDS nedrug,nedrug.searchDrug,2026-06-12
201907428,대웅바이오아토르바스타틴정40밀리그램(아토르바스타틴칼슘삼수화물),대웅바이오아토르바스타틴정40밀리그램(아토르바스타틴칼슘삼수화물),아토르바스타틴칼슘삼수화물,대웅바이오(주),False,name_only,True,MFDS nedrug,nedrug.searchDrug,2026-06-12
201307002,대웅바이오아토르바스타틴정10밀리그램(아토르바스타틴칼슘삼수화물),대웅바이오아토르바스타틴정10밀리그램(아토르바스타틴칼슘삼수화물),아토르바스타틴칼슘삼수화물,대웅바이오(주),False,name_only,True,MFDS nedrug,nedrug.searchDrug,2026-06-12
201500979,대웅바이오아토르바스타틴정20밀리그램(아토르바스타틴칼슘삼수화물),대웅바이오아토르바스타틴정20밀리그램(아토르바스타틴칼슘삼수화물),아토르바스타틴칼슘삼수화물,대웅바이오(주),False,name_only,True,MFDS nedrug,nedrug.searchDrug,2026-06-12
202101273,대웅바이오아토르바스타틴정80밀리그램(아토르바스타틴칼슘삼수화물),대웅바이오아토르바스타틴정80밀리그램(아토르바스타틴칼슘삼수화물),아토르바스타틴칼슘삼수화물,대웅바이오(주),False,name_only,True,MFDS nedrug,nedrug.searchDrug,2026-06-12
202003263,넬라스토정20밀리그램(로수바스타틴칼슘),넬라스토정20밀리그램(로수바스타틴칼슘),로수바스타틴칼슘,한국넬슨제약(주),False,name_only,True,MFDS nedrug,nedrug.searchDrug,2026-06-12
201603999,뉴로스틴정(로수바스타틴칼슘),뉴로스틴정(로수바스타틴칼슘),로수바스타틴칼슘,에스에스팜(주),False,name_only,True,MFDS nedrug,nedrug.searchDrug,2026-06-12
202008413,뉴마코알연질캡슐,뉴마코알연질캡슐,오메가3산에틸에스테르90/로수바스타틴칼슘,(주)유유제약,False,name_only,True,MFDS nedrug,nedrug.searchDrug,2026-06-12
201802674,뉴슈바틴정10밀리그램(로수바스타틴칼슘),뉴슈바틴정10밀리그램(로수바스타틴칼슘),로수바스타틴칼슘,안국뉴팜(주),False,name_only,True,MFDS nedrug,nedrug.searchDrug,2026-06-12
201802673,뉴슈바틴정5밀리그램(로수바스타틴칼슘),뉴슈바틴정5밀리그램(로수바스타틴칼슘),로수바스타틴칼슘,안국뉴팜(주),False,name_only,True,MFDS nedrug,nedrug.searchDrug,2026-06-12
202004605,뉴스타젯알정10/10밀리그램,뉴스타젯알정10/10밀리그램,로수바스타틴칼슘/에제티미브,삼진제약(주),False,name_only,True,MFDS nedrug,nedrug.searchDrug,2026-06-12
202004606,뉴스타젯알정10/20밀리그램,뉴스타젯알정10/20밀리그램,로수바스타틴칼슘/에제티미브,삼진제약(주),False,name_only,True,MFDS nedrug,nedrug.searchDrug,2026-06-12
202004607,뉴스타젯알정10/5밀리그램,뉴스타젯알정10/5밀리그램,로수바스타틴칼슘/에제티미브,삼진제약(주),False,name_only,True,MFDS nedrug,nedrug.searchDrug,2026-06-12
201401264,뉴스타틴알정10밀리그램(로수바스타틴칼슘),뉴스타틴알정10밀리그램(로수바스타틴칼슘),로수바스타틴칼슘,삼진제약(주),False,name_only,True,MFDS nedrug,nedrug.searchDrug,2026-06-12
202300974,뉴스타틴알정2.5밀리그램(로수바스타틴칼슘),뉴스타틴알정2.5밀리그램(로수바스타틴칼슘),로수바스타틴칼슘,삼진제약(주),False,name_only,True,MFDS nedrug,nedrug.searchDrug,2026-06-12
201401266,뉴스타틴알정20밀리그램(로수바스타틴칼슘),뉴스타틴알정20밀리그램(로수바스타틴칼슘),로수바스타틴칼슘,삼진제약(주),False,name_only,True,MFDS nedrug,nedrug.searchDrug,2026-06-12
201401265,뉴스타틴알정5밀리그램(로수바스타틴칼슘),뉴스타틴알정5밀리그램(로수바스타틴칼슘),로수바스타틴칼슘,삼진제약(주),False,name_only,True,MFDS nedrug,nedrug.searchDrug,2026-06-12
201403434,뉴스토정10mg(로수바스타틴칼슘),뉴스토정10mg(로수바스타틴칼슘),로수바스타틴칼슘,대한뉴팜(주),False,name_only,True,MFDS nedrug,nedrug.searchDrug,2026-06-12
201804841,뉴스토정20mg(로수바스타틴칼슘),뉴스토정20mg(로수바스타틴칼슘),로수바스타틴칼슘,대한뉴팜(주),False,name_only,True,MFDS nedrug,nedrug.searchDrug,2026-06-12
201601226,"다비듀오정10/10밀리그램(에제티미브, 로수바스타틴칼슘)","다비듀오정10/10밀리그램(에제티미브, 로수바스타틴칼슘)",에제티미브/로수바스타틴칼슘,(주)녹십자,False,name_only,True,MFDS nedrug,nedrug.searchDrug,2026-06-12
202300774,"다비듀오정10/2.5밀리그램(에제티미브, 로수바스타틴칼슘)","다비듀오정10/2.5밀리그램(에제티미브, 로수바스타틴칼슘)",로수바스타틴칼슘/에제티미브(미분화),(주)녹십자,False,name_only,True,MFDS nedrug,nedrug.searchDrug,2026-06-12
201601227,"다비듀오정10/20밀리그램(에제티미브, 로수바스타틴칼슘)","다비듀오정10/20밀리그램(에제티미브, 로수바스타틴칼슘)",에제티미브/로수바스타틴칼슘,(주)녹십자,False,name_only,True,MFDS nedrug,nedrug.searchDrug,2026-06-12
201601225,"다비듀오정10/5밀리그램(에제티미브, 로수바스타틴칼슘)","다비듀오정10/5밀리그램(에제티미브, 로수바스타틴칼슘)",에제티미브/로수바스타틴칼슘,(주)녹십자,False,name_only,True,MFDS nedrug,nedrug.searchDrug,2026-06-12
201000977,대웅로수바스타틴정10밀리그램(로수바스타틴칼슘(미분화)),대웅로수바스타틴정10밀리그램(로수바스타틴칼슘(미분화)),로수바스타틴칼슘(미분화),(주)대웅제약,False,name_only,True,MFDS nedrug,nedrug.searchDrug,2026-06-12
201000974,대웅로수바스타틴정20밀리그램(로수바스타틴칼슘(미분화)),대웅로수바스타틴정20밀리그램(로수바스타틴칼슘(미분화)),로수바스타틴칼슘(미분화),(주)대웅제약,False,name_only,True,MFDS nedrug,nedrug.searchDrug,2026-06-12
202202878,대웅로수바스타틴정2.5밀리그램(로수바스타틴칼슘(미분화)),대웅로수바스타틴정2.5밀리그램(로수바스타틴칼슘(미분화)),로수바스타틴칼슘(미분화),(주)대웅제약,False,name_only,True,MFDS nedrug,nedrug.searchDrug,2026-06-12
201000975,대웅로수바스타틴정5밀리그램(로수바스타틴칼슘(미분화)),대웅로수바스타틴정5밀리그램(로수바스타틴칼슘(미분화)),로수바스타틴칼슘(미분화),(주)대웅제약,False,name_only,True,MFDS nedrug,nedrug.searchDrug,2026-06-12
201400371,동광로수바스타틴칼슘정10mg,동광로수바스타틴칼슘정10mg,로수바스타틴칼슘,동광제약(주),False,name_only,True,MFDS nedrug,nedrug.searchDrug,2026-06-12
201400370,동광로수바스타틴칼슘정20mg,동광로수바스타틴칼슘정20mg,로수바스타틴칼슘,동광제약(주),False,name_only,True,MFDS nedrug,nedrug.searchDrug,2026-06-12
201702789,동광로수바스타틴칼슘정5mg,동광로수바스타틴칼슘정5mg,로수바스타틴칼슘,동광제약(주),False,name_only,True,MFDS nedrug,nedrug.searchDrug,2026-06-12
201803165,동성로수바스타틴정10밀리그램(로수바스타틴칼슘),동성로수바스타틴정10밀리그램(로수바스타틴칼슘),로수바스타틴칼슘,동성제약(주),False,name_only,True,MFDS nedrug,nedrug.searchDrug,2026-06-12
202002283,동화로수바스타틴정10밀리그램(로수바스타틴칼슘),동화로수바스타틴정10밀리그램(로수바스타틴칼슘),로수바스타틴칼슘,동화약품(주),False,name_only,True,MFDS nedrug,nedrug.searchDrug,2026-06-12
202002281,동화로수바스타틴정20밀리그램(로수바스타틴칼슘),동화로수바스타틴정20밀리그램(로수바스타틴칼슘),로수바스타틴칼슘,동화약품(주),False,name_only,True,MFDS nedrug,nedrug.searchDrug,2026-06-12
202002282,동화로수바스타틴정5밀리그램(로수바스타틴칼슘),동화로수바스타틴정5밀리그램(로수바스타틴칼슘),로수바스타틴칼슘,동화약품(주),False,name_only,True,MFDS nedrug,nedrug.searchDrug,2026-06-12
201506798,듀오논정10/10밀리그램,듀오논정10/10밀리그램,로수바스타틴칼슘/에제티미브,동아에스티(주),False,name_only,True,MFDS nedrug,nedrug.searchDrug,2026-06-12
200403243,명문심바스타틴정,명문심바스타틴정,심바스타틴,명문제약(주),False,name_only,True,MFDS nedrug,nedrug.searchDrug,2026-06-12
201601733,"바스타에정10/10(에제티미브, 심바스타틴)","바스타에정10/10(에제티미브, 심바스타틴)",에제티미브/심바스타틴,이연제약(주),False,name_only,True,MFDS nedrug,nedrug.searchDrug,2026-06-12
201600928,"바스타에정10/20(에제티미브, 심바스타틴)","바스타에정10/20(에제티미브, 심바스타틴)",에제티미브/심바스타틴,이연제약(주),False,name_only,True,MFDS nedrug,nedrug.searchDrug,2026-06-12
200402982,바스트정20밀리그람(심바스타틴),바스트정20밀리그람(심바스타틴),심바스타틴,(주)하원제약,False,name_only,True,MFDS nedrug,nedrug.searchDrug,2026-06-12
201601725,바이스타정10/10mg,바이스타정10/10mg,에제티미브/심바스타틴,진양제약(주),False,name_only,True,MFDS nedrug,nedrug.searchDrug,2026-06-12
201601009,바이스타정10/20mg,바이스타정10/20mg,에제티미브/심바스타틴,진양제약(주),False,name_only,True,MFDS nedrug,nedrug.searchDrug,2026-06-12
201601728,바이스틴정10/10밀리그램,바이스틴정10/10밀리그램,에제티미브/심바스타틴,하나제약(주),False,name_only,True,MFDS nedrug,nedrug.searchDrug,2026-06-12
201600903,바이스틴정10/20밀리그램,바이스틴정10/20밀리그램,에제티미브/심바스타틴,하나제약(주),False,name_only,True,MFDS nedrug,nedrug.searchDrug,2026-06-12
201601731,바이시브정10/10밀리그램,바이시브정10/10밀리그램,에제티미브/심바스타틴,(주)셀트리온제약,False,name_only,True,MFDS nedrug,nedrug.searchDrug,2026-06-12
201600853,바이시브정10/20밀리그램,바이시브정10/20밀리그램,에제티미브/심바스타틴,(주)셀트리온제약,False,name_only,True,MFDS nedrug,nedrug.searchDrug,2026-06-12
201805436,바이제타정10/10,바이제타정10/10,에제티미브/심바스타틴,(주)이든파마,False,name_only,True,MFDS nedrug,nedrug.searchDrug,2026-06-12
201600929,바이제타정10/20,바이제타정10/20,에제티미브/심바스타틴,(주)이든파마,False,name_only,True,MFDS nedrug,nedrug.searchDrug,2026-06-12
201803869,바이제틴정10/10,바이제틴정10/10,에제티미브/심바스타틴,(주)넥스팜코리아,False,name_only,True,MFDS nedrug,nedrug.searchDrug,2026-06-12
201803868,바이제틴정10/20,바이제틴정10/20,에제티미브/심바스타틴,(주)넥스팜코리아,False,name_only,True,MFDS nedrug,nedrug.searchDrug,2026-06-12
201007276,바이테롤정 10/10,바이테롤정 10/10,에제티미브/심바스타틴,(주)바이넥스,False,name_only,True,MFDS nedrug,nedrug.searchDrug,2026-06-12
201007275,바이테롤정 10/20,바이테롤정 10/20,에제티미브/심바스타틴,(주)바이넥스,False,name_only,True,MFDS nedrug,nedrug.searchDrug,2026-06-12
201601734,바이테브정10/10밀리그램,바이테브정10/10밀리그램,에제티미브/심바스타틴,주식회사제뉴원사이언스,False,name_only,True,MFDS nedrug,nedrug.searchDrug,2026-06-12
201601004,바이테브정10/20밀리그램,바이테브정10/20밀리그램,에제티미브/심바스타틴,주식회사제뉴원사이언스,False,name_only,True,MFDS nedrug,nedrug.searchDrug,2026-06-12
200511262,바이토린정10/10,바이토린정10/10,심바스타틴/에제티미브,한국오가논(주),False,name_only,True,MFDS nedrug,nedrug.searchDrug,2026-06-12
200511263,바이토린정10/20,바이토린정10/20,심바스타틴/에제티미브,한국오가논(주),False,name_only,True,MFDS nedrug,nedrug.searchDrug,2026-06-12
200511264,바이토린정10/40,바이토린정10/40,심바스타틴/에제티미브,한국오가논(주),False,name_only,True,MFDS nedrug,nedrug.searchDrug,2026-06-12
201900316,바이트린큐정10/10밀리그램,바이트린큐정10/10밀리그램,에제티미브/심바스타틴,영풍제약(주),False,name_only,True,MFDS nedrug,nedrug.searchDrug,2026-06-12
201900315,바이트린큐정10/20밀리그램,바이트린큐정10/20밀리그램,에제티미브/심바스타틴,영풍제약(주),False,name_only,True,MFDS nedrug,nedrug.searchDrug,2026-06-12
201601729,베아토린정10/10,베아토린정10/10,심바스타틴/에제티미브,대웅바이오(주),False,name_only,True,MFDS nedrug,nedrug.searchDrug,2026-06-12
201601144,베아토린정10/20,베아토린정10/20,에제티미브/심바스타틴,대웅바이오(주),False,name_only,True,MFDS nedrug,nedrug.searchDrug,2026-06-12
201804346,비엘심바정20밀리그램(심바스타틴),비엘심바정20밀리그램(심바스타틴),심바스타틴,한국코러스(주),False,name_only,True,MFDS nedrug,nedrug.searchDrug,2026-06-12
200403126,시바스정(심바스타틴),시바스정(심바스타틴),심바스타틴,(주)휴온스,False,name_only,True,MFDS nedrug,nedrug.searchDrug,2026-06-12
200300941,시스타정40밀리그램(심바스타틴),시스타정40밀리그램(심바스타틴),심바스타틴,(주)보령,False,name_only,True,MFDS nedrug,nedrug.searchDrug,2026-06-12
201601084,심록스에프정,심록스에프정,에제티미브/심바스타틴,(주)한국파비스제약,False,name_only,True,MFDS nedrug,nedrug.searchDrug,2026-06-12
200402604,심바넥스정(심바스타틴),심바넥스정(심바스타틴),심바스타틴,(주)바이넥스,False,name_only,True,MFDS nedrug,nedrug.searchDrug,2026-06-12
200200723,프라스탄정10밀리그람(프라바스타틴나트륨),프라스탄정10밀리그람(프라바스타틴나트륨),프라바스타틴나트륨,영진약품(주),False,name_only,True,MFDS nedrug,nedrug.searchDrug,2026-06-12
200400922,프라스탄정20밀리그람(프라바스타틴나트륨),프라스탄정20밀리그람(프라바스타틴나트륨),프라바스타틴나트륨,영진약품(주),False,name_only,True,MFDS nedrug,nedrug.searchDrug,2026-06-12
200300660,프라스탄정40밀리그람(프라바스타틴나트륨),프라스탄정40밀리그람(프라바스타틴나트륨),프라바스타틴나트륨,영진약품(주),False,name_only,True,MFDS nedrug,nedrug.searchDrug,2026-06-12
202100045,동광피타바스타틴정4밀리그램(피타바스타틴칼슘),동광피타바스타틴정4밀리그램(피타바스타틴칼슘),피타바스타틴칼슘,동광제약(주),False,name_only,True,MFDS nedrug,nedrug.searchDrug,2026-06-12
201901754,디엠타틴정(피타바스타틴칼슘수화물),디엠타틴정(피타바스타틴칼슘수화물),피타바스타틴칼슘수화물,유니메드제약(주),False,name_only,True,MFDS nedrug,nedrug.searchDrug,2026-06-12
202202169,로바로우정1밀리그램(피타바스타틴칼슘),로바로우정1밀리그램(피타바스타틴칼슘),피타바스타틴칼슘,한국휴텍스제약(주),False,name_only,True,MFDS nedrug,nedrug.searchDrug,2026-06-12
201502462,로바로우정2밀리그램(피타바스타틴칼슘),로바로우정2밀리그램(피타바스타틴칼슘),피타바스타틴칼슘,한국휴텍스제약(주),False,name_only,True,MFDS nedrug,nedrug.searchDrug,2026-06-12
202201915,로바로우정4밀리그램(피타바스타틴칼슘),로바로우정4밀리그램(피타바스타틴칼슘),피타바스타틴칼슘,한국휴텍스제약(주),False,name_only,True,MFDS nedrug,nedrug.searchDrug,2026-06-12
201801826,로피타정2밀리그램(피타바스타틴칼슘수화물),로피타정2밀리그램(피타바스타틴칼슘수화물),피타바스타틴칼슘수화물,신일제약(주),False,name_only,True,MFDS nedrug,nedrug.searchDrug,2026-06-12
201902027,리로우펜캡슐,리로우펜캡슐,피타바스타틴칼슘/페노피브레이트과립,지엘파마(주),False,name_only,True,MFDS nedrug,nedrug.searchDrug,2026-06-12
201500966,리바로브이정2/160밀리그램,리바로브이정2/160밀리그램,피타바스타틴칼슘수화물/발사르탄,제이더블유중외제약(주),False,name_only,True,MFDS nedrug,nedrug.searchDrug,2026-06-12
201500967,리바로브이정2/80밀리그램,리바로브이정2/80밀리그램,피타바스타틴칼슘수화물/발사르탄,제이더블유중외제약(주),False,name_only,True,MFDS nedrug,nedrug.searchDrug,2026-06-12
201500964,리바로브이정4/160밀리그램,리바로브이정4/160밀리그램,피타바스타틴칼슘수화물/발사르탄,제이더블유중외제약(주),False,name_only,True,MFDS nedrug,nedrug.searchDrug,2026-06-12
201500965,리바로브이정4/80밀리그램,리바로브이정4/80밀리그램,피타바스타틴칼슘수화물/발사르탄,제이더블유중외제약(주),False,name_only,True,MFDS nedrug,nedrug.searchDrug,2026-06-12
200500287,리바로정1밀리그램(피타바스타틴칼슘수화물),리바로정1밀리그램(피타바스타틴칼슘수화물),피타바스타틴칼슘수화물,제이더블유중외제약(주),False,name_only,True,MFDS nedrug,nedrug.searchDrug,2026-06-12
200500288,리바로정2밀리그램(피타바스타틴칼슘수화물),리바로정2밀리그램(피타바스타틴칼슘수화물),피타바스타틴칼슘수화물,제이더블유중외제약(주),False,name_only,True,MFDS nedrug,nedrug.searchDrug,2026-06-12
201205253,리바로정4밀리그램(피타바스타틴칼슘수화물),리바로정4밀리그램(피타바스타틴칼슘수화물),피타바스타틴칼슘수화물,제이더블유중외제약(주),False,name_only,True,MFDS nedrug,nedrug.searchDrug,2026-06-12
202600749,"리바로젯정1/10밀리그램(피타바스타틴칼슘, 에제티미브)","리바로젯정1/10밀리그램(피타바스타틴칼슘, 에제티미브)",피타바스타틴칼슘수화물/에제티미브,제이더블유중외제약(주),False,name_only,True,MFDS nedrug,nedrug.searchDrug,2026-06-12
202105578,리바로젯정2/10밀리그램,리바로젯정2/10밀리그램,피타바스타틴칼슘수화물/에제티미브,제이더블유중외제약(주),False,name_only,True,MFDS nedrug,nedrug.searchDrug,2026-06-12
202105579,리바로젯정4/10밀리그램,리바로젯정4/10밀리그램,피타바스타틴칼슘수화물/에제티미브,제이더블유중외제약(주),False,name_only,True,MFDS nedrug,nedrug.searchDrug,2026-06-12
202501340,"리바로페노캡슐2/110밀리그램(피타바스타틴칼슘수화물, 페노피브릭산)","리바로페노캡슐2/110밀리그램(피타바스타틴칼슘수화물, 페노피브릭산)",페노피브릭산/피타바스타틴칼슘수화물,제이더블유중외제약(주),False,name_only,True,MFDS nedrug,nedrug.searchDrug,2026-06-12
202502593,"리바로하이정2/160/10밀리그램(피타바스타틴칼슘수화물,발사르탄,암로디핀베실산염)","리바로하이정2/160/10밀리그램(피타바스타틴칼슘수화물,발사르탄,암로디핀베실산염)",발사르탄/암로디핀베실산염/피타바스타틴칼슘수화물,제이더블유중외제약(주),False,name_only,True,MFDS nedrug,nedrug.searchDrug,2026-06-12
202502594,"리바로하이정2/160/5밀리그램(피타바스타틴칼슘수화물,발사르탄,암로디핀베실산염)","리바로하이정2/160/5밀리그램(피타바스타틴칼슘수화물,발사르탄,암로디핀베실산염)",발사르탄/암로디핀베실산염/피타바스타틴칼슘수화물,제이더블유중외제약(주),False,name_only,True,MFDS nedrug,nedrug.searchDrug,2026-06-12
202502533,"리바로하이정2/80/5밀리그램(피타바스타틴칼슘수화물,발사르탄,암로디핀베실산염)","리바로하이정2/80/5밀리그램(피타바스타틴칼슘수화물,발사르탄,암로디핀베실산염)",발사르탄/암로디핀베실산염/피타바스타틴칼슘수화물,제이더블유중외제약(주),False,name_only,True,MFDS nedrug,nedrug.searchDrug,2026-06-12
202502532,"리바로하이정4/160/10밀리그램(피타바스타틴칼슘수화물,발사르탄,암로디핀베실산염)","리바로하이정4/160/10밀리그램(피타바스타틴칼슘수화물,발사르탄,암로디핀베실산염)",발사르탄/암로디핀베실산염/피타바스타틴칼슘수화물,제이더블유중외제약(주),False,name_only,True,MFDS nedrug,nedrug.searchDrug,2026-06-12
202502534,"리바로하이정4/160/5밀리그램(피타바스타틴칼슘수화물,발사르탄,암로디핀베실산염)","리바로하이정4/160/5밀리그램(피타바스타틴칼슘수화물,발사르탄,암로디핀베실산염)",발사르탄/암로디핀베실산염/피타바스타틴칼슘수화물,제이더블유중외제약(주),False,name_only,True,MFDS nedrug,nedrug.searchDrug,2026-06-12
202502535,"리바로하이정4/80/5밀리그램(피타바스타틴칼슘수화물,발사르탄,암로디핀베실산염)","리바로하이정4/80/5밀리그램(피타바스타틴칼슘수화물,발사르탄,암로디핀베실산염)",발사르탄/암로디핀베실산염/피타바스타틴칼슘수화물,제이더블유중외제약(주),False,name_only,True,MFDS nedrug,nedrug.searchDrug,2026-06-12
202002753,리바스타정2밀리그램(피타바스타틴칼슘수화물),리바스타정2밀리그램(피타바스타틴칼슘수화물),피타바스타틴칼슘수화물,주식회사케이에스제약,False,name_only,True,MFDS nedrug,nedrug.searchDrug,2026-06-12
202001532,리바타로정2밀리그램(피타바스타틴칼슘수화물),리바타로정2밀리그램(피타바스타틴칼슘수화물),피타바스타틴칼슘수화물,(주)보령바이오파마,False,name_only,True,MFDS nedrug,nedrug.searchDrug,2026-06-12
202501757,"리바페논캡슐2/160밀리그램(피타바스타틴칼슘, 페노피브레이트)","리바페논캡슐2/160밀리그램(피타바스타틴칼슘, 페노피브레이트)",피타바스타틴칼슘/페노피브레이트 과립,(주)휴온스,False,name_only,True,MFDS nedrug,nedrug.searchDrug,2026-06-12
202501069,"리바펜캡슐(피타바스타틴칼슘, 페노피브레이트)","리바펜캡슐(피타바스타틴칼슘, 페노피브레이트)",피타바스타틴칼슘/페노피브레이트 과립,(주)보령바이오파마,False,name_only,True,MFDS nedrug,nedrug.searchDrug,2026-06-12
202102605,리바피타정1밀리그램(피타바스타틴칼슘수화물),리바피타정1밀리그램(피타바스타틴칼슘수화물),피타바스타틴칼슘수화물,대웅바이오(주),False,name_only,True,MFDS nedrug,nedrug.searchDrug,2026-06-12
202000700,리바피타정2밀리그램(피타바스타틴칼슘수화물),리바피타정2밀리그램(피타바스타틴칼슘수화물),피타바스타틴칼슘수화물,대웅바이오(주),False,name_only,True,MFDS nedrug,nedrug.searchDrug,2026-06-12
201707536,뉴트롤정10밀리그램(에제티미브),뉴트롤정10밀리그램(에제티미브),에제티미브,(주)다산제약,False,name_only,True,MFDS nedrug,nedrug.searchDrug,2026-06-12
202101512,듀얼아토정10/10밀리그램,듀얼아토정10/10밀리그램,에제티미브/아토르바스타틴칼슘삼수화물,일양약품(주),False,name_only,True,MFDS nedrug,nedrug.searchDrug,2026-06-12
202101511,듀얼아토정10/20밀리그램,듀얼아토정10/20밀리그램,에제티미브/아토르바스타틴칼슘삼수화물,일양약품(주),False,name_only,True,MFDS nedrug,nedrug.searchDrug,2026-06-12
201506799,듀오논정10/20밀리그램,듀오논정10/20밀리그램,로수바스타틴칼슘/에제티미브,동아에스티(주),False,name_only,True,MFDS nedrug,nedrug.searchDrug,2026-06-12
201506797,듀오논정10/5밀리그램,듀오논정10/5밀리그램,에제티미브/로수바스타틴칼슘,동아에스티(주),False,name_only,True,MFDS nedrug,nedrug.searchDrug,2026-06-12
201601223,"듀오로반정10/10밀리그램(에제티미브(미분화), 로수바스타틴칼슘)","듀오로반정10/10밀리그램(에제티미브(미분화), 로수바스타틴칼슘)",에제티미브(미분화)/로수바스타틴칼슘,경동제약(주),False,name_only,True,MFDS nedrug,nedrug.searchDrug,2026-06-12
201601224,"듀오로반정10/20밀리그램(에제티미브(미분화), 로수바스타틴칼슘)","듀오로반정10/20밀리그램(에제티미브(미분화), 로수바스타틴칼슘)",에제티미브(미분화)/로수바스타틴칼슘,경동제약(주),False,name_only,True,MFDS nedrug,nedrug.searchDrug,2026-06-12
201601222,"듀오로반정10/5밀리그램(에제티미브(미분화), 로수바스타틴칼슘)","듀오로반정10/5밀리그램(에제티미브(미분화), 로수바스타틴칼슘)",에제티미브(미분화)/로수바스타틴칼슘,경동제약(주),False,name_only,True,MFDS nedrug,nedrug.searchDrug,2026-06-12
202202139,듀오웰에이플러스정40/20/10/5밀리그램,듀오웰에이플러스정40/20/10/5밀리그램,텔미사르탄/로수바스타틴칼슘/에제티미브(미분화)/암로디핀베실산염,(주)유한양행,False,name_only,True,MFDS nedrug,nedrug.searchDrug,2026-06-12
202202138,듀오웰에이플러스정40/5/10/5밀리그램,듀오웰에이플러스정40/5/10/5밀리그램,텔미사르탄/로수바스타틴칼슘/에제티미브(미분화)/암로디핀베실산염,(주)유한양행,False,name_only,True,MFDS nedrug,nedrug.searchDrug,2026-06-12
202202140,듀오웰에이플러스정40/10/10/5밀리그램,듀오웰에이플러스정40/10/10/5밀리그램,텔미사르탄/로수바스타틴칼슘/에제티미브(미분화)/암로디핀베실산염,(주)유한양행,False,name_only,True,MFDS nedrug,nedrug.searchDrug,2026-06-12
202202135,듀오웰에이플러스정80/5/10/5밀리그램,듀오웰에이플러스정80/5/10/5밀리그램,텔미사르탄/로수바스타틴칼슘/에제티미브(미분화)/암로디핀베실산염,(주)유한양행,False,name_only,True,MFDS nedrug,nedrug.searchDrug,2026-06-12
202202137,듀오웰에이플러스정80/10/10/5밀리그램,듀오웰에이플러스정80/10/10/5밀리그램,텔미사르탄/로수바스타틴칼슘/에제티미브(미분화)/암로디핀베실산염,(주)유한양행,False,name_only,True,MFDS nedrug,nedrug.searchDrug,2026-06-12
202202136,듀오웰에이플러스정80/20/10/5밀리그램,듀오웰에이플러스정80/20/10/5밀리그램,텔미사르탄/로수바스타틴칼슘/에제티미브(미분화)/암로디핀베실산염,(주)유한양행,False,name_only,True,MFDS nedrug,nedrug.searchDrug,2026-06-12
202106633,듀오웰플러스정40/20/10밀리그램,듀오웰플러스정40/20/10밀리그램,텔미사르탄/로수바스타틴칼슘/에제티미브,(주)유한양행,False,name_only,True,MFDS nedrug,nedrug.searchDrug,2026-06-12
202106634,듀오웰플러스정40/10/10밀리그램,듀오웰플러스정40/10/10밀리그램,텔미사르탄/로수바스타틴칼슘/에제티미브,(주)유한양행,False,name_only,True,MFDS nedrug,nedrug.searchDrug,2026-06-12
202106635,듀오웰플러스정40/5/10밀리그램,듀오웰플러스정40/5/10밀리그램,텔미사르탄/로수바스타틴칼슘/에제티미브,(주)유한양행,False,name_only,True,MFDS nedrug,nedrug.searchDrug,2026-06-12
202106631,듀오웰플러스정80/10/10밀리그램,듀오웰플러스정80/10/10밀리그램,텔미사르탄/로수바스타틴칼슘/에제티미브,(주)유한양행,False,name_only,True,MFDS nedrug,nedrug.searchDrug,2026-06-12
202106632,듀오웰플러스정80/5/10밀리그램,듀오웰플러스정80/5/10밀리그램,텔미사르탄/로수바스타틴칼슘/에제티미브,(주)유한양행,False,name_only,True,MFDS nedrug,nedrug.searchDrug,2026-06-12
202106630,듀오웰플러스정80/20/10밀리그램,듀오웰플러스정80/20/10밀리그램,텔미사르탄/로수바스타틴칼슘/에제티미브,(주)유한양행,False,name_only,True,MFDS nedrug,nedrug.searchDrug,2026-06-12
202101420,듀오피토정10/10밀리그램,듀오피토정10/10밀리그램,아토르바스타틴칼슘삼수화물/에제티미브,건일제약(주),False,name_only,True,MFDS nedrug,nedrug.searchDrug,2026-06-12
202101419,듀오피토정10/20밀리그램,듀오피토정10/20밀리그램,아토르바스타틴칼슘삼수화물/에제티미브,건일제약(주),False,name_only,True,MFDS nedrug,nedrug.searchDrug,2026-06-12
202101418,듀오피토정10/40밀리그램,듀오피토정10/40밀리그램,아토르바스타틴칼슘삼수화물/에제티미브,건일제약(주),False,name_only,True,MFDS nedrug,nedrug.searchDrug,2026-06-12
202101414,듀토르정10/10밀리그램,듀토르정10/10밀리그램,에제티미브/아토르바스타틴칼슘삼수화물,(주)서울제약,False,name_only,True,MFDS nedrug,nedrug.searchDrug,2026-06-12
202101415,듀토르정10/20밀리그램,듀토르정10/20밀리그램,에제티미브/아토르바스타틴칼슘삼수화물,(주)서울제약,False,name_only,True,MFDS nedrug,nedrug.searchDrug,2026-06-12
201708317,드롭탑정10/10밀리그램,드롭탑정10/10밀리그램,에제티미브(미분화)/로수바스타틴칼슘,일동제약(주),False,name_only,True,MFDS nedrug,nedrug.searchDrug,2026-06-12
201708316,드롭탑정10/20밀리그램,드롭탑정10/20밀리그램,에제티미브(미분화)/로수바스타틴칼슘,일동제약(주),False,name_only,True,MFDS nedrug,nedrug.searchDrug,2026-06-12
201708318,드롭탑정10/5밀리그램,드롭탑정10/5밀리그램,에제티미브(미분화)/로수바스타틴칼슘,일동제약(주),False,name_only,True,MFDS nedrug,nedrug.searchDrug,2026-06-12
202101641,라도젯정10/10밀리그램,라도젯정10/10밀리그램,아토르바스타틴칼슘삼수화물/에제티미브,(주)시어스제약,False,name_only,True,MFDS nedrug,nedrug.searchDrug,2026-06-12
202101642,라도젯정10/20밀리그램,라도젯정10/20밀리그램,아토르바스타틴칼슘삼수화물/에제티미브,(주)시어스제약,False,name_only,True,MFDS nedrug,nedrug.searchDrug,2026-06-12
202502272,"리파틴듀오정2/160밀리그램(피타바스타틴칼슘, 페노피브레이트)","리파틴듀오정2/160밀리그램(피타바스타틴칼슘, 페노피브레이트)",피타바스타틴칼슘수화물/페노피브레이트,하나제약(주),False,name_only,True,MFDS nedrug,nedrug.searchDrug,2026-06-12
201908692,리페돌정160밀리그램(페노피브레이트),리페돌정160밀리그램(페노피브레이트),페노피브레이트,하나제약(주),False,name_only,True,MFDS nedrug,nedrug.searchDrug,2026-06-12
200301759,리페돌캡슐(페노피브레이트 과립(미분화)),리페돌캡슐(페노피브레이트 과립(미분화)),페노피브레이트 과립(미분화),하나제약(주),False,name_only,True,MFDS nedrug,nedrug.searchDrug,2026-06-12
201902028,리페스틴캡슐,리페스틴캡슐,피타바스타틴칼슘/페노피브레이트과립,한국프라임제약(주),False,name_only,True,MFDS nedrug,nedrug.searchDrug,2026-06-12
200308577,리피딜슈프라정(페노피브레이트),리피딜슈프라정(페노피브레이트),페노피브레이트(미분화),한국애보트(유),False,name_only,True,MFDS nedrug,nedrug.searchDrug,2026-06-12
202202576,리피딜엔티정(페노피브레이트),리피딜엔티정(페노피브레이트),페노피브레이트,한국애보트(유),False,name_only,True,MFDS nedrug,nedrug.searchDrug,2026-06-12
201707615,리피멧정160밀리그램(페노피브레이트),리피멧정160밀리그램(페노피브레이트),페노피브레이트,(주)씨엠지제약,False,name_only,True,MFDS nedrug,nedrug.searchDrug,2026-06-12
201706890,리피페노정(페노피브레이트),리피페노정(페노피브레이트),페노피브레이트,진양제약(주),False,name_only,True,MFDS nedrug,nedrug.searchDrug,2026-06-12
201607398,리필펜캡슐160밀리그램(미세화페노피브레이트),리필펜캡슐160밀리그램(미세화페노피브레이트),미세화페노피브레이트,(주)대웅제약,False,name_only,True,MFDS nedrug,nedrug.searchDrug,2026-06-12
201603911,마이페노캡슐(미세화페노피브레이트구형과립),마이페노캡슐(미세화페노피브레이트구형과립),페노피브레이트 과립(미분화),(주)씨엠지제약,False,name_only,True,MFDS nedrug,nedrug.searchDrug,2026-06-12
202501049,"바로페노정2/160밀리그램(피타바스타틴칼슘,페노피브레이트)","바로페노정2/160밀리그램(피타바스타틴칼슘,페노피브레이트)",미분화페노피브레이트/피타바스타틴칼슘,(주)대웅제약,False,name_only,True,MFDS nedrug,nedrug.searchDrug,2026-06-12
200300496,비스론캡슐(페노피브레이트과립(미분화)),비스론캡슐(페노피브레이트과립(미분화)),페노피브레이트 과립(미분화),대우제약(주),False,name_only,True,MFDS nedrug,nedrug.searchDrug,2026-06-12
202501758,"셀타펜캡슐(피타바스타틴,페노피브레이트)","셀타펜캡슐(피타바스타틴,페노피브레이트)",피타바스타틴칼슘/페노피브레이트 과립,(주)셀트리온제약,False,name_only,True,MFDS nedrug,nedrug.searchDrug,2026-06-12
202501046,"스타페노캡슐(피타바스타틴칼슘,페노피브레이트)","스타페노캡슐(피타바스타틴칼슘,페노피브레이트)",피타바스타틴칼슘/페노피브레이트 과립,신풍제약(주),False,name_only,True,MFDS nedrug,nedrug.searchDrug,2026-06-12
201902030,스타펜캡슐,스타펜캡슐,피타바스타틴칼슘/페노피브레이트과립,한림제약(주),False,name_only,True,MFDS nedrug,nedrug.searchDrug,2026-06-12
202600861,"스타피노정2/160밀리그램(피타바스타틴칼슘, 페노피브레이트)","스타피노정2/160밀리그램(피타바스타틴칼슘, 페노피브레이트)",피타바스타틴칼슘/페노피브레이트 펠렛,(주)비씨월드제약,False,name_only,True,MFDS nedrug,nedrug.searchDrug,2026-06-12
202502274,"스타피브정2/160밀리그램(피타바스타틴칼슘수화물,페노피브레이트)","스타피브정2/160밀리그램(피타바스타틴칼슘수화물,페노피브레이트)",피타바스타틴칼슘수화물/페노피브레이트,대웅바이오(주),False,name_only,True,MFDS nedrug,nedrug.searchDrug,2026-06-12
202500435,"알리페브정10/160밀리그램(에제티미브,페노피브레이트)","알리페브정10/160밀리그램(에제티미브,페노피브레이트)",에제티미브/페노피브레이트,알리코제약(주),False,name_only,True,MFDS nedrug,nedrug.searchDrug,2026-06-12
202600577,"업타바서방정(피타바스타틴칼슘, 페노피브레이트콜린)","업타바서방정(피타바스타틴칼슘, 페노피브레이트콜린)",피타바스타틴칼슘/페노피브레이트콜린,대원제약(주),False,name_only,True,MFDS nedrug,nedrug.searchDrug,2026-06-12
201902029,업타바캡슐,업타바캡슐,피타바스타틴칼슘/페노피브레이트과립,대원제약(주),False,name_only,True,MFDS nedrug,nedrug.searchDrug,2026-06-12
202202578,"에제슈프라정(에제티미브, 페노피브레이트)","에제슈프라정(에제티미브, 페노피브레이트)",에제티미브/페노피브레이트,한국휴텍스제약(주),False,name_only,True,MFDS nedrug,nedrug.searchDrug,2026-06-12
202106924,에제페노정,에제페노정,에제티미브/페노피브레이트,현대약품(주),False,name_only,True,MFDS nedrug,nedrug.searchDrug,2026-06-12
202600866,"에제페닉스정10/160밀리그램(에제티미브,페노피브레이트)","에제페닉스정10/160밀리그램(에제티미브,페노피브레이트)",에제티미브/페노피브레이트,(주)유영제약,False,name_only,True,MFDS nedrug,nedrug.searchDrug,2026-06-12
202503295,"유한피타바노정2/145밀리그램(피타바스타틴칼슘, 페노피브레이트)","유한피타바노정2/145밀리그램(피타바스타틴칼슘, 페노피브레이트)",페노피브레이트/피타바스타틴칼슘,(주)유한양행,False,name_only,True,MFDS nedrug,nedrug.searchDrug,2026-06-12
202501045,"제피노정2/160밀리그램(피타바스타틴칼슘, 페노피브레이트)","제피노정2/160밀리그램(피타바스타틴칼슘, 페노피브레이트)",미분화페노피브레이트/피타바스타틴칼슘,(주)제뉴파마,False,name_only,True,MFDS nedrug,nedrug.searchDrug,2026-06-12
202600585,"타바페노서방정(피타바스타틴칼슘, 페노피브레이트콜린)","타바페노서방정(피타바스타틴칼슘, 페노피브레이트콜린)",피타바스타틴칼슘/페노피브레이트콜린,(주)팜젠사이언스,False,name_only,True,MFDS nedrug,nedrug.searchDrug,2026-06-12
202501059,"타스페노캡슐(피타바스타틴칼슘,페노피브레이트)","타스페노캡슐(피타바스타틴칼슘,페노피브레이트)",피타바스타틴칼슘/페노피브레이트 과립,위더스제약(주),False,name_only,True,MFDS nedrug,nedrug.searchDrug,2026-06-12
201606123,티지페논정(페노피브레이트콜린),티지페논정(페노피브레이트콜린),페노피브레이트콜린,대원제약(주),False,name_only,True,MFDS nedrug,nedrug.searchDrug,2026-06-12
201303045,티지프리정(페노피브레이트),티지프리정(페노피브레이트),페노피브레이트,(주)유영제약,False,name_only,True,MFDS nedrug,nedrug.searchDrug,2026-06-12
201902160,페노딜정160밀리그램(페노피브레이트),페노딜정160밀리그램(페노피브레이트),페노피브레이트,아주약품(주),False,name_only,True,MFDS nedrug,nedrug.searchDrug,2026-06-12
201906798,판타릴정20밀리그램(판토프라졸나트륨세스키히드레이트),판타릴정20밀리그램(판토프라졸나트륨세스키히드레이트),판토프라졸나트륨세스키히드레이트,아주약품(주),False,name_only,True,MFDS nedrug,nedrug.searchDrug,2026-06-12
201906797,판타릴정40밀리그램(판토프라졸나트륨세스키히드레이트),판타릴정40밀리그램(판토프라졸나트륨세스키히드레이트),판토프라졸나트륨세스키히드레이트,아주약품(주),False,name_only,True,MFDS nedrug,nedrug.searchDrug,2026-06-12
200709335,판타졸주사(판토프라졸나트륨세스키히드레이트),판타졸주사(판토프라졸나트륨세스키히드레이트),판토프라졸나트륨세스키히드레이트,동광제약(주),False,name_only,True,MFDS nedrug,nedrug.searchDrug,2026-06-12
201404539,판터롤정20밀리그램(판토프라졸나트륨세스키히드레이트),판터롤정20밀리그램(판토프라졸나트륨세스키히드레이트),판토프라졸나트륨세스키히드레이트,(주)일화,False,name_only,True,MFDS nedrug,nedrug.searchDrug,2026-06-12
201502710,판터롤정40밀리그램(판토프라졸나트륨세스키히드레이트),판터롤정40밀리그램(판토프라졸나트륨세스키히드레이트),판토프라졸나트륨세스키히드레이트,(주)일화,False,name_only,True,MFDS nedrug,nedrug.searchDrug,2026-06-12
200512238,판테온정20밀리그램(판토프라졸나트륨세스키히드레이트),판테온정20밀리그램(판토프라졸나트륨세스키히드레이트),판토프라졸나트륨세스키히드레이트,알보젠코리아(주),False,name_only,True,MFDS nedrug,nedrug.searchDrug,2026-06-12
200410942,판테온정40밀리그램(판토프라졸나트륨세스키히드레이트),판테온정40밀리그램(판토프라졸나트륨세스키히드레이트),판토프라졸나트륨세스키히드레이트,알보젠코리아(주),False,name_only,True,MFDS nedrug,nedrug.searchDrug,2026-06-12
200500665,판테졸정(판토프라졸나트륨세스키히드레이트),판테졸정(판토프라졸나트륨세스키히드레이트),판토프라졸나트륨세스키히드레이트,대우제약(주),False,name_only,True,MFDS nedrug,nedrug.searchDrug,2026-06-12
200701739,판테졸정20밀리그람(판토프라졸나트륨세스키히드레이트),판테졸정20밀리그람(판토프라졸나트륨세스키히드레이트),판토프라졸나트륨세스키히드레이트,대우제약(주),False,name_only,True,MFDS nedrug,nedrug.searchDrug,2026-06-12
200400173,판토라인정(판토프라졸나트륨세스키히드레이트),판토라인정(판토프라졸나트륨세스키히드레이트),판토프라졸나트륨세스키히드레이트,동아에스티(주),False,name_only,True,MFDS nedrug,nedrug.searchDrug,2026-06-12
200810340,판토라인정20mg(판토프라졸나트륨세스키히드레이트),판토라인정20mg(판토프라졸나트륨세스키히드레이트),판토프라졸나트륨세스키히드레이트,동아에스티(주),False,name_only,True,MFDS nedrug,nedrug.searchDrug,2026-06-12
200604184,판토라인주(판토프라졸나트륨세스키히드레이트),판토라인주(판토프라졸나트륨세스키히드레이트),판토프라졸나트륨세스키히드레이트,동아에스티(주),False,name_only,True,MFDS nedrug,nedrug.searchDrug,2026-06-12
201706572,판토라정20밀리그램(판토프라졸나트륨세스키히드레이트),판토라정20밀리그램(판토프라졸나트륨세스키히드레이트),판토프라졸나트륨세스키히드레이트,(주)셀트리온제약,False,name_only,True,MFDS nedrug,nedrug.searchDrug,2026-06-12
201706571,판토라정40밀리그램(판토프라졸나트륨세스키히드레이트),판토라정40밀리그램(판토프라졸나트륨세스키히드레이트),판토프라졸나트륨세스키히드레이트,(주)셀트리온제약,False,name_only,True,MFDS nedrug,nedrug.searchDrug,2026-06-12
202000438,판토라졸정20밀리그램(판토프라졸나트륨세스키히드레이트),판토라졸정20밀리그램(판토프라졸나트륨세스키히드레이트),판토프라졸나트륨세스키히드레이트,(주)한국파비스제약,False,name_only,True,MFDS nedrug,nedrug.searchDrug,2026-06-12
202000437,판토라졸정40밀리그램(판토프라졸나트륨세스키히드레이트),판토라졸정40밀리그램(판토프라졸나트륨세스키히드레이트),판토프라졸나트륨세스키히드레이트,(주)한국파비스제약,False,name_only,True,MFDS nedrug,nedrug.searchDrug,2026-06-12
201006492,판토록정20밀리그램(판토프라졸나트륨세스키히드레이트),판토록정20밀리그램(판토프라졸나트륨세스키히드레이트),판토프라졸나트륨세스키히드레이트,한국다케다제약(주),False,name_only,True,MFDS nedrug,nedrug.searchDrug,2026-06-12
201006491,판토록정40밀리그램(판토프라졸나트륨세스키히드레이트),판토록정40밀리그램(판토프라졸나트륨세스키히드레이트),판토프라졸나트륨세스키히드레이트,한국다케다제약(주),False,name_only,True,MFDS nedrug,nedrug.searchDrug,2026-06-12
199906907,판토록주사(판토프라졸나트륨세스키히드레이트),판토록주사(판토프라졸나트륨세스키히드레이트),판토프라졸나트륨세스키히드레이트,한국다케다제약(주),False,name_only,True,MFDS nedrug,nedrug.searchDrug,2026-06-12
200703733,판토스탁정20밀리그램(판토프라졸나트륨세스키히드레이트),판토스탁정20밀리그램(판토프라졸나트륨세스키히드레이트),판토프라졸나트륨세스키히드레이트,환인제약(주),False,name_only,True,MFDS nedrug,nedrug.searchDrug,2026-06-12
200705215,판토시드정20밀리그램(판토프라졸나트륨세스키히드레이트),판토시드정20밀리그램(판토프라졸나트륨세스키히드레이트),판토프라졸나트륨세스키히드레이트,명문제약(주),False,name_only,True,MFDS nedrug,nedrug.searchDrug,2026-06-12
201401483,판토시드주사(판토프라졸나트륨세스키히드레이트),판토시드주사(판토프라졸나트륨세스키히드레이트),판토프라졸나트륨세스키히드레이트,명문제약(주),False,name_only,True,MFDS nedrug,nedrug.searchDrug,2026-06-12
201908676,판토원정20밀리그램(판토프라졸나트륨세스키히드레이트),판토원정20밀리그램(판토프라졸나트륨세스키히드레이트),판토프라졸나트륨세스키히드레이트,하나제약(주),False,name_only,True,MFDS nedrug,nedrug.searchDrug,2026-06-12
201908675,판토원정40밀리그램(판토프라졸나트륨세스키히드레이트),판토원정40밀리그램(판토프라졸나트륨세스키히드레이트),판토프라졸나트륨세스키히드레이트,하나제약(주),False,name_only,True,MFDS nedrug,nedrug.searchDrug,2026-06-12
201605861,판토케이정20밀리그램(판토프라졸나트륨세스키히드레이트),판토케이정20밀리그램(판토프라졸나트륨세스키히드레이트),판토프라졸나트륨세스키히드레이트,주식회사제뉴원사이언스,False,name_only,True,MFDS nedrug,nedrug.searchDrug,2026-06-12
200502598,판토케이정40밀리그램(판토프라졸나트륨세스키히드레이트),판토케이정40밀리그램(판토프라졸나트륨세스키히드레이트),판토프라졸나트륨세스키히드레이트,주식회사제뉴원사이언스,False,name_only,True,MFDS nedrug,nedrug.searchDrug,2026-06-12
200500719,판토프라정20밀리그람(판토프라졸나트륨세스키히드레이트),판토프라정20밀리그람(판토프라졸나트륨세스키히드레이트),판토프라졸나트륨세스키히드레이트,동화약품(주),False,name_only,True,MFDS nedrug,nedrug.searchDrug,2026-06-12
200702319,판토프라주(판토프라졸나트륨세스키히드레이트),판토프라주(판토프라졸나트륨세스키히드레이트),판토프라졸나트륨세스키히드레이트,동화약품(주),False,name_only,True,MFDS nedrug,nedrug.searchDrug,2026-06-12
202002804,판포졸정20밀리그램(판토프라졸나트륨세스키히드레이트),판포졸정20밀리그램(판토프라졸나트륨세스키히드레이트),판토프라졸나트륨세스키히드레이트,건일바이오팜주식회사,False,name_only,True,MFDS nedrug,nedrug.searchDrug,2026-06-12
202002803,판포졸정40밀리그램(판토프라졸나트륨세스키히드레이트),판포졸정40밀리그램(판토프라졸나트륨세스키히드레이트),판토프라졸나트륨세스키히드레이트,건일바이오팜주식회사,False,name_only,True,MFDS nedrug,nedrug.searchDrug,2026-06-12
201208079,란가톤캡슐15밀리그램(란소프라졸),란가톤캡슐15밀리그램(란소프라졸),란소프라졸,광동제약(주),False,name_only,True,MFDS nedrug,nedrug.searchDrug,2026-06-12
202500563,"란사톤듀오정15/600밀리그램(란소프라졸,침강탄산칼슘)","란사톤듀오정15/600밀리그램(란소프라졸,침강탄산칼슘)",란소프라졸/침강탄산칼슘,하나제약(주),False,name_only,True,MFDS nedrug,nedrug.searchDrug,2026-06-12
202300169,"란사톤듀오정30/600밀리그램(란소프라졸, 침강탄산칼슘)","란사톤듀오정30/600밀리그램(란소프라졸, 침강탄산칼슘)",란소프라졸/침강탄산칼슘,하나제약(주),False,name_only,True,MFDS nedrug,nedrug.searchDrug,2026-06-12
201404239,란사톤캡슐15mg(란소프라졸과립),란사톤캡슐15mg(란소프라졸과립),란소프라졸과립,하나제약(주),False,name_only,True,MFDS nedrug,nedrug.searchDrug,2026-06-12
201306203,란사톤캡슐30mg(란소프라졸과립),란사톤캡슐30mg(란소프라졸과립),란소프라졸과립,하나제약(주),False,name_only,True,MFDS nedrug,nedrug.searchDrug,2026-06-12
202500565,"란소듀오정15/600밀리그램(란소프라졸,침강탄산칼슘)","란소듀오정15/600밀리그램(란소프라졸,침강탄산칼슘)",침강탄산칼슘/란소프라졸,구주제약(주),False,name_only,True,MFDS nedrug,nedrug.searchDrug,2026-06-12
202300170,란소듀오정30/600밀리그램,란소듀오정30/600밀리그램,란소프라졸/침강탄산칼슘,구주제약(주),False,name_only,True,MFDS nedrug,nedrug.searchDrug,2026-06-12
202002706,란소드캡슐15밀리그램(란소프라졸과립),란소드캡슐15밀리그램(란소프라졸과립),란소프라졸과립,(주)테라젠이텍스,False,name_only,True,MFDS nedrug,nedrug.searchDrug,2026-06-12
202002705,란소드캡슐30밀리그램(란소프라졸과립),란소드캡슐30밀리그램(란소프라졸과립),란소프라졸과립,(주)테라젠이텍스,False,name_only,True,MFDS nedrug,nedrug.searchDrug,2026-06-12
202001364,란소멜캡슐15밀리그램(란소프라졸과립),란소멜캡슐15밀리그램(란소프라졸과립),란소프라졸 과립,일성아이에스(주),False,name_only,True,MFDS nedrug,nedrug.searchDrug,2026-06-12
202001365,란소멜캡슐30밀리그램(란소프라졸과립),란소멜캡슐30밀리그램(란소프라졸과립),란소프라졸과립,일성아이에스(주),False,name_only,True,MFDS nedrug,nedrug.searchDrug,2026-06-12
202500561,"란소앤정15/600밀리그램(란소프라졸,침강탄산칼슘)","란소앤정15/600밀리그램(란소프라졸,침강탄산칼슘)",란소프라졸/침강탄산칼슘,(주)유앤생명과학,False,name_only,True,MFDS nedrug,nedrug.searchDrug,2026-06-12
202300167,란소앤정30/600밀리그램,란소앤정30/600밀리그램,란소프라졸/침강탄산칼슘,(주)유앤생명과학,False,name_only,True,MFDS nedrug,nedrug.searchDrug,2026-06-12
201405523,란소졸캡슐15밀리그램(란소프라졸),란소졸캡슐15밀리그램(란소프라졸),란소프라졸,한미약품(주),False,name_only,True,MFDS nedrug,nedrug.searchDrug,2026-06-12
201405516,란소졸캡슐30밀리그램(란소프라졸),란소졸캡슐30밀리그램(란소프라졸),란소프라졸,한미약품(주),False,name_only,True,MFDS nedrug,nedrug.searchDrug,2026-06-12
201905845,란소큐캡슐15mg(란소프라졸과립),란소큐캡슐15mg(란소프라졸과립),란소프라졸 과립,(주)화이트생명과학,False,name_only,True,MFDS nedrug,nedrug.searchDrug,2026-06-12
201603084,란소큐캡슐30mg(란소프라졸과립),란소큐캡슐30mg(란소프라졸과립),란소프라졸과립,(주)화이트생명과학,False,name_only,True,MFDS nedrug,nedrug.searchDrug,2026-06-12
202500564,"란스타정15/600밀리그램(란소프라졸,침강탄산칼슘)","란스타정15/600밀리그램(란소프라졸,침강탄산칼슘)",란소프라졸/침강탄산칼슘,명문제약(주),False,name_only,True,MFDS nedrug,nedrug.searchDrug,2026-06-12
202300177,란스타정30/600밀리그램,란스타정30/600밀리그램,란소프라졸/침강탄산칼슘,명문제약(주),False,name_only,True,MFDS nedrug,nedrug.searchDrug,2026-06-12
200611118,란스탑캡슐15밀리그램(란소프라졸과립),란스탑캡슐15밀리그램(란소프라졸과립),란소프라졸과립,(주)한국피엠지제약,False,name_only,True,MFDS nedrug,nedrug.searchDrug,2026-06-12
201306401,란스탑캡슐30밀리그램(란소프라졸과립),란스탑캡슐30밀리그램(란소프라졸과립),란소프라졸과립,(주)한국피엠지제약,False,name_only,True,MFDS nedrug,nedrug.searchDrug,2026-06-12
200200322,란스터캡슐(란소프라졸),란스터캡슐(란소프라졸),란소프라졸과립,국제약품(주),False,name_only,True,MFDS nedrug,nedrug.searchDrug,2026-06-12
200500396,란스터캡슐15밀리그람(란소프라졸),란스터캡슐15밀리그람(란소프라졸),란소프라졸과립,국제약품(주),False,name_only,True,MFDS nedrug,nedrug.searchDrug,2026-06-12
200510973,란스톤엘에프디티정15밀리그램(란소프라졸),란스톤엘에프디티정15밀리그램(란소프라졸),란소프라졸,한국다케다제약(주),False,name_only,True,MFDS nedrug,nedrug.searchDrug,2026-06-12
200510974,란스톤엘에프디티정30밀리그램(란소프라졸),란스톤엘에프디티정30밀리그램(란소프라졸),란소프라졸,한국다케다제약(주),False,name_only,True,MFDS nedrug,nedrug.searchDrug,2026-06-12
199907311,란스톤캡슐(란소프라졸과립),란스톤캡슐(란소프라졸과립),란소프라졸과립,제일약품(주),False,name_only,True,MFDS nedrug,nedrug.searchDrug,2026-06-12
200210756,란스톤캡슐15밀리그램(란소프라졸과립),란스톤캡슐15밀리그램(란소프라졸과립),란소프라졸과립,제일약품(주),False,name_only,True,MFDS nedrug,nedrug.searchDrug,2026-06-12
200301515,란시드캡슐15밀리그램(란소프라졸),란시드캡슐15밀리그램(란소프라졸),란소프라졸,고려제약(주),False,name_only,True,MFDS nedrug,nedrug.searchDrug,2026-06-12
202002115,란시라캡슐15밀리그램(란소프라졸과립),란시라캡슐15밀리그램(란소프라졸과립),란소프라졸 과립,(주)제뉴파마,False,name_only,True,MFDS nedrug,nedrug.searchDrug,2026-06-12
202001896,란시라캡슐30밀리그램(란소프라졸과립),란시라캡슐30밀리그램(란소프라졸과립),란소프라졸 과립,(주)제뉴파마,False,name_only,True,MFDS nedrug,nedrug.searchDrug,2026-06-12
201902208,뉴라베정10mg(라베프라졸나트륨),뉴라베정10mg(라베프라졸나트륨),라베프라졸나트륨,(주)시어스제약,False,name_only,True,MFDS nedrug,nedrug.searchDrug,2026-06-12
201900849,뉴라베정20mg(라베프라졸나트륨),뉴라베정20mg(라베프라졸나트륨),라베프라졸나트륨,(주)시어스제약,False,name_only,True,MFDS nedrug,nedrug.searchDrug,2026-06-12
200800405,뉴라벨정10밀리그램(라베프라졸나트륨),뉴라벨정10밀리그램(라베프라졸나트륨),라베프라졸나트륨,(주)종근당,False,name_only,True,MFDS nedrug,nedrug.searchDrug,2026-06-12
200610960,뉴라벨정20밀리그램(라베프라졸나트륨),뉴라벨정20밀리그램(라베프라졸나트륨),라베프라졸나트륨,(주)종근당,False,name_only,True,MFDS nedrug,nedrug.searchDrug,2026-06-12
201603478,뉴베라정10밀리그램(라베프라졸나트륨),뉴베라정10밀리그램(라베프라졸나트륨),라베프라졸나트륨,안국뉴팜(주),False,name_only,True,MFDS nedrug,nedrug.searchDrug,2026-06-12
201603479,뉴베라정20밀리그램(라베프라졸나트륨),뉴베라정20밀리그램(라베프라졸나트륨),라베프라졸나트륨,안국뉴팜(주),False,name_only,True,MFDS nedrug,nedrug.searchDrug,2026-06-12
200708357,대웅라베프라졸정10밀리그램(라베프라졸나트륨),대웅라베프라졸정10밀리그램(라베프라졸나트륨),라베프라졸나트륨,대웅바이오(주),False,name_only,True,MFDS nedrug,nedrug.searchDrug,2026-06-12
200708356,대웅라베프라졸정20밀리그램(라베프라졸나트륨),대웅라베프라졸정20밀리그램(라베프라졸나트륨),라베프라졸나트륨,대웅바이오(주),False,name_only,True,MFDS nedrug,nedrug.searchDrug,2026-06-12
202303014,대웅라베프라졸정5밀리그램(라베프라졸나트륨),대웅라베프라졸정5밀리그램(라베프라졸나트륨),라베프라졸나트륨,대웅바이오(주),False,name_only,True,MFDS nedrug,nedrug.searchDrug,2026-06-12
201403698,동성라베프라졸정10mg(라베프라졸나트륨),동성라베프라졸정10mg(라베프라졸나트륨),라베프라졸나트륨,동성제약(주),False,name_only,True,MFDS nedrug,nedrug.searchDrug,2026-06-12
201403617,동성라베프라졸정20mg(라베프라졸나트륨),동성라베프라졸정20mg(라베프라졸나트륨),라베프라졸나트륨,동성제약(주),False,name_only,True,MFDS nedrug,nedrug.searchDrug,2026-06-12
201900778,드라베정10밀리그램(라베프라졸나트륨),드라베정10밀리그램(라베프라졸나트륨),라베프라졸나트륨,삼익제약(주),False,name_only,True,MFDS nedrug,nedrug.searchDrug,2026-06-12
201900772,드라베정20밀리그램(라베프라졸나트륨),드라베정20밀리그램(라베프라졸나트륨),라베프라졸나트륨,삼익제약(주),False,name_only,True,MFDS nedrug,nedrug.searchDrug,2026-06-12
201903125,라라베정10밀리그램(라베프라졸나트륨),라라베정10밀리그램(라베프라졸나트륨),라베프라졸나트륨,(주)서흥,False,name_only,True,MFDS nedrug,nedrug.searchDrug,2026-06-12
201903126,라라베정20밀리그램(라베프라졸나트륨),라라베정20밀리그램(라베프라졸나트륨),라베프라졸나트륨,(주)서흥,False,name_only,True,MFDS nedrug,nedrug.searchDrug,2026-06-12
201900076,라바졸정10밀리그램(라베프라졸나트륨),라바졸정10밀리그램(라베프라졸나트륨),라베프라졸나트륨,(주)보령바이오파마,False,name_only,True,MFDS nedrug,nedrug.searchDrug,2026-06-12
201900077,라바졸정20밀리그램(라베프라졸나트륨),라바졸정20밀리그램(라베프라졸나트륨),라베프라졸나트륨,(주)보령바이오파마,False,name_only,True,MFDS nedrug,nedrug.searchDrug,2026-06-12
202400481,"라베가드정10/600밀리그램(라베프라졸나트륨,침강탄산칼슘)","라베가드정10/600밀리그램(라베프라졸나트륨,침강탄산칼슘)",라베프라졸나트륨/침강탄산칼슘,(주)대웅제약,False,name_only,True,MFDS nedrug,nedrug.searchDrug,2026-06-12
202301789,"라베가드정20/600밀리그램(라베프라졸나트륨,침강탄산칼슘)","라베가드정20/600밀리그램(라베프라졸나트륨,침강탄산칼슘)",라베프라졸나트륨/침강탄산칼슘,(주)대웅제약,False,name_only,True,MFDS nedrug,nedrug.searchDrug,2026-06-12
201902327,라베건정10밀리그램(라베프라졸나트륨),라베건정10밀리그램(라베프라졸나트륨),라베프라졸나트륨,건일바이오팜주식회사,False,name_only,True,MFDS nedrug,nedrug.searchDrug,2026-06-12
201902161,라베건정20밀리그램(라베프라졸나트륨),라베건정20밀리그램(라베프라졸나트륨),라베프라졸나트륨,건일바이오팜주식회사,False,name_only,True,MFDS nedrug,nedrug.searchDrug,2026-06-12
201208286,라베나정10밀리그램(라베프라졸나트륨),라베나정10밀리그램(라베프라졸나트륨),라베프라졸나트륨,(주)휴메딕스,False,name_only,True,MFDS nedrug,nedrug.searchDrug,2026-06-12
200611386,라베나정20밀리그램(라베프라졸나트륨),라베나정20밀리그램(라베프라졸나트륨),라베프라졸나트륨,(주)휴온스생명과학,False,name_only,True,MFDS nedrug,nedrug.searchDrug,2026-06-12
200610979,라베넥스정10밀리그램(라베프라졸나트륨),라베넥스정10밀리그램(라베프라졸나트륨),라베프라졸나트륨,(주)바이넥스,False,name_only,True,MFDS nedrug,nedrug.searchDrug,2026-06-12
200610980,라베넥스정20밀리그램(라베프라졸나트륨),라베넥스정20밀리그램(라베프라졸나트륨),라베프라졸나트륨,(주)바이넥스,False,name_only,True,MFDS nedrug,nedrug.searchDrug,2026-06-12
202108204,"라베뉴정10/500밀리그램(라베프라졸나트륨,탄산수소나트륨)","라베뉴정10/500밀리그램(라베프라졸나트륨,탄산수소나트륨)",탄산수소나트륨/라베프라졸나트륨,영진약품(주),False,name_only,True,MFDS nedrug,nedrug.searchDrug,2026-06-12
202200467,라베뉴정20/500밀리그램,라베뉴정20/500밀리그램,탄산수소나트륨/라베프라졸나트륨,영진약품(주),False,name_only,True,MFDS nedrug,nedrug.searchDrug,2026-06-12
202108210,"라베듀엣정10/500밀리그램(라베프라졸나트륨,탄산수소나트륨)","라베듀엣정10/500밀리그램(라베프라졸나트륨,탄산수소나트륨)",탄산수소나트륨/라베프라졸나트륨,동화약품(주),False,name_only,True,MFDS nedrug,nedrug.searchDrug,2026-06-12
202200475,라베듀엣정20/500밀리그램,라베듀엣정20/500밀리그램,탄산수소나트륨/라베프라졸나트륨,동화약품(주),False,name_only,True,MFDS nedrug,nedrug.searchDrug,2026-06-12
202200514,라베듀오정20/800밀리그램,라베듀오정20/800밀리그램,라베프라졸나트륨/탄산수소나트륨,한국유나이티드제약(주),False,name_only,True,MFDS nedrug,nedrug.searchDrug,2026-06-12
202003035,가모텍에스알서방정15밀리그램(모사프리드시트르산염수화물),가모텍에스알서방정15밀리그램(모사프리드시트르산염수화물),모사프리드시트르산염수화물,일양약품(주),False,name_only,True,MFDS nedrug,nedrug.searchDrug,2026-06-12
201307121,가모틴정(모사프리드시트르산염수화물),가모틴정(모사프리드시트르산염수화물),모사프리드시트르산염수화물,(주)일화,False,name_only,True,MFDS nedrug,nedrug.searchDrug,2026-06-12
202003182,가모피드서방정15밀리그램(모사프리드시트르산염수화물),가모피드서방정15밀리그램(모사프리드시트르산염수화물),모사프리드시트르산염수화물,신일제약(주),False,name_only,True,MFDS nedrug,nedrug.searchDrug,2026-06-12
200611120,가모피드정5밀리그램(모사프리드시트르산염수화물),가모피드정5밀리그램(모사프리드시트르산염수화물),모사프리드시트르산염수화물,신일제약(주),False,name_only,True,MFDS nedrug,nedrug.searchDrug,2026-06-12
201208452,가스루정(모사프리드시트르산염이수화물),가스루정(모사프리드시트르산염이수화물),모사프리드시트르산염이수화물,한올바이오파마(주),False,name_only,True,MFDS nedrug,nedrug.searchDrug,2026-06-12
201406033,가스모빌정(모사프리드시트르산염수화물),가스모빌정(모사프리드시트르산염수화물),모사프리드시트르산염수화물,유니메드제약(주),False,name_only,True,MFDS nedrug,nedrug.searchDrug,2026-06-12
201901023,가스모사씨알정(모사프리드시트르산염수화물),가스모사씨알정(모사프리드시트르산염수화물),모사프리드시트르산염수화물,한국바이오켐제약(주),False,name_only,True,MFDS nedrug,nedrug.searchDrug,2026-06-12
200100564,가스모틴산제(모사프리드시트르산염수화물),가스모틴산제(모사프리드시트르산염수화물),모사프리드시트르산염수화물,(주)대웅제약,False,name_only,True,MFDS nedrug,nedrug.searchDrug,2026-06-12
201708204,가스모틴에스알정(모사프리드시트르산염수화물),가스모틴에스알정(모사프리드시트르산염수화물),모사프리드시트르산염수화물,(주)대웅제약,False,name_only,True,MFDS nedrug,nedrug.searchDrug,2026-06-12
200100565,가스모틴정5밀리그램(모사프리드시트르산염수화물),가스모틴정5밀리그램(모사프리드시트르산염수화물),모사프리드시트르산염수화물,(주)대웅제약,False,name_only,True,MFDS nedrug,nedrug.searchDrug,2026-06-12
201904244,가스모프정(모사프리드시트르산염이수화물),가스모프정(모사프리드시트르산염이수화물),모사프리드시트르산염이수화물,(주)한풍제약,False,name_only,True,MFDS nedrug,nedrug.searchDrug,2026-06-12
201803146,가스모핀정(모사프리드시트르산염수화물),가스모핀정(모사프리드시트르산염수화물),모사프리드시트르산염수화물,에스피씨(주),False,name_only,True,MFDS nedrug,nedrug.searchDrug,2026-06-12
200702172,가스몬정(모사프리드시트르산염수화물),가스몬정(모사프리드시트르산염수화물),모사프리드시트르산염수화물,환인제약(주),False,name_only,True,MFDS nedrug,nedrug.searchDrug,2026-06-12
201208723,가스잘정(모사프리드시트르산염이수화물),가스잘정(모사프리드시트르산염이수화물),모사프리드시트르산염수화물,삼익제약(주),False,name_only,True,MFDS nedrug,nedrug.searchDrug,2026-06-12
202002749,가스젯에스알정15밀리그램(모사프리드시트르산염수화물),가스젯에스알정15밀리그램(모사프리드시트르산염수화물),모사프리드시트르산염수화물,대웅바이오(주),False,name_only,True,MFDS nedrug,nedrug.searchDrug,2026-06-12
200702171,가스탄정(모사프리드시트르산염수화물),가스탄정(모사프리드시트르산염수화물),모사프리드시트르산염수화물,영일제약(주),False,name_only,True,MFDS nedrug,nedrug.searchDrug,2026-06-12
201604113,가스티인씨알정(모사프리드시트르산염수화물),가스티인씨알정(모사프리드시트르산염수화물),모사프리드시트르산염수화물,한국유나이티드제약(주),False,name_only,True,MFDS nedrug,nedrug.searchDrug,2026-06-12
201209717,가스티인정(모사프리드시트르산염이수화물),가스티인정(모사프리드시트르산염이수화물),모사프리드시트르산염수화물,한국유나이티드제약(주),False,name_only,True,MFDS nedrug,nedrug.searchDrug,2026-06-12
202002745,가스티젠에스알정15밀리그램(모사프리드시트르산염수화물),가스티젠에스알정15밀리그램(모사프리드시트르산염수화물),모사프리드시트르산염수화물,(주)비보존제약,False,name_only,True,MFDS nedrug,nedrug.searchDrug,2026-06-12
200701238,가스프라이드정(모사프리드시트르산염수화물),가스프라이드정(모사프리드시트르산염수화물),모사프리드시트르산염수화물,고려제약(주),False,name_only,True,MFDS nedrug,nedrug.searchDrug,2026-06-12
202003034,가스프렌씨알정15밀리그램(모사프리드시트르산염수화물),가스프렌씨알정15밀리그램(모사프리드시트르산염수화물),모사프리드시트르산염수화물,경동제약(주),False,name_only,True,MFDS nedrug,nedrug.searchDrug,2026-06-12
200809076,가스프렌정(모사프리드시트르산염이수화물),가스프렌정(모사프리드시트르산염이수화물),모사프리드시트르산염이수화물,경동제약(주),False,name_only,True,MFDS nedrug,nedrug.searchDrug,2026-06-12
200700849,가스프리드정(모사프리드시트르산염수화물),가스프리드정(모사프리드시트르산염수화물),모사프리드시트르산염수화물,태극제약(주),False,name_only,True,MFDS nedrug,nedrug.searchDrug,2026-06-12
202003033,가스프린서방정15밀리그램(모사프리드시트르산염수화물),가스프린서방정15밀리그램(모사프리드시트르산염수화물),모사프리드시트르산염수화물,삼성제약(주),False,name_only,True,MFDS nedrug,nedrug.searchDrug,2026-06-12
200702314,가스프린정(모사프리드시트르산염수화물),가스프린정(모사프리드시트르산염수화물),모사프리드시트르산염수화물,삼성제약(주),False,name_only,True,MFDS nedrug,nedrug.searchDrug,2026-06-12
200700845,가스피드정(모사프리드시트르산염이수화물),가스피드정(모사프리드시트르산염이수화물),모사프리드시트르산염수화물,성원애드콕제약(주),False,name_only,True,MFDS nedrug,nedrug.searchDrug,2026-06-12
202002748,가스피란에스알정15밀리그램(모사프리드시트르산염수화물),가스피란에스알정15밀리그램(모사프리드시트르산염수화물),모사프리드시트르산염수화물,영진약품(주),False,name_only,True,MFDS nedrug,nedrug.searchDrug,2026-06-12
200700562,가스피란정5밀리그람(모사프리드시트르산염수화물),가스피란정5밀리그람(모사프리드시트르산염수화물),모사프리드시트르산염수화물,영진약품(주),False,name_only,True,MFDS nedrug,nedrug.searchDrug,2026-06-12
202002987,가스핀서방정15밀리그램(모사프리드시트르산염수화물),가스핀서방정15밀리그램(모사프리드시트르산염수화물),모사프리드시트르산염수화물,위더스제약(주),False,name_only,True,MFDS nedrug,nedrug.searchDrug,2026-06-12
200701236,가스핀정(모사프리드시트르산염수화물),가스핀정(모사프리드시트르산염수화물),모사프리드시트르산염수화물,위더스제약(주),False,name_only,True,MFDS nedrug,nedrug.searchDrug,2026-06-12
200401582,뉴코타정(레바미피드),뉴코타정(레바미피드),레바미피드,한국유니온제약(주),False,name_only,True,MFDS nedrug,nedrug.searchDrug,2026-06-12
202600121,대화레바미피드서방정150밀리그램,대화레바미피드서방정150밀리그램,레바미피드,대화제약(주),False,name_only,True,MFDS nedrug,nedrug.searchDrug,2026-06-12
202501333,동광레바미피드서방정150밀리그램,동광레바미피드서방정150밀리그램,레바미피드,동광제약(주),False,name_only,True,MFDS nedrug,nedrug.searchDrug,2026-06-12
201402884,동광레바미피드정,동광레바미피드정,레바미피드,동광제약(주),False,name_only,True,MFDS nedrug,nedrug.searchDrug,2026-06-12
200301021,라미스타정(레바미피드),라미스타정(레바미피드),레바미피드,진양제약(주),False,name_only,True,MFDS nedrug,nedrug.searchDrug,2026-06-12
201604573,라미피정100밀리그램(레바미피드),라미피정100밀리그램(레바미피드),레바미피드,정우신약(주),False,name_only,True,MFDS nedrug,nedrug.searchDrug,2026-06-12
201603723,라이트레바정(레바미피드),라이트레바정(레바미피드),레바미피드,(주)라이트팜텍,False,name_only,True,MFDS nedrug,nedrug.searchDrug,2026-06-12
200301832,레마이드정100밀리그램(레바미피드),레마이드정100밀리그램(레바미피드),레바미피드,한미약품(주),False,name_only,True,MFDS nedrug,nedrug.searchDrug,2026-06-12
201603928,레미스타정(레바미피드),레미스타정(레바미피드),레바미피드,(주)동구바이오제약,False,name_only,True,MFDS nedrug,nedrug.searchDrug,2026-06-12
200302050,레미스트정(레바미피드),레미스트정(레바미피드),레바미피드,(주)하원제약,False,name_only,True,MFDS nedrug,nedrug.searchDrug,2026-06-12
200402879,레미피드정(레바미피드),레미피드정(레바미피드),레바미피드,(주)씨엠지제약,False,name_only,True,MFDS nedrug,nedrug.searchDrug,2026-06-12
201307562,레바가드정100밀리그램(레바미피드),레바가드정100밀리그램(레바미피드),레바미피드,영진약품(주),False,name_only,True,MFDS nedrug,nedrug.searchDrug,2026-06-12
201307687,레바겐정(레바미피드),레바겐정(레바미피드),레바미피드,(주)일화,False,name_only,True,MFDS nedrug,nedrug.searchDrug,2026-06-12
201903465,레바뉴정(레바미피드),레바뉴정(레바미피드),레바미피드,(주)시어스제약,False,name_only,True,MFDS nedrug,nedrug.searchDrug,2026-06-12
200402575,레바드린정(레바미피드),레바드린정(레바미피드),레바미피드,신일제약(주),False,name_only,True,MFDS nedrug,nedrug.searchDrug,2026-06-12
201904709,레바드미정(레바미피드),레바드미정(레바미피드),레바미피드,익수제약(주),False,name_only,True,MFDS nedrug,nedrug.searchDrug,2026-06-12
200300103,레바라틴정(레바미피드),레바라틴정(레바미피드),레바미피드,(주)종근당,False,name_only,True,MFDS nedrug,nedrug.searchDrug,2026-06-12
201603250,레바렉정(레바미피드),레바렉정(레바미피드),레바미피드,(주)바스칸바이오제약,False,name_only,True,MFDS nedrug,nedrug.searchDrug,2026-06-12
201902535,레바리드정(레바미피드),레바리드정(레바미피드),레바미피드,화일약품(주),False,name_only,True,MFDS nedrug,nedrug.searchDrug,2026-06-12
201301227,레바마정(레바미피드),레바마정(레바미피드),레바미피드,미래바이오제약(주),False,name_only,True,MFDS nedrug,nedrug.searchDrug,2026-06-12
201604054,레바메츠정(레바미피드),레바메츠정(레바미피드),레바미피드,(주)아이월드제약,False,name_only,True,MFDS nedrug,nedrug.searchDrug,2026-06-12
200102266,레바미드정(레바미피드),레바미드정(레바미피드),레바미피드,경동제약(주),False,name_only,True,MFDS nedrug,nedrug.searchDrug,2026-06-12
201904656,레바미딘정(레바미피드),레바미딘정(레바미피드),레바미피드,지엘파마(주),False,name_only,True,MFDS nedrug,nedrug.searchDrug,2026-06-12
202001526,레바미론정(레바미피드),레바미론정(레바미피드),레바미피드,(주)유앤생명과학,False,name_only,True,MFDS nedrug,nedrug.searchDrug,2026-06-12
202502263,레바미서방정(레바미피드),레바미서방정(레바미피드),레바미피드,(주)이든파마,False,name_only,True,MFDS nedrug,nedrug.searchDrug,2026-06-12
201404770,레바미정(레바미피드),레바미정(레바미피드),레바미피드,(주)이든파마,False,name_only,True,MFDS nedrug,nedrug.searchDrug,2026-06-12
201404005,레바미젠정(레바미피드),레바미젠정(레바미피드),레바미피드,(주)셀릭스,False,name_only,True,MFDS nedrug,nedrug.searchDrug,2026-06-12
202002086,레바미파정(레바미피드),레바미파정(레바미피드),레바미피드,주식회사더유제약,False,name_only,True,MFDS nedrug,nedrug.searchDrug,2026-06-12
200300591,레바민정(레바미피드),레바민정(레바미피드),레바미피드,삼아제약(주),False,name_only,True,MFDS nedrug,nedrug.searchDrug,2026-06-12
201306595,레바블록정(레바미피드),레바블록정(레바미피드),레바미피드,한올바이오파마(주),False,name_only,True,MFDS nedrug,nedrug.searchDrug,2026-06-12
200500392,국제이토라이드정(이토프리드염산염),국제이토라이드정(이토프리드염산염),이토프리드염산염,국제약품(주),False,name_only,True,MFDS nedrug,nedrug.searchDrug,2026-06-12
201208652,넥스토정(이토프리드염산염),넥스토정(이토프리드염산염),이토프리드염산염,(주)넥스팜코리아,False,name_only,True,MFDS nedrug,nedrug.searchDrug,2026-06-12
201603477,뉴토리드정(이토프리드염산염),뉴토리드정(이토프리드염산염),이토프리드염산염,안국뉴팜(주),False,name_only,True,MFDS nedrug,nedrug.searchDrug,2026-06-12
200604408,다라톤정(이토프리드염산염),다라톤정(이토프리드염산염),이토프리드염산염,주식회사 노바엠헬스케어,False,name_only,True,MFDS nedrug,nedrug.searchDrug,2026-06-12
201901712,로프리드정(이토프리드염산염),로프리드정(이토프리드염산염),이토프리드염산염,(주)인트로바이오파마,False,name_only,True,MFDS nedrug,nedrug.searchDrug,2026-06-12
200604207,마더스염산이토프리드정(이토프리드염산염),마더스염산이토프리드정(이토프리드염산염),이토프리드염산염,(주)마더스제약,False,name_only,True,MFDS nedrug,nedrug.searchDrug,2026-06-12
200501293,모가톤정(이토프리드염산염),모가톤정(이토프리드염산염),이토프리드염산염,진양제약(주),False,name_only,True,MFDS nedrug,nedrug.searchDrug,2026-06-12
200908355,부광이토프리드정50밀리그램(이토프리드염산염),부광이토프리드정50밀리그램(이토프리드염산염),이토프리드염산염,부광약품(주),False,name_only,True,MFDS nedrug,nedrug.searchDrug,2026-06-12
202001924,삼성이토프리드정(이토프리드염산염),삼성이토프리드정(이토프리드염산염),이토프리드염산염,삼성제약(주),False,name_only,True,MFDS nedrug,nedrug.searchDrug,2026-06-12
201207541,알보젠이토라드정(이토프리드염산염),알보젠이토라드정(이토프리드염산염),이토프리드염산염,알보젠코리아(주),False,name_only,True,MFDS nedrug,nedrug.searchDrug,2026-06-12
201302390,위나톤정50밀리그램(이토프리드염산염),위나톤정50밀리그램(이토프리드염산염),이토프리드염산염,한화제약(주),False,name_only,True,MFDS nedrug,nedrug.searchDrug,2026-06-12
200600417,유바톤정(이토프리드염산염),유바톤정(이토프리드염산염),이토프리드염산염,영일제약(주),False,name_only,True,MFDS nedrug,nedrug.searchDrug,2026-06-12
200501594,이토드정(이토프리드염산염),이토드정(이토프리드염산염),이토프리드염산염,대원제약(주),False,name_only,True,MFDS nedrug,nedrug.searchDrug,2026-06-12
201502611,이토라민정(이토프리드염산염),이토라민정(이토프리드염산염),이토프리드염산염,조아제약(주),False,name_only,True,MFDS nedrug,nedrug.searchDrug,2026-06-12
200604193,이토라제정(이토프리드염산염),이토라제정(이토프리드염산염),이토프리드염산염,환인제약(주),False,name_only,True,MFDS nedrug,nedrug.searchDrug,2026-06-12
201603697,이토라핀정(이토프리드염산염),이토라핀정(이토프리드염산염),이토프리드염산염,에스피씨(주),False,name_only,True,MFDS nedrug,nedrug.searchDrug,2026-06-12
202000292,이토리정50밀리그램(이토프리드염산염),이토리정50밀리그램(이토프리드염산염),이토프리드염산염,한국넬슨제약(주),False,name_only,True,MFDS nedrug,nedrug.searchDrug,2026-06-12
201309599,이토리톤정(이토프리드염산염),이토리톤정(이토프리드염산염),이토프리드염산염,(주)일화,False,name_only,True,MFDS nedrug,nedrug.searchDrug,2026-06-12
201903633,이토모티정(이토프리드염산염),이토모티정(이토프리드염산염),이토프리드염산염,이연제약(주),False,name_only,True,MFDS nedrug,nedrug.searchDrug,2026-06-12
200713079,이토벨정(이토프리드염산염),이토벨정(이토프리드염산염),이토프리드염산염,(주)종근당,False,name_only,True,MFDS nedrug,nedrug.searchDrug,2026-06-12
201900831,이토윈정50밀리그램(이토프리드염산염),이토윈정50밀리그램(이토프리드염산염),이토프리드염산염,코스맥스파마(주),False,name_only,True,MFDS nedrug,nedrug.searchDrug,2026-06-12
201604152,이토칸정50밀리그램(이토프리드염산염),이토칸정50밀리그램(이토프리드염산염),이토프리드염산염,(주)셀트리온제약,False,name_only,True,MFDS nedrug,nedrug.searchDrug,2026-06-12
201902578,이토큐어정50밀리그램(이토프리드염산염),이토큐어정50밀리그램(이토프리드염산염),이토프리드염산염,아이큐어(주),False,name_only,True,MFDS nedrug,nedrug.searchDrug,2026-06-12
201602700,이토팜정(이토프리드염산염),이토팜정(이토프리드염산염),이토프리드염산염,한국코러스(주),False,name_only,True,MFDS nedrug,nedrug.searchDrug,2026-06-12
200500109,이토프라정50밀리그램(이토프리드염산염),이토프라정50밀리그램(이토프리드염산염),이토프리드염산염,(주)한국비엠아이,False,name_only,True,MFDS nedrug,nedrug.searchDrug,2026-06-12
201901494,이토프로정(이토프리드염산염),이토프로정(이토프리드염산염),이토프리드염산염,메딕스제약(주),False,name_only,True,MFDS nedrug,nedrug.searchDrug,2026-06-12
201309424,이트리드정(이토프리드염산염),이트리드정(이토프리드염산염),이토프리드염산염,(주)화이트생명과학,False,name_only,True,MFDS nedrug,nedrug.searchDrug,2026-06-12
200801668,이티브정(이토프리드염산염),이티브정(이토프리드염산염),이토프리드염산염,일양약품(주),False,name_only,True,MFDS nedrug,nedrug.searchDrug,2026-06-12
201901409,이프리정(이토프리드염산염),이프리정(이토프리드염산염),이토프리드염산염,(주)이든파마,False,name_only,True,MFDS nedrug,nedrug.searchDrug,2026-06-12
200501012,토프리드정(이토프리드염산염),토프리드정(이토프리드염산염),이토프리드염산염,안국약품(주),False,name_only,True,MFDS nedrug,nedrug.searchDrug,2026-06-12
199504367,모렘정(돔페리돈말레산염),모렘정(돔페리돈말레산염),돔페리돈말레산염,위더스제약(주),False,name_only,True,MFDS nedrug,nedrug.searchDrug,2026-06-12
199701401,몬테스엠정(돔페리돈말레산염),몬테스엠정(돔페리돈말레산염),돔페리돈말레산염,(주)메디카코리아,False,name_only,True,MFDS nedrug,nedrug.searchDrug,2026-06-12
199501299,부광돔페리돈정10밀리그램,부광돔페리돈정10밀리그램,돔페리돈,부광약품(주),False,name_only,True,MFDS nedrug,nedrug.searchDrug,2026-06-12
201400453,삼아돔페리돈말레산염정,삼아돔페리돈말레산염정,돔페리돈말레산염,삼아제약(주),False,name_only,True,MFDS nedrug,nedrug.searchDrug,2026-06-12
198900817,알보젠돔페리돈정,알보젠돔페리돈정,돔페리돈,알보젠코리아(주),False,name_only,True,MFDS nedrug,nedrug.searchDrug,2026-06-12
199601110,크리맥액(돔페리돈),크리맥액(돔페리돈),돔페리돈,일양약품(주),False,name_only,True,MFDS nedrug,nedrug.searchDrug,2026-06-12
199602454,펠돈티정(돔페리돈말레산염),펠돈티정(돔페리돈말레산염),돔페리돈말레산염,영풍제약(주),False,name_only,True,MFDS nedrug,nedrug.searchDrug,2026-06-12
199500470,하미돈엠정(돔페리돈말레산염),하미돈엠정(돔페리돈말레산염),돔페리돈말레산염,코오롱제약(주),False,name_only,True,MFDS nedrug,nedrug.searchDrug,2026-06-12
199200631,하미돈현탁액(돔페리돈),하미돈현탁액(돔페리돈),돔페리돈,코오롱제약(주),False,name_only,True,MFDS nedrug,nedrug.searchDrug,2026-06-12
202000621,넥스파모정(파모티딘),넥스파모정(파모티딘),파모티딘,주식회사 노바엠헬스케어,False,name_only,True,MFDS nedrug,nedrug.searchDrug,2026-06-12
199501743,넬슨파모티딘정20밀리그램(파모티딘),넬슨파모티딘정20밀리그램(파모티딘),파모티딘,한국넬슨제약(주),False,name_only,True,MFDS nedrug,nedrug.searchDrug,2026-06-12
200606623,다산파모티딘정20밀리그램(파모티딘),다산파모티딘정20밀리그램(파모티딘),파모티딘,(주)다산제약,False,name_only,True,MFDS nedrug,nedrug.searchDrug,2026-06-12
202001463,대원바이오텍파모티딘정20밀리그램,대원바이오텍파모티딘정20밀리그램,파모티딘,대원바이오텍주식회사,False,name_only,True,MFDS nedrug,nedrug.searchDrug,2026-06-12
198600114,동아가스터정20밀리그램(파모티딘),동아가스터정20밀리그램(파모티딘),파모티딘,동아에스티(주),False,name_only,True,MFDS nedrug,nedrug.searchDrug,2026-06-12
202105229,듀얼파모정,듀얼파모정,파모티딘/수산화마그네슘/침강탄산칼슘,광동제약(주),False,name_only,True,MFDS nedrug,nedrug.searchDrug,2026-06-12
202000592,메가파모정20밀리그램(파모티딘),메가파모정20밀리그램(파모티딘),파모티딘,(주)엘앤씨바이오,False,name_only,True,MFDS nedrug,nedrug.searchDrug,2026-06-12
202502157,모틴주사액(파모티딘),모틴주사액(파모티딘),파모티딘,명인제약(주),False,name_only,True,MFDS nedrug,nedrug.searchDrug,2026-06-12
198600161,베스티딘정20밀리그램(파모티딘),베스티딘정20밀리그램(파모티딘),파모티딘,제이더블유신약(주),False,name_only,True,MFDS nedrug,nedrug.searchDrug,2026-06-12
202300724,베스티딘정40밀리그램(파모티딘),베스티딘정40밀리그램(파모티딘),파모티딘,제이더블유신약(주),False,name_only,True,MFDS nedrug,nedrug.searchDrug,2026-06-12
202003699,베아파모정10밀리그램(파모티딘),베아파모정10밀리그램(파모티딘),파모티딘,대웅바이오(주),False,name_only,True,MFDS nedrug,nedrug.searchDrug,2026-06-12
202000058,베아파모정20밀리그램(파모티딘),베아파모정20밀리그램(파모티딘),파모티딘,대웅바이오(주),False,name_only,True,MFDS nedrug,nedrug.searchDrug,2026-06-12
202003572,비엠파모티딘정20밀리그램(파모티딘),비엠파모티딘정20밀리그램(파모티딘),파모티딘,(주)한국비엠아이,False,name_only,True,MFDS nedrug,nedrug.searchDrug,2026-06-12
202001664,삼남파모티딘정20밀리그램,삼남파모티딘정20밀리그램,파모티딘,삼남제약(주),False,name_only,True,MFDS nedrug,nedrug.searchDrug,2026-06-12
201908381,삼성파모티딘정20밀리그램,삼성파모티딘정20밀리그램,파모티딘,삼성제약(주),False,name_only,True,MFDS nedrug,nedrug.searchDrug,2026-06-12
200403434,삼익파모티딘정(파모티딘),삼익파모티딘정(파모티딘),파모티딘,삼익제약(주),False,name_only,True,MFDS nedrug,nedrug.searchDrug,2026-06-12
198802643,서울파모티딘정20mg,서울파모티딘정20mg,파모티딘,(주)서울제약,False,name_only,True,MFDS nedrug,nedrug.searchDrug,2026-06-12
201500465,셀티스파모티딘정20밀리그램(파모티딘),셀티스파모티딘정20밀리그램(파모티딘),파모티딘,(주)텔콘알에프제약,False,name_only,True,MFDS nedrug,nedrug.searchDrug,2026-06-12
202105133,소가프텐정,소가프텐정,파모티딘/수산화마그네슘/침강탄산칼슘,동화약품(주),False,name_only,True,MFDS nedrug,nedrug.searchDrug,2026-06-12
202003177,스토벤트정(파모티딘),스토벤트정(파모티딘),파모티딘,주식회사케이에스제약,False,name_only,True,MFDS nedrug,nedrug.searchDrug,2026-06-12
202000647,신일파모티딘정10밀리그램,신일파모티딘정10밀리그램,파모티딘,신일제약(주),False,name_only,True,MFDS nedrug,nedrug.searchDrug,2026-06-12
200402057,아모틴정(파모티딘),아모틴정(파모티딘),파모티딘,오스틴제약(주),False,name_only,True,MFDS nedrug,nedrug.searchDrug,2026-06-12
202501470,아모틴정10mg(파모티딘),아모틴정10mg(파모티딘),파모티딘,오스틴제약(주),False,name_only,True,MFDS nedrug,nedrug.searchDrug,2026-06-12
201707053,아이모틴정20밀리그램(파모티딘),아이모틴정20밀리그램(파모티딘),파모티딘,(주)인트로바이오파마,False,name_only,True,MFDS nedrug,nedrug.searchDrug,2026-06-12
202000421,아프소겐정(파모티딘),아프소겐정(파모티딘),파모티딘,(주)녹십자,False,name_only,True,MFDS nedrug,nedrug.searchDrug,2026-06-12
202003064,안국뉴팜파모티딘정20밀리그램,안국뉴팜파모티딘정20밀리그램,파모티딘,안국뉴팜(주),False,name_only,True,MFDS nedrug,nedrug.searchDrug,2026-06-12
202001046,알피티딘정20밀리그램(파모티딘),알피티딘정20밀리그램(파모티딘),파모티딘,(주)알피바이오,False,name_only,True,MFDS nedrug,nedrug.searchDrug,2026-06-12
202002646,애시컨정(파모티딘),애시컨정(파모티딘),파모티딘,동아제약(주),False,name_only,True,MFDS nedrug,nedrug.searchDrug,2026-06-12
198701520,영풍파모티딘정,영풍파모티딘정,파모티딘,영풍제약(주),False,name_only,True,MFDS nedrug,nedrug.searchDrug,2026-06-12
198802273,위더스파모티딘정20mg,위더스파모티딘정20mg,파모티딘,위더스제약(주),False,name_only,True,MFDS nedrug,nedrug.searchDrug,2026-06-12
200402949,그리마린정(글리메피리드),그리마린정(글리메피리드),글리메피리드,(주)하원제약,False,name_only,True,MFDS nedrug,nedrug.searchDrug,2026-06-12
200402623,그리메피드정1밀리그램(글리메피리드),그리메피드정1밀리그램(글리메피리드),글리메피리드,한미약품(주),False,name_only,True,MFDS nedrug,nedrug.searchDrug,2026-06-12
200301831,그리메피드정2밀리그램(글리메피리드),그리메피드정2밀리그램(글리메피리드),글리메피리드,한미약품(주),False,name_only,True,MFDS nedrug,nedrug.searchDrug,2026-06-12
200605448,그리메피드정4밀리그램(글리메피리드),그리메피드정4밀리그램(글리메피리드),글리메피리드,한미약품(주),False,name_only,True,MFDS nedrug,nedrug.searchDrug,2026-06-12
201801110,그리멜정2mg(글리메피리드),그리멜정2mg(글리메피리드),글리메피리드,지엘파마(주),False,name_only,True,MFDS nedrug,nedrug.searchDrug,2026-06-12
201600980,그리피드정(글리메피리드),그리피드정(글리메피리드),글리메피리드,아이큐어(주),False,name_only,True,MFDS nedrug,nedrug.searchDrug,2026-06-12
202002784,그리피드정4밀리그램(글리메피리드),그리피드정4밀리그램(글리메피리드),글리메피리드,아이큐어(주),False,name_only,True,MFDS nedrug,nedrug.searchDrug,2026-06-12
201301370,그릴정(글리메피리드),그릴정(글리메피리드),글리메피리드,에스피씨(주),False,name_only,True,MFDS nedrug,nedrug.searchDrug,2026-06-12
200500559,글라디엠정1밀리그램(글리메피리드),글라디엠정1밀리그램(글리메피리드),글리메피리드,(주)유한양행,False,name_only,True,MFDS nedrug,nedrug.searchDrug,2026-06-12
200803973,글라디엠정2밀리그램(글리메피리드),글라디엠정2밀리그램(글리메피리드),글리메피리드,(주)유한양행,False,name_only,True,MFDS nedrug,nedrug.searchDrug,2026-06-12
200500561,글라디엠정4밀리그램(글리메피리드),글라디엠정4밀리그램(글리메피리드),글리메피리드,(주)유한양행,False,name_only,True,MFDS nedrug,nedrug.searchDrug,2026-06-12
200401743,글레딘정(글리메피리드),글레딘정(글리메피리드),글리메피리드,삼진제약(주),False,name_only,True,MFDS nedrug,nedrug.searchDrug,2026-06-12
201906153,글레리드정(글리메피리드),글레리드정(글리메피리드),글리메피리드,독립바이오제약(주),False,name_only,True,MFDS nedrug,nedrug.searchDrug,2026-06-12
200410943,글루비정(글리메피리드),글루비정(글리메피리드),글리메피리드,알보젠코리아(주),False,name_only,True,MFDS nedrug,nedrug.searchDrug,2026-06-12
200402485,글루펜정2mg(글리메피리드),글루펜정2mg(글리메피리드),글리메피리드,(주)팜젠사이언스,False,name_only,True,MFDS nedrug,nedrug.searchDrug,2026-06-12
200400801,글루피드정(글리메피리드),글루피드정(글리메피리드),글리메피리드,(주)일화,False,name_only,True,MFDS nedrug,nedrug.searchDrug,2026-06-12
201904477,글리다정(글리메피리드),글리다정(글리메피리드),글리메피리드,(주)한풍제약,False,name_only,True,MFDS nedrug,nedrug.searchDrug,2026-06-12
200300661,글리매핀정(글리메피리드),글리매핀정(글리메피리드),글리메피리드,영진약품(주),False,name_only,True,MFDS nedrug,nedrug.searchDrug,2026-06-12
201901114,글리맥스정4밀리그램(글리메피리드),글리맥스정4밀리그램(글리메피리드),글리메피리드,익수제약(주),False,name_only,True,MFDS nedrug,nedrug.searchDrug,2026-06-12
200401285,글리메드정2밀리그램(글리메피리드),글리메드정2밀리그램(글리메피리드),글리메피리드,일양약품(주),False,name_only,True,MFDS nedrug,nedrug.searchDrug,2026-06-12
201901767,글리메디정(글리메피리드),글리메디정(글리메피리드),글리메피리드,(주)인트로바이오파마,False,name_only,True,MFDS nedrug,nedrug.searchDrug,2026-06-12
201906632,글리메디정4mg(글리메피리드),글리메디정4mg(글리메피리드),글리메피리드,(주)인트로바이오파마,False,name_only,True,MFDS nedrug,nedrug.searchDrug,2026-06-12
200300604,글리메릴정(글리메피리드),글리메릴정(글리메피리드),글리메피리드,알리코제약(주),False,name_only,True,MFDS nedrug,nedrug.searchDrug,2026-06-12
201901300,글리메윈정(글리메피리드),글리메윈정(글리메피리드),글리메피리드,코스맥스파마(주),False,name_only,True,MFDS nedrug,nedrug.searchDrug,2026-06-12
200300313,글리메정(글리메피리드)(GLIMETablet),글리메정(글리메피리드)(glimetablet),글리메피리드,(주)셀트리온제약,False,name_only,True,MFDS nedrug,nedrug.searchDrug,2026-06-12
200612743,글리메정4밀리그램(글리메피리드),글리메정4밀리그램(글리메피리드),글리메피리드,(주)셀트리온제약,False,name_only,True,MFDS nedrug,nedrug.searchDrug,2026-06-12
200402490,글리메츠정(글리메피리드),글리메츠정(글리메피리드),글리메피리드,(주)아이월드제약,False,name_only,True,MFDS nedrug,nedrug.searchDrug,2026-06-12
201402185,글리메틴정2밀리그램(글리메피리드),글리메틴정2밀리그램(글리메피리드),글리메피리드,한국유니온제약(주),False,name_only,True,MFDS nedrug,nedrug.searchDrug,2026-06-12
201307853,글리메프정2밀리그램(글리메피리드),글리메프정2밀리그램(글리메피리드),글리메피리드,에이치엘비제약(주),False,name_only,True,MFDS nedrug,nedrug.searchDrug,2026-06-12
201801002,글리메프정4밀리그램(글리메피리드),글리메프정4밀리그램(글리메피리드),글리메피리드,에이치엘비제약(주),False,name_only,True,MFDS nedrug,nedrug.searchDrug,2026-06-12
202200215,글리듀오큐정10/100밀리그램,글리듀오큐정10/100밀리그램,다파글리플로진프로판디올수화물/시타글립틴인산염수화물,성이바이오제약주식회사,False,name_only,True,MFDS nedrug,nedrug.searchDrug,2026-06-12
202200212,글리로우싯정10/100밀리그램,글리로우싯정10/100밀리그램,다파글리플로진프로판디올수화물/시타글립틴인산염수화물,(주)일화,False,name_only,True,MFDS nedrug,nedrug.searchDrug,2026-06-12
202102397,글리시타정100밀리그램(시타글립틴염산염수화물),글리시타정100밀리그램(시타글립틴염산염수화물),시타글립틴염산염수화물,(주)동구바이오제약,False,name_only,True,MFDS nedrug,nedrug.searchDrug,2026-06-12
202102396,글리시타정25밀리그램(시타글립틴염산염수화물),글리시타정25밀리그램(시타글립틴염산염수화물),시타글립틴염산염수화물,(주)동구바이오제약,False,name_only,True,MFDS nedrug,nedrug.searchDrug,2026-06-12
202102395,글리시타정50밀리그램(시타글립틴염산염수화물),글리시타정50밀리그램(시타글립틴염산염수화물),시타글립틴염산염수화물,(주)동구바이오제약,False,name_only,True,MFDS nedrug,nedrug.searchDrug,2026-06-12
202301940,글리자누큐정100밀리그램(시타글립틴염산염수화물),글리자누큐정100밀리그램(시타글립틴염산염수화물),시타글립틴염산염수화물,맥널티제약(주),False,name_only,True,MFDS nedrug,nedrug.searchDrug,2026-06-12
202301941,글리자누큐정50밀리그램(시타글립틴염산염수화물),글리자누큐정50밀리그램(시타글립틴염산염수화물),시타글립틴염산염수화물,맥널티제약(주),False,name_only,True,MFDS nedrug,nedrug.searchDrug,2026-06-12
202300302,나누당시가정10/100밀리그램,나누당시가정10/100밀리그램,시타글립틴인산염수화물/다파글리플로진프로판디올수화물,한국휴텍스제약(주),False,name_only,True,MFDS nedrug,nedrug.searchDrug,2026-06-12
202101257,나누비아정100밀리그램(시타글립틴염산염수화물),나누비아정100밀리그램(시타글립틴염산염수화물),시타글립틴염산염수화물,한국휴텍스제약(주),False,name_only,True,MFDS nedrug,nedrug.searchDrug,2026-06-12
202101255,나누비아정25밀리그램(시타글립틴염산염수화물),나누비아정25밀리그램(시타글립틴염산염수화물),시타글립틴염산염수화물,한국휴텍스제약(주),False,name_only,True,MFDS nedrug,nedrug.searchDrug,2026-06-12
202101256,나누비아정50밀리그램(시타글립틴염산염수화물),나누비아정50밀리그램(시타글립틴염산염수화물),시타글립틴염산염수화물,한국휴텍스제약(주),False,name_only,True,MFDS nedrug,nedrug.searchDrug,2026-06-12
202101814,네오시타정100밀리그램(시타글립틴염산염수화물),네오시타정100밀리그램(시타글립틴염산염수화물),시타글립틴염산염수화물,(주)녹십자,False,name_only,True,MFDS nedrug,nedrug.searchDrug,2026-06-12
202101812,네오시타정25밀리그램(시타글립틴염산염수화물),네오시타정25밀리그램(시타글립틴염산염수화물),시타글립틴염산염수화물,(주)녹십자,False,name_only,True,MFDS nedrug,nedrug.searchDrug,2026-06-12
202101813,네오시타정50밀리그램(시타글립틴염산염수화물),네오시타정50밀리그램(시타글립틴염산염수화물),시타글립틴염산염수화물,(주)녹십자,False,name_only,True,MFDS nedrug,nedrug.searchDrug,2026-06-12
202005610,넥스글립틴정100밀리그램(시타글립틴염산염수화물),넥스글립틴정100밀리그램(시타글립틴염산염수화물),시타글립틴염산염수화물,(주)바이넥스,False,name_only,True,MFDS nedrug,nedrug.searchDrug,2026-06-12
202005612,넥스글립틴정25밀리그램(시타글립틴염산염수화물),넥스글립틴정25밀리그램(시타글립틴염산염수화물),시타글립틴염산염수화물,(주)바이넥스,False,name_only,True,MFDS nedrug,nedrug.searchDrug,2026-06-12
202005611,넥스글립틴정50밀리그램(시타글립틴염산염수화물),넥스글립틴정50밀리그램(시타글립틴염산염수화물),시타글립틴염산염수화물,(주)바이넥스,False,name_only,True,MFDS nedrug,nedrug.searchDrug,2026-06-12
202300197,"뉴시타글로진정10/100밀리그램(다파글리플로진, 시타글립틴)","뉴시타글로진정10/100밀리그램(다파글리플로진, 시타글립틴)",다파글리플로진프로판디올수화물/시타글립틴인산염수화물,안국뉴팜(주),False,name_only,True,MFDS nedrug,nedrug.searchDrug,2026-06-12
202200210,다글로시타정10/100밀리그램,다글로시타정10/100밀리그램,다파글리플로진프로판디올수화물/시타글립틴인산염수화물,알리코제약(주),False,name_only,True,MFDS nedrug,nedrug.searchDrug,2026-06-12
202300293,"다글립정10/100밀리그램(다파글리플로진, 시타글립틴)","다글립정10/100밀리그램(다파글리플로진, 시타글립틴)",다파글리플로진프로판디올수화물/시타글립틴인산염수화물,(주)이든파마,False,name_only,True,MFDS nedrug,nedrug.searchDrug,2026-06-12
202003187,글레린정5밀리그램(리나글립틴),글레린정5밀리그램(리나글립틴),리나글립틴,(주)이든파마,False,name_only,True,MFDS nedrug,nedrug.searchDrug,2026-06-12
202002013,글로틴정5밀리그램(리나글립틴),글로틴정5밀리그램(리나글립틴),리나글립틴,(주)넥스팜코리아,False,name_only,True,MFDS nedrug,nedrug.searchDrug,2026-06-12
201804141,글루젠타정5밀리그램(리나글립틴),글루젠타정5밀리그램(리나글립틴),리나글립틴,삼천당제약(주),False,name_only,True,MFDS nedrug,nedrug.searchDrug,2026-06-12
201801836,글리젠타정5밀리그램(리나글립틴),글리젠타정5밀리그램(리나글립틴),리나글립틴,아주약품(주),False,name_only,True,MFDS nedrug,nedrug.searchDrug,2026-06-12
202004750,나리젠타정5밀리그램(리나글립틴),나리젠타정5밀리그램(리나글립틴),리나글립틴,(주)팜젠사이언스,False,name_only,True,MFDS nedrug,nedrug.searchDrug,2026-06-12
201906128,뉴라젠타정(리나글립틴),뉴라젠타정(리나글립틴),리나글립틴,대한뉴팜(주),False,name_only,True,MFDS nedrug,nedrug.searchDrug,2026-06-12
202400923,"다파로엘정10/5밀리그램(다파글리플로진프로판디올수화물,리나글립틴)","다파로엘정10/5밀리그램(다파글리플로진프로판디올수화물,리나글립틴)",다파글리플로진프로판디올수화물/리나글립틴(미분화),한림제약(주),False,name_only,True,MFDS nedrug,nedrug.searchDrug,2026-06-12
202400905,"다파리나정(다파글리플로진프로판디올수화물,리나글립틴)","다파리나정(다파글리플로진프로판디올수화물,리나글립틴)",다파글리플로진프로판디올수화물/리나글립틴(미분화),아주약품(주),False,name_only,True,MFDS nedrug,nedrug.searchDrug,2026-06-12
202400937,"다파엔젠타정10/5밀리그램(다파글리플로진,리나글립틴)","다파엔젠타정10/5밀리그램(다파글리플로진,리나글립틴)",다파글리플로진프로판디올수화물/리나글립틴(미분화),에이치케이이노엔(주),False,name_only,True,MFDS nedrug,nedrug.searchDrug,2026-06-12
202000323,동광리나글립틴정5밀리그램,동광리나글립틴정5밀리그램,리나글립틴,동광제약(주),False,name_only,True,MFDS nedrug,nedrug.searchDrug,2026-06-12
201900179,리나그린정5밀리그램(리나글립틴),리나그린정5밀리그램(리나글립틴),리나글립틴,진양제약(주),False,name_only,True,MFDS nedrug,nedrug.searchDrug,2026-06-12
201902440,리나그립정(리나글립틴),리나그립정(리나글립틴),리나글립틴,(주)종근당,False,name_only,True,MFDS nedrug,nedrug.searchDrug,2026-06-12
201803154,리나글로정(리나글립틴),리나글로정(리나글립틴),리나글립틴,한미약품(주),False,name_only,True,MFDS nedrug,nedrug.searchDrug,2026-06-12
201901237,리나글정(리나글립틴),리나글정(리나글립틴),리나글립틴,알리코제약(주),False,name_only,True,MFDS nedrug,nedrug.searchDrug,2026-06-12
202400935,"리나다파지정(다파글리플로진프로판디올수화물,리나글립틴)","리나다파지정(다파글리플로진프로판디올수화물,리나글립틴)",다파글리플로진프로판디올수화물/리나글립틴(미분화),(주)녹십자,False,name_only,True,MFDS nedrug,nedrug.searchDrug,2026-06-12
201903081,리나디아정5밀리그램(리나글립틴),리나디아정5밀리그램(리나글립틴),리나글립틴,동국제약(주),False,name_only,True,MFDS nedrug,nedrug.searchDrug,2026-06-12
201901206,리나디엠정5밀리그램(리나글립틴),리나디엠정5밀리그램(리나글립틴),리나글립틴,동화약품(주),False,name_only,True,MFDS nedrug,nedrug.searchDrug,2026-06-12
201901817,리나디포정5mg(리나글립틴),리나디포정5mg(리나글립틴),리나글립틴,(주)휴온스,False,name_only,True,MFDS nedrug,nedrug.searchDrug,2026-06-12
202105608,광동엠파글로정10밀리그램(엠파글리플로진),광동엠파글로정10밀리그램(엠파글리플로진),엠파글리플로진,광동제약(주),False,name_only,True,MFDS nedrug,nedrug.searchDrug,2026-06-12
202105607,광동엠파글로정25밀리그램(엠파글리플로진),광동엠파글로정25밀리그램(엠파글리플로진),엠파글리플로진,광동제약(주),False,name_only,True,MFDS nedrug,nedrug.searchDrug,2026-06-12
202101825,글리앙정10밀리그램(엠파글리플로진),글리앙정10밀리그램(엠파글리플로진),엠파글리플로진(무정형),국제약품(주),False,name_only,True,MFDS nedrug,nedrug.searchDrug,2026-06-12
202101826,글리앙정25밀리그램(엠파글리플로진),글리앙정25밀리그램(엠파글리플로진),엠파글리플로진(무정형),국제약품(주),False,name_only,True,MFDS nedrug,nedrug.searchDrug,2026-06-12
202105546,네오엠파정10밀리그램(엠파글리플로진),네오엠파정10밀리그램(엠파글리플로진),엠파글리플로진,(주)녹십자,False,name_only,True,MFDS nedrug,nedrug.searchDrug,2026-06-12
202105545,네오엠파정25밀리그램(엠파글리플로진),네오엠파정25밀리그램(엠파글리플로진),엠파글리플로진,(주)녹십자,False,name_only,True,MFDS nedrug,nedrug.searchDrug,2026-06-12
202102107,다이디앙정10밀리그램(엠파글리플로진),다이디앙정10밀리그램(엠파글리플로진),엠파글리플로진,한국휴텍스제약(주),False,name_only,True,MFDS nedrug,nedrug.searchDrug,2026-06-12
202102108,다이디앙정25밀리그램(엠파글리플로진),다이디앙정25밀리그램(엠파글리플로진),엠파글리플로진,한국휴텍스제약(주),False,name_only,True,MFDS nedrug,nedrug.searchDrug,2026-06-12
202503331,"듀비엠파정0.5/10밀리그램(로베글리타존,엠파글리플로진)","듀비엠파정0.5/10밀리그램(로베글리타존,엠파글리플로진)",엠파글리플로진 L-프롤린/로베글리타존황산염,(주)종근당,False,name_only,True,MFDS nedrug,nedrug.searchDrug,2026-06-12
202503330,"듀비엠파정0.5/25밀리그램(로베글리타존,엠파글리플로진)","듀비엠파정0.5/25밀리그램(로베글리타존,엠파글리플로진)",엠파글리플로진 L-프롤린/로베글리타존황산염,(주)종근당,False,name_only,True,MFDS nedrug,nedrug.searchDrug,2026-06-12
202402282,"리나엠파정10/5밀리그램(엠파글리플로진,리나글립틴)","리나엠파정10/5밀리그램(엠파글리플로진,리나글립틴)",리나글립틴(미분화)/엠파글리플로진,(주)녹십자,False,name_only,True,MFDS nedrug,nedrug.searchDrug,2026-06-12
202402281,"리나엠파정25/5밀리그램(엠파글리플로진,리나글립틴)","리나엠파정25/5밀리그램(엠파글리플로진,리나글립틴)",리나글립틴(미분화)/엠파글리플로진,(주)녹십자,False,name_only,True,MFDS nedrug,nedrug.searchDrug,2026-06-12
202501804,"리나칸엠파정10/5밀리그램(엠파글리플로진, 리나글립틴)","리나칸엠파정10/5밀리그램(엠파글리플로진, 리나글립틴)",리나글립틴/엠파글리플로진(무정형),동국제약(주),False,name_only,True,MFDS nedrug,nedrug.searchDrug,2026-06-12
202501803,"리나칸엠파정25/5밀리그램(엠파글리플로진, 리나글립틴)","리나칸엠파정25/5밀리그램(엠파글리플로진, 리나글립틴)",리나글립틴/엠파글리플로진(무정형),동국제약(주),False,name_only,True,MFDS nedrug,nedrug.searchDrug,2026-06-12
202502793,"리나틴엠파정10/5밀리그램(엠파글리플로진,리나글립틴)","리나틴엠파정10/5밀리그램(엠파글리플로진,리나글립틴)",엠파글리플로진/리나글립틴(미분화),제일약품(주),False,name_only,True,MFDS nedrug,nedrug.searchDrug,2026-06-12
202502794,"리나틴엠파정25/5밀리그램(엠파글리플로진,리나글립틴)","리나틴엠파정25/5밀리그램(엠파글리플로진,리나글립틴)",엠파글리플로진/리나글립틴(미분화),제일약품(주),False,name_only,True,MFDS nedrug,nedrug.searchDrug,2026-06-12
202105537,부디앙정10밀리그램(엠파글리플로진),부디앙정10밀리그램(엠파글리플로진),엠파글리플로진,부광약품(주),False,name_only,True,MFDS nedrug,nedrug.searchDrug,2026-06-12
202105536,부디앙정25밀리그램(엠파글리플로진),부디앙정25밀리그램(엠파글리플로진),엠파글리플로진,부광약품(주),False,name_only,True,MFDS nedrug,nedrug.searchDrug,2026-06-12
202105908,셀파엠정10밀리그램(엠파글리플로진),셀파엠정10밀리그램(엠파글리플로진),엠파글리플로진,(주)셀트리온제약,False,name_only,True,MFDS nedrug,nedrug.searchDrug,2026-06-12
202105907,셀파엠정25밀리그램(엠파글리플로진),셀파엠정25밀리그램(엠파글리플로진),엠파글리플로진,(주)셀트리온제약,False,name_only,True,MFDS nedrug,nedrug.searchDrug,2026-06-12
202502161,"알리엠정10/5밀리그램(엠파글리플로진,리나글립틴)","알리엠정10/5밀리그램(엠파글리플로진,리나글립틴)",엠파글리플로진(무정형)/리나글립틴(미분화),알리코제약(주),False,name_only,True,MFDS nedrug,nedrug.searchDrug,2026-06-12
202502160,"알리엠정25/5밀리그램(엠파글리플로진,리나글립틴)","알리엠정25/5밀리그램(엠파글리플로진,리나글립틴)",엠파글리플로진(무정형)/리나글립틴(미분화),알리코제약(주),False,name_only,True,MFDS nedrug,nedrug.searchDrug,2026-06-12
202502936,"에스글리엠정10/5밀리그램(엠파글리플로진, 리나글립틴베실산염)","에스글리엠정10/5밀리그램(엠파글리플로진, 리나글립틴베실산염)",엠파글리플로진/리나글립틴베실산염,(주)마더스제약,False,name_only,True,MFDS nedrug,nedrug.searchDrug,2026-06-12
202502935,"에스글리엠정25/5밀리그램(엠파글리플로진, 리나글립틴베실산염)","에스글리엠정25/5밀리그램(엠파글리플로진, 리나글립틴베실산염)",엠파글리플로진/리나글립틴베실산염,(주)마더스제약,False,name_only,True,MFDS nedrug,nedrug.searchDrug,2026-06-12
201701586,에스글리토정10/5밀리그램,에스글리토정10/5밀리그램,엠파글리플로진/리나글립틴,한국베링거인겔하임(주),False,name_only,True,MFDS nedrug,nedrug.searchDrug,2026-06-12
201701587,에스글리토정25/5밀리그램,에스글리토정25/5밀리그램,엠파글리플로진/리나글립틴,한국베링거인겔하임(주),False,name_only,True,MFDS nedrug,nedrug.searchDrug,2026-06-12
202502451,"에스엠파정10/5밀리그램(엠파글리플로진,리나글립틴)","에스엠파정10/5밀리그램(엠파글리플로진,리나글립틴)",리나글립틴(미분화)/엠파글리플로진(무정형),대웅바이오(주),False,name_only,True,MFDS nedrug,nedrug.searchDrug,2026-06-12
202502185,"에스엠파정25/5밀리그램(엠파글리플로진,리나글립틴)","에스엠파정25/5밀리그램(엠파글리플로진,리나글립틴)",리나글립틴(미분화)/엠파글리플로진(무정형),대웅바이오(주),False,name_only,True,MFDS nedrug,nedrug.searchDrug,2026-06-12
202502188,"엔글리나정10/5밀리그램(엠파글리플로진, 리나글립틴)","엔글리나정10/5밀리그램(엠파글리플로진, 리나글립틴)",리나글립틴(미분화)/엠파글리플로진(무정형),대화제약(주),False,name_only,True,MFDS nedrug,nedrug.searchDrug,2026-06-12
202501684,"엔글리나정25/5밀리그램(엠파글리플로진, 리나글립틴)","엔글리나정25/5밀리그램(엠파글리플로진, 리나글립틴)",리나글립틴(미분화)/엠파글리플로진(무정형),대화제약(주),False,name_only,True,MFDS nedrug,nedrug.searchDrug,2026-06-12
202200945,글루다파정10밀리그램(다파글리플로진프로판디올수화물),글루다파정10밀리그램(다파글리플로진프로판디올수화물),다파글리플로진프로판디올수화물,한올바이오파마(주),False,name_only,True,MFDS nedrug,nedrug.searchDrug,2026-06-12
202200944,글루다파정5밀리그램(다파글리플로진프로판디올수화물),글루다파정5밀리그램(다파글리플로진프로판디올수화물),다파글리플로진프로판디올수화물,한올바이오파마(주),False,name_only,True,MFDS nedrug,nedrug.searchDrug,2026-06-12
202204126,글리플로정10밀리그램(다파글리플로진프로판디올수화물),글리플로정10밀리그램(다파글리플로진프로판디올수화물),다파글리플로진프로판디올수화물,대우제약(주),False,name_only,True,MFDS nedrug,nedrug.searchDrug,2026-06-12
202202299,네오다파정10밀리그램(다파글리플로진프로판디올수화물),네오다파정10밀리그램(다파글리플로진프로판디올수화물),다파글리플로진프로판디올수화물,(주)녹십자,False,name_only,True,MFDS nedrug,nedrug.searchDrug,2026-06-12
202204364,네오다파정5밀리그램(다파글리플로진프로판디올수화물),네오다파정5밀리그램(다파글리플로진프로판디올수화물),다파글리플로진프로판디올수화물,(주)녹십자,False,name_only,True,MFDS nedrug,nedrug.searchDrug,2026-06-12
202202198,뉴시가정10밀리그램(다파글리플로진프로판디올수화물),뉴시가정10밀리그램(다파글리플로진프로판디올수화물),다파글리플로진프로판디올수화물,(주)유유제약,False,name_only,True,MFDS nedrug,nedrug.searchDrug,2026-06-12
202204210,뉴팜다파글리플로진정5밀리그램(다파글리플로진프로판디올수화물),뉴팜다파글리플로진정5밀리그램(다파글리플로진프로판디올수화물),다파글리플로진프로판디올수화물,안국뉴팜(주),False,name_only,True,MFDS nedrug,nedrug.searchDrug,2026-06-12
202202179,뉴팜다파글리플로진정10밀리그램(다파글리플로진프로판디올수화물),뉴팜다파글리플로진정10밀리그램(다파글리플로진프로판디올수화물),다파글리플로진프로판디올수화물,안국뉴팜(주),False,name_only,True,MFDS nedrug,nedrug.searchDrug,2026-06-12
202200913,다글로진정10밀리그램(다파글리플로진프로판디올수화물),다글로진정10밀리그램(다파글리플로진프로판디올수화물),다파글리플로진프로판디올수화물,알리코제약(주),False,name_only,True,MFDS nedrug,nedrug.searchDrug,2026-06-12
202200929,다글로진정5밀리그램(다파글리플로진프로판디올수화물),다글로진정5밀리그램(다파글리플로진프로판디올수화물),다파글리플로진프로판디올수화물,알리코제약(주),False,name_only,True,MFDS nedrug,nedrug.searchDrug,2026-06-12
202300271,다누시가정10/100밀리그램,다누시가정10/100밀리그램,다파글리플로진프로판디올수화물/시타글립틴인산염수화물,주식회사케이에스제약,False,name_only,True,MFDS nedrug,nedrug.searchDrug,2026-06-12
202301577,"다시디엠정10/100밀리그램(다파글리플로진,시타글립틴)","다시디엠정10/100밀리그램(다파글리플로진,시타글립틴)",시타글립틴인산염수화물/다파글리플로진프로판디올수화물,동화약품(주),False,name_only,True,MFDS nedrug,nedrug.searchDrug,2026-06-12
202300417,"다콤시타정10/100밀리그램(다파글리플로진, 시타글립틴)","다콤시타정10/100밀리그램(다파글리플로진, 시타글립틴)",시타글립틴인산염수화물/다파글리플로진프로판디올수화물,광동제약(주),False,name_only,True,MFDS nedrug,nedrug.searchDrug,2026-06-12
202300422,다파가정10밀리그램(다파글리플로진프로판디올수화물),다파가정10밀리그램(다파글리플로진프로판디올수화물),다파글리플로진프로판디올수화물,(주)이든파마,False,name_only,True,MFDS nedrug,nedrug.searchDrug,2026-06-12
202200065,다파그린에스정10/100밀리그램,다파그린에스정10/100밀리그램,다파글리플로진프로판디올수화물/시타글립틴인산염수화물,진양제약(주),False,name_only,True,MFDS nedrug,nedrug.searchDrug,2026-06-12
202300420,다파그린정10밀리그램(다파글리플로진프로판디올수화물),다파그린정10밀리그램(다파글리플로진프로판디올수화물),다파글리플로진프로판디올수화물,진양제약(주),False,name_only,True,MFDS nedrug,nedrug.searchDrug,2026-06-12
202300421,다파그린정5밀리그램(다파글리플로진프로판디올수화물),다파그린정5밀리그램(다파글리플로진프로판디올수화물),다파글리플로진프로판디올수화물,진양제약(주),False,name_only,True,MFDS nedrug,nedrug.searchDrug,2026-06-12
202300664,다파그린지정10/4밀리그램,다파그린지정10/4밀리그램,다파글리플로진프로판디올수화물/글리메피리드,진양제약(주),False,name_only,True,MFDS nedrug,nedrug.searchDrug,2026-06-12
202203754,다파글루정10밀리그램(다파글리플로진프로판디올수화물),다파글루정10밀리그램(다파글리플로진프로판디올수화물),다파글리플로진프로판디올수화물,(주)일화,False,name_only,True,MFDS nedrug,nedrug.searchDrug,2026-06-12
202300411,다파글리엠정10밀리그램(다파글리플로진프로판디올수화물),다파글리엠정10밀리그램(다파글리플로진프로판디올수화물),다파글리플로진프로판디올수화물,(주)마더스제약,False,name_only,True,MFDS nedrug,nedrug.searchDrug,2026-06-12
202300412,다파글리엠정5밀리그램(다파글리플로진프로판디올수화물),다파글리엠정5밀리그램(다파글리플로진프로판디올수화물),다파글리플로진프로판디올수화물,(주)마더스제약,False,name_only,True,MFDS nedrug,nedrug.searchDrug,2026-06-12
202204513,다파글립정10/100밀리그램,다파글립정10/100밀리그램,다파글리플로진프로판디올수화물/시타글립틴인산염수화물,지엘파마(주),False,name_only,True,MFDS nedrug,nedrug.searchDrug,2026-06-12
202200489,다파글립틴정10/100밀리그램,다파글립틴정10/100밀리그램,시타글립틴염산염수화물/다파글리플로진시트르산(미분화),일성아이에스(주),False,name_only,True,MFDS nedrug,nedrug.searchDrug,2026-06-12
202200216,"다파글시타정10/100밀리그램(다파글리플로진프로판디올수화물, 시타글립틴인산염수화물)","다파글시타정10/100밀리그램(다파글리플로진프로판디올수화물, 시타글립틴인산염수화물)",다파글리플로진프로판디올수화물/시타글립틴인산염수화물,(주)메디카코리아,False,name_only,True,MFDS nedrug,nedrug.searchDrug,2026-06-12
202300379,다파글정10밀리그램(다파글리플로진프로판디올수화물),다파글정10밀리그램(다파글리플로진프로판디올수화물),다파글리플로진프로판디올수화물,(주)메디카코리아,False,name_only,True,MFDS nedrug,nedrug.searchDrug,2026-06-12
202300644,"다파듀시타정10/100밀리그램(다파글리플로진프로판디올수화물,시타글립틴인산염수화물)","다파듀시타정10/100밀리그램(다파글리플로진프로판디올수화물,시타글립틴인산염수화물)",다파글리플로진프로판디올수화물/시타글립틴인산염수화물,코스맥스파마(주),False,name_only,True,MFDS nedrug,nedrug.searchDrug,2026-06-12
202200042,다파듀오정10/100밀리그램,다파듀오정10/100밀리그램,다파글리플로진프로판디올수화물/시타글립틴인산염수화물,대우제약(주),False,name_only,True,MFDS nedrug,nedrug.searchDrug,2026-06-12
202200564,다파디정10밀리그램(다파글리플로진프로판디올수화물),다파디정10밀리그램(다파글리플로진프로판디올수화물),다파글리플로진프로판디올수화물,구주제약(주),False,name_only,True,MFDS nedrug,nedrug.searchDrug,2026-06-12
202201026,다파디정5밀리그램(다파글리플로진프로판디올수화물),다파디정5밀리그램(다파글리플로진프로판디올수화물),다파글리플로진프로판디올수화물,구주제약(주),False,name_only,True,MFDS nedrug,nedrug.searchDrug,2026-06-12
202200492,"다파로에스정10/100밀리그램(다파글리플로진시트르산, 시타글립틴염산염수화물)","다파로에스정10/100밀리그램(다파글리플로진시트르산, 시타글립틴염산염수화물)",시타글립틴염산염수화물/다파글리플로진시트르산(미분화),한림제약(주),False,name_only,True,MFDS nedrug,nedrug.searchDrug,2026-06-12
199401029,노디아렉스정(글리클라지드),노디아렉스정(글리클라지드),글리클라지드,삼남제약(주),False,name_only,True,MFDS nedrug,nedrug.searchDrug,2026-06-12
200806454,디아미크롱서방정(글리클라지드),디아미크롱서방정(글리클라지드),글리클라지드,한국세르비에(주),False,name_only,True,MFDS nedrug,nedrug.searchDrug,2026-06-12
201004772,디아미크롱서방정60밀리그램(글리클라지드),디아미크롱서방정60밀리그램(글리클라지드),글리클라지드,한국세르비에(주),False,name_only,True,MFDS nedrug,nedrug.searchDrug,2026-06-12
199100969,삼천당글리클라짓정(글리클라지드),삼천당글리클라짓정(글리클라지드),글리클라지드,삼천당제약(주),False,name_only,True,MFDS nedrug,nedrug.searchDrug,2026-06-12
199202050,신일글리클라짓정(글리클라지드),신일글리클라짓정(글리클라지드),글리클라지드,신일제약(주),False,name_only,True,MFDS nedrug,nedrug.searchDrug,2026-06-12
200402407,이텍스글리클라짓정,이텍스글리클라짓정,글리클라지드,(주)테라젠이텍스,False,name_only,True,MFDS nedrug,nedrug.searchDrug,2026-06-12
200704769,국제피오글리타존정(피오글리타존염산염),국제피오글리타존정(피오글리타존염산염),피오글리타존염산염,국제약품(주),False,name_only,True,MFDS nedrug,nedrug.searchDrug,2026-06-12
201801324,국제피오글리타존정30밀리그램(피오글리타존염산염),국제피오글리타존정30밀리그램(피오글리타존염산염),피오글리타존염산염,국제약품(주),False,name_only,True,MFDS nedrug,nedrug.searchDrug,2026-06-12
200703873,그루타존정15밀리그램(피오글리타존염산염),그루타존정15밀리그램(피오글리타존염산염),피오글리타존염산염,한국넬슨제약(주),False,name_only,True,MFDS nedrug,nedrug.searchDrug,2026-06-12
200710496,그리타존정15밀리그램(피오글리타존염산염),그리타존정15밀리그램(피오글리타존염산염),피오글리타존염산염,일동제약(주),False,name_only,True,MFDS nedrug,nedrug.searchDrug,2026-06-12
200708367,그리핀정(피오글리타존염산염),그리핀정(피오글리타존염산염),피오글리타존염산염,삼익제약(주),False,name_only,True,MFDS nedrug,nedrug.searchDrug,2026-06-12
201905085,그리핀정30밀리그램(피오글리타존염산염),그리핀정30밀리그램(피오글리타존염산염),피오글리타존염산염,삼익제약(주),False,name_only,True,MFDS nedrug,nedrug.searchDrug,2026-06-12
200702697,글레존정(피오글리타존염산염),글레존정(피오글리타존염산염),피오글리타존염산염,삼진제약(주),False,name_only,True,MFDS nedrug,nedrug.searchDrug,2026-06-12
200703870,글루스탑정(피오글리타존염산염),글루스탑정(피오글리타존염산염),피오글리타존염산염,(주)셀트리온제약,False,name_only,True,MFDS nedrug,nedrug.searchDrug,2026-06-12
201903743,글루스탑정30밀리그램(피오글리타존염산염),글루스탑정30밀리그램(피오글리타존염산염),피오글리타존염산염,(주)셀트리온제약,False,name_only,True,MFDS nedrug,nedrug.searchDrug,2026-06-12
200704316,글루타존정(피오글리타존염산염),글루타존정(피오글리타존염산염),피오글리타존염산염,(주)일화,False,name_only,True,MFDS nedrug,nedrug.searchDrug,2026-06-12
202003902,글루피오정15밀리그램(피오글리타존염산염),글루피오정15밀리그램(피오글리타존염산염),피오글리타존염산염,(주)팜젠사이언스,False,name_only,True,MFDS nedrug,nedrug.searchDrug,2026-06-12
201802982,글리디아정15밀리그램(피오글리타존염산염),글리디아정15밀리그램(피오글리타존염산염),피오글리타존염산염,(주)다산제약,False,name_only,True,MFDS nedrug,nedrug.searchDrug,2026-06-12
200704960,글리액트정(피오글리타존염산염),글리액트정(피오글리타존염산염),피오글리타존염산염,명문제약(주),False,name_only,True,MFDS nedrug,nedrug.searchDrug,2026-06-12
200703230,글리타정(피오글리타존염산염),글리타정(피오글리타존염산염),피오글리타존염산염,풍림무약(주),False,name_only,True,MFDS nedrug,nedrug.searchDrug,2026-06-12
200703261,글리타존정(피오글리타존염산염),글리타존정(피오글리타존염산염),피오글리타존염산염,유니메드제약(주),False,name_only,True,MFDS nedrug,nedrug.searchDrug,2026-06-12
202303455,"네시나액트정25/15밀리그램(알로글립틴벤조산염,피오글리타존염산염)","네시나액트정25/15밀리그램(알로글립틴벤조산염,피오글리타존염산염)",알로글립틴 벤조산염/피오글리타존염산염,(주)셀트리온제약,False,name_only,True,MFDS nedrug,nedrug.searchDrug,2026-06-12
202303456,"네시나액트정25/30밀리그램(알로글립틴벤조산염,피오글리타존염산염)","네시나액트정25/30밀리그램(알로글립틴벤조산염,피오글리타존염산염)",알로글립틴 벤조산염/피오글리타존염산염,(주)셀트리온제약,False,name_only,True,MFDS nedrug,nedrug.searchDrug,2026-06-12
200906578,뉴피오정(피오글리타존염산염),뉴피오정(피오글리타존염산염),피오글리타존염산염,하나제약(주),False,name_only,True,MFDS nedrug,nedrug.searchDrug,2026-06-12
202400231,"다파피오정10/15밀리그램(다파글리플로진,피오글리타존)","다파피오정10/15밀리그램(다파글리플로진,피오글리타존)",다파글리플로진프로판디올수화물/피오글리타존염산염,대웅바이오(주),False,name_only,True,MFDS nedrug,nedrug.searchDrug,2026-06-12
202400232,"다파피오정10/30밀리그램(다파글리플로진,피오글리타존)","다파피오정10/30밀리그램(다파글리플로진,피오글리타존)",다파글리플로진프로판디올수화물/피오글리타존염산염,대웅바이오(주),False,name_only,True,MFDS nedrug,nedrug.searchDrug,2026-06-12
200707250,대웅피오글리타존정15밀리그램(피오글리타존염산염),대웅피오글리타존정15밀리그램(피오글리타존염산염),피오글리타존염산염,대웅바이오(주),False,name_only,True,MFDS nedrug,nedrug.searchDrug,2026-06-12
201904309,대웅피오글리타존정30밀리그램(피오글리타존염산염),대웅피오글리타존정30밀리그램(피오글리타존염산염),피오글리타존염산염,대웅바이오(주),False,name_only,True,MFDS nedrug,nedrug.searchDrug,2026-06-12
202302837,"듀글로우정10/15밀리그램(다파글리플로진프로판디올수화물,피오글리타존염산염)","듀글로우정10/15밀리그램(다파글리플로진프로판디올수화물,피오글리타존염산염)",다파글리플로진프로판디올수화물/피오글리타존염산염,제일약품(주),False,name_only,True,MFDS nedrug,nedrug.searchDrug,2026-06-12
202400224,"듀글로우정10/30밀리그램(다파글리플로진프로판디올수화물,피오글리타존염산염)","듀글로우정10/30밀리그램(다파글리플로진프로판디올수화물,피오글리타존염산염)",다파글리플로진프로판디올수화물/피오글리타존염산염,제일약품(주),False,name_only,True,MFDS nedrug,nedrug.searchDrug,2026-06-12
202002149,메가피오정15밀리그램(피오글리타존염산염),메가피오정15밀리그램(피오글리타존염산염),피오글리타존염산염,(주)엘앤씨바이오,False,name_only,True,MFDS nedrug,nedrug.searchDrug,2026-06-12
202302365,"시타디온정100/15밀리그램(시타글립틴인산염수화물,피오글리타존염산염)","시타디온정100/15밀리그램(시타글립틴인산염수화물,피오글리타존염산염)",시타글립틴인산염수화물/피오글리타존염산염,(주)마더스제약,False,name_only,True,MFDS nedrug,nedrug.searchDrug,2026-06-12
202302357,"시타디온정100/30밀리그램(시타글립틴인산염수화물,피오글리타존염산염)","시타디온정100/30밀리그램(시타글립틴인산염수화물,피오글리타존염산염)",시타글립틴인산염수화물/피오글리타존염산염,(주)마더스제약,False,name_only,True,MFDS nedrug,nedrug.searchDrug,2026-06-12
202302262,"시타액트정100/15밀리그램(시타글립틴,피오글리타존)","시타액트정100/15밀리그램(시타글립틴,피오글리타존)",시타글립틴인산염수화물/피오글리타존염산염,대우제약(주),False,name_only,True,MFDS nedrug,nedrug.searchDrug,2026-06-12
202302261,"시타액트정100/30밀리그램(시타글립틴,피오글리타존)","시타액트정100/30밀리그램(시타글립틴,피오글리타존)",시타글립틴인산염수화물/피오글리타존염산염,대우제약(주),False,name_only,True,MFDS nedrug,nedrug.searchDrug,2026-06-12
202302298,"시타피오정100/15밀리그램(시타글립틴인산염수화물,피오글리타존염산염)","시타피오정100/15밀리그램(시타글립틴인산염수화물,피오글리타존염산염)",시타글립틴인산염수화물/피오글리타존염산염,현대약품(주),False,name_only,True,MFDS nedrug,nedrug.searchDrug,2026-06-12
202201616,경남세티리진정(세티리진염산염),경남세티리진정(세티리진염산염),세티리진염산염,경남제약(주),False,name_only,True,MFDS nedrug,nedrug.searchDrug,2026-06-12
200803434,기스톱정(세티리진염산염),기스톱정(세티리진염산염),세티리진염산염,(주)아이월드제약,False,name_only,True,MFDS nedrug,nedrug.searchDrug,2026-06-12
199803133,나노텍정(세티리진염산염),나노텍정(세티리진염산염),세티리진염산염,초당약품공업(주),False,name_only,True,MFDS nedrug,nedrug.searchDrug,2026-06-12
200806913,네오세틴액(레보세티리진염산염),네오세틴액(레보세티리진염산염),레보세티리진염산염,삼아제약(주),False,name_only,True,MFDS nedrug,nedrug.searchDrug,2026-06-12
200805265,네오세틴정(레보세티리진염산염),네오세틴정(레보세티리진염산염),레보세티리진염산염,삼아제약(주),False,name_only,True,MFDS nedrug,nedrug.searchDrug,2026-06-12
201405423,네티진정(레보세티리진염산염),네티진정(레보세티리진염산염),레보세티리진염산염,(주)킵스바이오파마,False,name_only,True,MFDS nedrug,nedrug.searchDrug,2026-06-12
202104802,노즈텍정(세티리진염산염),노즈텍정(세티리진염산염),세티리진염산염,(주)시어스제약,False,name_only,True,MFDS nedrug,nedrug.searchDrug,2026-06-12
200102527,노텍정(세티리진염산염),노텍정(세티리진염산염),세티리진염산염,미래바이오제약(주),False,name_only,True,MFDS nedrug,nedrug.searchDrug,2026-06-12
201800071,뉴세레틴정(레보세티리진염산염),뉴세레틴정(레보세티리진염산염),레보세티리진염산염,안국뉴팜(주),False,name_only,True,MFDS nedrug,nedrug.searchDrug,2026-06-12
202502742,동아제약알지원큐연질캡슐(세티리진염산염),동아제약알지원큐연질캡슐(세티리진염산염),세티리진염산염,동아제약(주),False,name_only,True,MFDS nedrug,nedrug.searchDrug,2026-06-12
202400028,러지엔톡액(세티리진염산염),러지엔톡액(세티리진염산염),세티리진염산염,대원바이오텍주식회사,False,name_only,True,MFDS nedrug,nedrug.searchDrug,2026-06-12
199802009,러지텍정(세티리진염산염),러지텍정(세티리진염산염),세티리진염산염,하이플생명과학(주),False,name_only,True,MFDS nedrug,nedrug.searchDrug,2026-06-12
202001353,레로진정(레보세티리진염산염),레로진정(레보세티리진염산염),레보세티리진염산염,(주)넥스팜코리아,False,name_only,True,MFDS nedrug,nedrug.searchDrug,2026-06-12
201907892,레리진액(레보세티리진염산염),레리진액(레보세티리진염산염),레보세티리진염산염,(주)유한양행,False,name_only,True,MFDS nedrug,nedrug.searchDrug,2026-06-12
201907900,레리진정5밀리그램(레보세티리진염산염),레리진정5밀리그램(레보세티리진염산염),레보세티리진염산염,(주)유한양행,False,name_only,True,MFDS nedrug,nedrug.searchDrug,2026-06-12
200807986,레보네스정(레보세티리진염산염),레보네스정(레보세티리진염산염),레보세티리진염산염,(주)제뉴파마,False,name_only,True,MFDS nedrug,nedrug.searchDrug,2026-06-12
202302490,"레보루카정(몬테루카스트나트륨,레보세티리진염산염)","레보루카정(몬테루카스트나트륨,레보세티리진염산염)",몬테루카스트나트륨/레보세티리진염산염,(주)제뉴파마,False,name_only,True,MFDS nedrug,nedrug.searchDrug,2026-06-12
202302551,"레보몬정(몬테루카스트나트륨, 레보세티리진염산염)","레보몬정(몬테루카스트나트륨, 레보세티리진염산염)",몬테루카스트나트륨/레보세티리진염산염,(주)휴온스,False,name_only,True,MFDS nedrug,nedrug.searchDrug,2026-06-12
202002051,레보세딘정5밀리그램(레보세티리진염산염),레보세딘정5밀리그램(레보세티리진염산염),레보세티리진염산염,한국신텍스제약(주),False,name_only,True,MFDS nedrug,nedrug.searchDrug,2026-06-12
200807052,레보세린액(레보세티리진염산염),레보세린액(레보세티리진염산염),레보세티리진염산염,영진약품(주),False,name_only,True,MFDS nedrug,nedrug.searchDrug,2026-06-12
200906585,레보세린정(레보세티리진염산염),레보세린정(레보세티리진염산염),레보세티리진염산염,영진약품(주),False,name_only,True,MFDS nedrug,nedrug.searchDrug,2026-06-12
200713679,레보세잘정5밀리그램(레보세티리진염산염),레보세잘정5밀리그램(레보세티리진염산염),레보세티리진염산염,동광제약(주),False,name_only,True,MFDS nedrug,nedrug.searchDrug,2026-06-12
201602239,레보세진정5밀리그램(레보세티리진염산염),레보세진정5밀리그램(레보세티리진염산염),레보세티리진염산염,진양제약(주),False,name_only,True,MFDS nedrug,nedrug.searchDrug,2026-06-12
201300152,레보세탄정(레보세티리진염산염),레보세탄정(레보세티리진염산염),레보세티리진염산염,(주)테라젠이텍스,False,name_only,True,MFDS nedrug,nedrug.searchDrug,2026-06-12
201504834,레보세트린액(레보세티리진염산염),레보세트린액(레보세티리진염산염),레보세티리진염산염,한국휴텍스제약(주),False,name_only,True,MFDS nedrug,nedrug.searchDrug,2026-06-12
201308400,레보세트린정(레보세티리진염산염),레보세트린정(레보세티리진염산염),레보세티리진염산염,한국휴텍스제약(주),False,name_only,True,MFDS nedrug,nedrug.searchDrug,2026-06-12
200806919,레보세티린액(레보세티리진염산염),레보세티린액(레보세티리진염산염),레보세티리진염산염,한국유니온제약(주),False,name_only,True,MFDS nedrug,nedrug.searchDrug,2026-06-12
200809649,레보세티정(레보세티리진염산염),레보세티정(레보세티리진염산염),레보세티리진염산염,영풍제약(주),False,name_only,True,MFDS nedrug,nedrug.searchDrug,2026-06-12
201906581,레보실잔액(레보세티리진염산염),레보실잔액(레보세티리진염산염),레보세티리진염산염,성원애드콕제약(주),False,name_only,True,MFDS nedrug,nedrug.searchDrug,2026-06-12
202302488,"레보카스정(몬테루카스트나트륨,레보세티리진염산염)","레보카스정(몬테루카스트나트륨,레보세티리진염산염)",몬테루카스트나트륨/레보세티리진염산염,(주)동구바이오제약,False,name_only,True,MFDS nedrug,nedrug.searchDrug,2026-06-12
201401997,레보코나진정(레보세티리진염산염),레보코나진정(레보세티리진염산염),레보세티리진염산염,알리코제약(주),False,name_only,True,MFDS nedrug,nedrug.searchDrug,2026-06-12
200807233,레보코트액(레보세티리진염산염),레보코트액(레보세티리진염산염),레보세티리진염산염,코오롱제약(주),False,name_only,True,MFDS nedrug,nedrug.searchDrug,2026-06-12
200805421,레보코트정5밀리그램(레보세티리진염산염),레보코트정5밀리그램(레보세티리진염산염),레보세티리진염산염,코오롱제약(주),False,name_only,True,MFDS nedrug,nedrug.searchDrug,2026-06-12
200803721,레보큐정(레보세티리진염산염),레보큐정(레보세티리진염산염),레보세티리진염산염,광동제약(주),False,name_only,True,MFDS nedrug,nedrug.searchDrug,2026-06-12
201700463,레보트리진정(레보세티리진염산염),레보트리진정(레보세티리진염산염),레보세티리진염산염,동국제약(주),False,name_only,True,MFDS nedrug,nedrug.searchDrug,2026-06-12
201405631,레보티진정(레보세티리진염산염),레보티진정(레보세티리진염산염),레보세티리진염산염,대한뉴팜(주),False,name_only,True,MFDS nedrug,nedrug.searchDrug,2026-06-12
200809465,레보틸정(레보세티리진염산염),레보틸정(레보세티리진염산염),레보세티리진염산염,명문제약(주),False,name_only,True,MFDS nedrug,nedrug.searchDrug,2026-06-12
201903600,레세린액(레보세티리진염산염),레세린액(레보세티리진염산염),레보세티리진염산염,독립바이오제약(주),False,name_only,True,MFDS nedrug,nedrug.searchDrug,2026-06-12
201903601,레세린정(레보세티리진염산염),레세린정(레보세티리진염산염),레보세티리진염산염,독립바이오제약(주),False,name_only,True,MFDS nedrug,nedrug.searchDrug,2026-06-12
200807018,레세티잘액(레보세티리진염산염),레세티잘액(레보세티리진염산염),레보세티리진염산염,(주)종근당,False,name_only,True,MFDS nedrug,nedrug.searchDrug,2026-06-12
200805680,레세티잘정(레보세티리진염산염),레세티잘정(레보세티리진염산염),레보세티리진염산염,(주)종근당,False,name_only,True,MFDS nedrug,nedrug.searchDrug,2026-06-12
201503771,레세티정(레보세티리진염산염),레세티정(레보세티리진염산염),레보세티리진염산염,(주)셀릭스,False,name_only,True,MFDS nedrug,nedrug.searchDrug,2026-06-12
200807989,레티라진정(레보세티리진염산염),레티라진정(레보세티리진염산염),레보세티리진염산염,위더스제약(주),False,name_only,True,MFDS nedrug,nedrug.searchDrug,2026-06-12
200804288,레티리진정(레보세티리진염산염),레티리진정(레보세티리진염산염),레보세티리진염산염,동화약품(주),False,name_only,True,MFDS nedrug,nedrug.searchDrug,2026-06-12
200805122,레티린정(레보세티리진염산염),레티린정(레보세티리진염산염),레보세티리진염산염,에이치엘비제약(주),False,name_only,True,MFDS nedrug,nedrug.searchDrug,2026-06-12
200806733,레티신액(레보세티리진염산염),레티신액(레보세티리진염산염),레보세티리진염산염,동성제약(주),False,name_only,True,MFDS nedrug,nedrug.searchDrug,2026-06-12
200805290,레티신정(레보세티리진염산염),레티신정(레보세티리진염산염),레보세티리진염산염,동성제약(주),False,name_only,True,MFDS nedrug,nedrug.searchDrug,2026-06-12
200803641,레티잘정(레보세티리진염산염),레티잘정(레보세티리진염산염),레보세티리진염산염,알보젠코리아(주),False,name_only,True,MFDS nedrug,nedrug.searchDrug,2026-06-12
201306549,레티정(레보세티리진염산염),레티정(레보세티리진염산염),레보세티리진염산염,(주)일화,False,name_only,True,MFDS nedrug,nedrug.searchDrug,2026-06-12
200805175,레티진정(레보세티리진염산염),레티진정(레보세티리진염산염),레보세티리진염산염,(주)동구바이오제약,False,name_only,True,MFDS nedrug,nedrug.searchDrug,2026-06-12
201500181,렙세틴정(레보세티리진염산염),렙세틴정(레보세티리진염산염),레보세티리진염산염,(주)마더스제약,False,name_only,True,MFDS nedrug,nedrug.searchDrug,2026-06-12
200806782,렙티진액(레보세티리진염산염),렙티진액(레보세티리진염산염),레보세티리진염산염,한화제약(주),False,name_only,True,MFDS nedrug,nedrug.searchDrug,2026-06-12
200713591,렙티진정(레보세티리진 염산염),렙티진정(레보세티리진 염산염),레보세티리진염산염,한화제약(주),False,name_only,True,MFDS nedrug,nedrug.searchDrug,2026-06-12
202302518,"루카레보정(몬테루카스트나트륨, 레보세티리진염산염)","루카레보정(몬테루카스트나트륨, 레보세티리진염산염)",몬테루카스트나트륨/레보세티리진염산염,(주)바이넥스,False,name_only,True,MFDS nedrug,nedrug.searchDrug,2026-06-12
200805089,맥씨정(레보세티리진염산염),맥씨정(레보세티리진염산염),레보세티리진염산염,맥널티제약(주),False,name_only,True,MFDS nedrug,nedrug.searchDrug,2026-06-12
202000057,메가세티리정(레보세티리진염산염),메가세티리정(레보세티리진염산염),레보세티리진염산염,(주)엘앤씨바이오,False,name_only,True,MFDS nedrug,nedrug.searchDrug,2026-06-12
202303017,"몬카리진정(몬테루카스트나트륨, 레보세티리진염산염)","몬카리진정(몬테루카스트나트륨, 레보세티리진염산염)",몬테루카스트나트륨/레보세티리진염산염,현대약품(주),False,name_only,True,MFDS nedrug,nedrug.searchDrug,2026-06-12
202302552,"몬테듀오정(몬테루카스트나트륨, 레보세티리진염산염)","몬테듀오정(몬테루카스트나트륨, 레보세티리진염산염)",몬테루카스트나트륨/레보세티리진염산염,(주)보령,False,name_only,True,MFDS nedrug,nedrug.searchDrug,2026-06-12
202302726,"몬테라젠정10/5밀리그램(몬테루카스트,레보세티리진)","몬테라젠정10/5밀리그램(몬테루카스트,레보세티리진)",레보세티리진염산염/몬테루카스트나트륨,(주)테라젠이텍스,False,name_only,True,MFDS nedrug,nedrug.searchDrug,2026-06-12
202302489,"몬테레보정(몬테루카스트나트륨,레보세티리진염산염)","몬테레보정(몬테루카스트나트륨,레보세티리진염산염)",몬테루카스트나트륨/레보세티리진염산염,대웅바이오(주),False,name_only,True,MFDS nedrug,nedrug.searchDrug,2026-06-12
199802138,넬슨로라타딘정,넬슨로라타딘정,로라타딘,한국넬슨제약(주),False,name_only,True,MFDS nedrug,nedrug.searchDrug,2026-06-12
199701227,노타민정(로라타딘),노타민정(로라타딘),로라타딘,안국약품(주),False,name_only,True,MFDS nedrug,nedrug.searchDrug,2026-06-12
200001184,로다인정(로라타딘),로다인정(로라타딘),로라타딘,동성제약(주),False,name_only,True,MFDS nedrug,nedrug.searchDrug,2026-06-12
201507693,로라딘연질캡슐(로라타딘),로라딘연질캡슐(로라타딘),로라타딘,한솔신약(주),False,name_only,True,MFDS nedrug,nedrug.searchDrug,2026-06-12
202302370,로라샷연질캡슐(로라타딘),로라샷연질캡슐(로라타딘),로라타딘,(주)에이프로젠바이오로직스,False,name_only,True,MFDS nedrug,nedrug.searchDrug,2026-06-12
201404206,로라젠정(로라타딘),로라젠정(로라타딘),로라타딘,(주)셀릭스,False,name_only,True,MFDS nedrug,nedrug.searchDrug,2026-06-12
199702177,로리딘정(로라타딘),로리딘정(로라타딘),로라타딘,(주)테라젠이텍스,False,name_only,True,MFDS nedrug,nedrug.searchDrug,2026-06-12
202203169,로타인정(로라타딘),로타인정(로라타딘),로라타딘,엔비케이제약(주),False,name_only,True,MFDS nedrug,nedrug.searchDrug,2026-06-12
200403428,새로딘시럽(로라타딘),새로딘시럽(로라타딘),로라타딘,삼익제약(주),False,name_only,True,MFDS nedrug,nedrug.searchDrug,2026-06-12
201908562,시노타딘연질캡슐(로라타딘),시노타딘연질캡슐(로라타딘),로라타딘,현대약품(주),False,name_only,True,MFDS nedrug,nedrug.searchDrug,2026-06-12
201607109,알지스탑구강붕해필름(로라타딘),알지스탑구강붕해필름(로라타딘),로라타딘,(주)씨엘팜,False,name_only,True,MFDS nedrug,nedrug.searchDrug,2026-06-12
200008952,에리우스정(데스로라타딘(미분화)),에리우스정(데스로라타딘(미분화)),데스로라타딘(미분화),한국오가논(주),False,name_only,True,MFDS nedrug,nedrug.searchDrug,2026-06-12
200100997,에쟈스민정(로라타딘),에쟈스민정(로라타딘),로라타딘,(주)제뉴파마,False,name_only,True,MFDS nedrug,nedrug.searchDrug,2026-06-12
202300418,에치팡연질캡슐(로라타딘),에치팡연질캡슐(로라타딘),로라타딘,경방신약(주),False,name_only,True,MFDS nedrug,nedrug.searchDrug,2026-06-12
201501483,제라타딘정(로라타딘),제라타딘정(로라타딘),로라타딘,태극제약(주),False,name_only,True,MFDS nedrug,nedrug.searchDrug,2026-06-12
200101022,제이타딘정(로라타딘),제이타딘정(로라타딘),로라타딘,(주)비보존제약,False,name_only,True,MFDS nedrug,nedrug.searchDrug,2026-06-12
201803206,제일알지싹로라연질캡슐(로라타딘),제일알지싹로라연질캡슐(로라타딘),로라타딘,제일헬스사이언스(주),False,name_only,True,MFDS nedrug,nedrug.searchDrug,2026-06-12
200905692,클라리틴정(로라타딘),클라리틴정(로라타딘),로라타딘,바이엘코리아(주),False,name_only,True,MFDS nedrug,nedrug.searchDrug,2026-06-12
201501029,클리어딘연질캡슐(로라타딘),클리어딘연질캡슐(로라타딘),로라타딘,(주)알피바이오,False,name_only,True,MFDS nedrug,nedrug.searchDrug,2026-06-12
201600490,플로라딘연질캡슐(로라타딘),플로라딘연질캡슐(로라타딘),로라타딘,동화약품(주),False,name_only,True,MFDS nedrug,nedrug.searchDrug,2026-06-12
202402805,필로라딘연질캡슐(로라타딘),필로라딘연질캡슐(로라타딘),로라타딘,(주)필인터내셔널,False,name_only,True,MFDS nedrug,nedrug.searchDrug,2026-06-12
202501961,네오펙소정120밀리그램(펙소페나딘염산염),네오펙소정120밀리그램(펙소페나딘염산염),펙소페나딘염산염,(주)녹십자,False,name_only,True,MFDS nedrug,nedrug.searchDrug,2026-06-12
202502922,네오펙소정180밀리그램(펙소페나딘염산염),네오펙소정180밀리그램(펙소페나딘염산염),펙소페나딘염산염,(주)녹십자,False,name_only,True,MFDS nedrug,nedrug.searchDrug,2026-06-12
202202380,노즈알연질캡슐(펙소페나딘염산염),노즈알연질캡슐(펙소페나딘염산염),펙소페나딘염산염,(주)알피바이오,False,name_only,True,MFDS nedrug,nedrug.searchDrug,2026-06-12
202401455,노즈진정120밀리그램(펙소페나딘염산염),노즈진정120밀리그램(펙소페나딘염산염),펙소페나딘염산염,(주)비보존제약,False,name_only,True,MFDS nedrug,nedrug.searchDrug,2026-06-12
202401437,노즈진정60밀리그램(펙소페나딘염산염),노즈진정60밀리그램(펙소페나딘염산염),펙소페나딘염산염,(주)비보존제약,False,name_only,True,MFDS nedrug,nedrug.searchDrug,2026-06-12
202302507,안국펙소페나딘정60밀리그램(펙소페나딘염산염),안국펙소페나딘정60밀리그램(펙소페나딘염산염),펙소페나딘염산염,안국약품(주),False,name_only,True,MFDS nedrug,nedrug.searchDrug,2026-06-12
202401687,알러나딘정120밀리그램(펙소페나딘염산염),알러나딘정120밀리그램(펙소페나딘염산염),펙소페나딘염산염,경남제약(주),False,name_only,True,MFDS nedrug,nedrug.searchDrug,2026-06-12
202401164,알러나딘정60밀리그램(펙소페나딘염산염),알러나딘정60밀리그램(펙소페나딘염산염),펙소페나딘염산염,경남제약(주),False,name_only,True,MFDS nedrug,nedrug.searchDrug,2026-06-12
200806365,알러딘정(펙소페나딘염산염),알러딘정(펙소페나딘염산염),펙소페나딘염산염,(주)휴온스,False,name_only,True,MFDS nedrug,nedrug.searchDrug,2026-06-12
202401023,알러비스정120밀리그램(펙소페나딘염산염),알러비스정120밀리그램(펙소페나딘염산염),펙소페나딘염산염,(주)넥스팜코리아,False,name_only,True,MFDS nedrug,nedrug.searchDrug,2026-06-12
202401028,알러비스정60밀리그램(펙소페나딘염산염),알러비스정60밀리그램(펙소페나딘염산염),펙소페나딘염산염,(주)넥스팜코리아,False,name_only,True,MFDS nedrug,nedrug.searchDrug,2026-06-12
202600006,알러앤딘정120밀리그램(펙소페나딘염산염),알러앤딘정120밀리그램(펙소페나딘염산염),펙소페나딘염산염,알리코제약(주),False,name_only,True,MFDS nedrug,nedrug.searchDrug,2026-06-12
202302768,알러젯연질캡슐(펙소페나딘염산염),알러젯연질캡슐(펙소페나딘염산염),펙소페나딘염산염,(주)녹십자,False,name_only,True,MFDS nedrug,nedrug.searchDrug,2026-06-12
202303068,알러진정60밀리그램(펙소페나딘염산염),알러진정60밀리그램(펙소페나딘염산염),펙소페나딘염산염,삼진제약(주),False,name_only,True,MFDS nedrug,nedrug.searchDrug,2026-06-12
200001308,알레그라디정,알레그라디정,펙소페나딘염산염/슈도에페드린염산염,(주)한독,False,name_only,True,MFDS nedrug,nedrug.searchDrug,2026-06-12
199801016,알레그라정120밀리그람(펙소페나딘염산염),알레그라정120밀리그람(펙소페나딘염산염),펙소페나딘염산염,(주)한독,False,name_only,True,MFDS nedrug,nedrug.searchDrug,2026-06-12
200001279,알레그라정180밀리그람(펙소페나딘염산염),알레그라정180밀리그람(펙소페나딘염산염),펙소페나딘염산염,(주)한독,False,name_only,True,MFDS nedrug,nedrug.searchDrug,2026-06-12
200100865,알레그라정30밀리그람(펙소페나딘염산염),알레그라정30밀리그람(펙소페나딘염산염),펙소페나딘염산염,(주)한독,False,name_only,True,MFDS nedrug,nedrug.searchDrug,2026-06-12
202500268,알레드제로정120밀리그램(펙소페나딘염산염),알레드제로정120밀리그램(펙소페나딘염산염),펙소페나딘염산염,일양약품(주),False,name_only,True,MFDS nedrug,nedrug.searchDrug,2026-06-12
202502697,알레드제로정180밀리그램(펙소페나딘염산염),알레드제로정180밀리그램(펙소페나딘염산염),펙소페나딘염산염,일양약품(주),False,name_only,True,MFDS nedrug,nedrug.searchDrug,2026-06-12
202400708,알레스타정120밀리그램(펙소페나딘염산염),알레스타정120밀리그램(펙소페나딘염산염),펙소페나딘염산염,(주)유유제약,False,name_only,True,MFDS nedrug,nedrug.searchDrug,2026-06-12
202402142,알레지엔정120밀리그램(펙소페나딘염산염),알레지엔정120밀리그램(펙소페나딘염산염),펙소페나딘염산염,진양제약(주),False,name_only,True,MFDS nedrug,nedrug.searchDrug,2026-06-12
202402141,알레지엔정60밀리그램(펙소페나딘염산염),알레지엔정60밀리그램(펙소페나딘염산염),펙소페나딘염산염,진양제약(주),False,name_only,True,MFDS nedrug,nedrug.searchDrug,2026-06-12
202401781,알레톡정120밀리그램(펙소페나딘염산염),알레톡정120밀리그램(펙소페나딘염산염),펙소페나딘염산염,(주)씨엠지제약,False,name_only,True,MFDS nedrug,nedrug.searchDrug,2026-06-12
202400279,알레톡정60밀리그램(펙소페나딘염산염),알레톡정60밀리그램(펙소페나딘염산염),펙소페나딘염산염,(주)씨엠지제약,False,name_only,True,MFDS nedrug,nedrug.searchDrug,2026-06-12
202402069,알레티브정120밀리그램(펙소페나딘염산염),알레티브정120밀리그램(펙소페나딘염산염),펙소페나딘염산염,한국휴텍스제약(주),False,name_only,True,MFDS nedrug,nedrug.searchDrug,2026-06-12
202302906,알레티브정60밀리그램(펙소페나딘염산염),알레티브정60밀리그램(펙소페나딘염산염),펙소페나딘염산염,한국휴텍스제약(주),False,name_only,True,MFDS nedrug,nedrug.searchDrug,2026-06-12
202400831,알레펙정120밀리그램(펙소페나딘염산염),알레펙정120밀리그램(펙소페나딘염산염),펙소페나딘염산염,(주)이든파마,False,name_only,True,MFDS nedrug,nedrug.searchDrug,2026-06-12
202400598,알레펙정60밀리그램(펙소페나딘염산염),알레펙정60밀리그램(펙소페나딘염산염),펙소페나딘염산염,(주)이든파마,False,name_only,True,MFDS nedrug,nedrug.searchDrug,2026-06-12
202302483,알지퀵연질캡슐(펙소페나딘염산염),알지퀵연질캡슐(펙소페나딘염산염),펙소페나딘염산염,제이더블유중외제약(주),False,name_only,True,MFDS nedrug,nedrug.searchDrug,2026-06-12
201704729,가리온정10밀리그램(베포타스틴베실산염),가리온정10밀리그램(베포타스틴베실산염),베포타스틴베실산염,(주)메디카코리아,False,name_only,True,MFDS nedrug,nedrug.searchDrug,2026-06-12
201705744,글로리온정10밀리그램(베포타스틴베실산염),글로리온정10밀리그램(베포타스틴베실산염),베포타스틴베실산염,(주)킵스바이오파마,False,name_only,True,MFDS nedrug,nedrug.searchDrug,2026-06-12
202002676,동화베포타스틴정(베포타스틴베실산염),동화베포타스틴정(베포타스틴베실산염),베포타스틴베실산염,동화약품(주),False,name_only,True,MFDS nedrug,nedrug.searchDrug,2026-06-12
202204559,두리온서방정(베포타스틴베실산염),두리온서방정(베포타스틴베실산염),베포타스틴베실산염,한국휴텍스제약(주),False,name_only,True,MFDS nedrug,nedrug.searchDrug,2026-06-12
201707219,두리온정(베포타스틴베실산염),두리온정(베포타스틴베실산염),베포타스틴베실산염,한국휴텍스제약(주),False,name_only,True,MFDS nedrug,nedrug.searchDrug,2026-06-12
201707335,리노포스틴정10밀리그램(베포타스틴베실산염),리노포스틴정10밀리그램(베포타스틴베실산염),베포타스틴베실산염,고려제약(주),False,name_only,True,MFDS nedrug,nedrug.searchDrug,2026-06-12
201707264,메가베스틴정(베포타스틴베실산염),메가베스틴정(베포타스틴베실산염),베포타스틴베실산염,(주)엘앤씨바이오,False,name_only,True,MFDS nedrug,nedrug.searchDrug,2026-06-12
201706265,베레스틴정10밀리그램(베포타스틴베실산염),베레스틴정10밀리그램(베포타스틴베실산염),베포타스틴베실산염,이연제약(주),False,name_only,True,MFDS nedrug,nedrug.searchDrug,2026-06-12
201707166,베리맥정10밀리그램(베포타스틴베실산염),베리맥정10밀리그램(베포타스틴베실산염),베포타스틴베실산염,맥널티제약(주),False,name_only,True,MFDS nedrug,nedrug.searchDrug,2026-06-12
201803124,베리온서방정(베포타스틴살리실산염),베리온서방정(베포타스틴살리실산염),베포타스틴살리실산염,한림제약(주),False,name_only,True,MFDS nedrug,nedrug.searchDrug,2026-06-12
201306420,베리온정(베포타스틴살리실산염),베리온정(베포타스틴살리실산염),베포타스틴살리실산염,한림제약(주),False,name_only,True,MFDS nedrug,nedrug.searchDrug,2026-06-12
201800304,베스온정(베포타스틴베실산염),베스온정(베포타스틴베실산염),베포타스틴베실산염,영일제약(주),False,name_only,True,MFDS nedrug,nedrug.searchDrug,2026-06-12
201802596,베스티온정(베포타스틴베실산염),베스티온정(베포타스틴베실산염),베포타스틴베실산염,에이치엘비제약(주),False,name_only,True,MFDS nedrug,nedrug.searchDrug,2026-06-12
201701040,베실리온정(베포타스틴베실산염),베실리온정(베포타스틴베실산염),베포타스틴베실산염,(주)제뉴파마,False,name_only,True,MFDS nedrug,nedrug.searchDrug,2026-06-12
201706860,베아리온정10밀리그램(베포타스틴베실산염),베아리온정10밀리그램(베포타스틴베실산염),베포타스틴베실산염,대웅바이오(주),False,name_only,True,MFDS nedrug,nedrug.searchDrug,2026-06-12
201803053,베타디온정(베포타스틴베실산염),베타디온정(베포타스틴베실산염),베포타스틴베실산염,구주제약(주),False,name_only,True,MFDS nedrug,nedrug.searchDrug,2026-06-12
201705743,베타리온정(베포타스틴베실산염),베타리온정(베포타스틴베실산염),베포타스틴베실산염,주식회사더유제약,False,name_only,True,MFDS nedrug,nedrug.searchDrug,2026-06-12
201705034,베타스틴정10밀리그램(베포타스틴베실산염),베타스틴정10밀리그램(베포타스틴베실산염),베포타스틴베실산염,풍림무약(주),False,name_only,True,MFDS nedrug,nedrug.searchDrug,2026-06-12
201701053,베타온정(베포타스틴베실산염),베타온정(베포타스틴베실산염),베포타스틴베실산염,한국코러스(주),False,name_only,True,MFDS nedrug,nedrug.searchDrug,2026-06-12
201705759,베타틴정(베포타스틴베실산염),베타틴정(베포타스틴베실산염),베포타스틴베실산염,(주)한국파비스제약,False,name_only,True,MFDS nedrug,nedrug.searchDrug,2026-06-12
201706569,베테포타정 10밀리그램 (베포타스틴베실산염),베테포타정 10밀리그램 (베포타스틴베실산염),베포타스틴베실산염,조아제약(주),False,name_only,True,MFDS nedrug,nedrug.searchDrug,2026-06-12
201702485,베티린정(베포타스틴베실산염),베티린정(베포타스틴베실산염),베포타스틴베실산염,대화제약(주),False,name_only,True,MFDS nedrug,nedrug.searchDrug,2026-06-12
201702236,베티온정(베포타스틴베실산염),베티온정(베포타스틴베실산염),베포타스틴베실산염,한국프라임제약(주),False,name_only,True,MFDS nedrug,nedrug.searchDrug,2026-06-12
201707334,베포란정10밀리그램(베포타스틴베실산염),베포란정10밀리그램(베포타스틴베실산염),베포타스틴베실산염,(주)화이트생명과학,False,name_only,True,MFDS nedrug,nedrug.searchDrug,2026-06-12
201706367,베포러지정10밀리그램(베포타스틴베실산염),베포러지정10밀리그램(베포타스틴베실산염),베포타스틴베실산염,유니메드제약(주),False,name_only,True,MFDS nedrug,nedrug.searchDrug,2026-06-12
201702393,베포론정10밀리그램(베포타스틴베실산염),베포론정10밀리그램(베포타스틴베실산염),베포타스틴베실산염,(주)경보제약,False,name_only,True,MFDS nedrug,nedrug.searchDrug,2026-06-12
201706353,베포리논정10밀리그램(베포타스틴베실산염),베포리논정10밀리그램(베포타스틴베실산염),베포타스틴베실산염,(주)일화,False,name_only,True,MFDS nedrug,nedrug.searchDrug,2026-06-12
201803992,베포리온정(베포타스틴베실산염),베포리온정(베포타스틴베실산염),베포타스틴베실산염,(주)티디에스팜,False,name_only,True,MFDS nedrug,nedrug.searchDrug,2026-06-12
201706749,베포리진정10밀리그램(베포타스틴베실산염),베포리진정10밀리그램(베포타스틴베실산염),베포타스틴베실산염,경동제약(주),False,name_only,True,MFDS nedrug,nedrug.searchDrug,2026-06-12
201707443,베포리진정5밀리그램(베포타스틴베실산염),베포리진정5밀리그램(베포타스틴베실산염),베포타스틴베실산염,경동제약(주),False,name_only,True,MFDS nedrug,nedrug.searchDrug,2026-06-12
201908631,건바스틴정10밀리그램(에바스틴),건바스틴정10밀리그램(에바스틴),에바스틴,건일바이오팜주식회사,False,name_only,True,MFDS nedrug,nedrug.searchDrug,2026-06-12
200707388,리노드린서방캡슐,리노드린서방캡슐,슈도에페드린염산염/에바스틴,진양제약(주),False,name_only,True,MFDS nedrug,nedrug.searchDrug,2026-06-12
200707387,리노스텔서방캡슐,리노스텔서방캡슐,슈도에페드린염산염/에바스틴,케이엠에스제약(주),False,name_only,True,MFDS nedrug,nedrug.searchDrug,2026-06-12
200707386,리노스틴서방캡슐,리노스틴서방캡슐,슈도에페드린염산염/에바스틴,신일제약(주),False,name_only,True,MFDS nedrug,nedrug.searchDrug,2026-06-12
200009625,리노에바스텔캡슐,리노에바스텔캡슐,에바스틴구형과립/수도에페드린염산염 과립,(주)보령,False,name_only,True,MFDS nedrug,nedrug.searchDrug,2026-06-12
200707390,리노에바티스서방캡슐,리노에바티스서방캡슐,슈도에페드린염산염/에바스틴,(주)메디카코리아,False,name_only,True,MFDS nedrug,nedrug.searchDrug,2026-06-12
200707382,리노에스티나서방캡슐,리노에스티나서방캡슐,슈도에페드린염산염/에바스틴,알보젠코리아(주),False,name_only,True,MFDS nedrug,nedrug.searchDrug,2026-06-12
200503642,바스콜정(에바스틴),바스콜정(에바스틴),에바스틴,주식회사제뉴원사이언스,False,name_only,True,MFDS nedrug,nedrug.searchDrug,2026-06-12
199601085,보령에바스텔내복액(에바스틴),보령에바스텔내복액(에바스틴),에바스틴,(주)보령,False,name_only,True,MFDS nedrug,nedrug.searchDrug,2026-06-12
199801206,보령에바스텔정(에바스틴),보령에바스텔정(에바스틴),에바스틴,(주)보령,False,name_only,True,MFDS nedrug,nedrug.searchDrug,2026-06-12
200707384,슈도스틴서방캡슐,슈도스틴서방캡슐,슈도에페드린염산염/에바스틴,하나제약(주),False,name_only,True,MFDS nedrug,nedrug.searchDrug,2026-06-12
200707391,슈도에바스트서방캡슐,슈도에바스트서방캡슐,슈도에페드린염산염/에바스틴,삼천당제약(주),False,name_only,True,MFDS nedrug,nedrug.searchDrug,2026-06-12
200707389,에바드린서방캡슐,에바드린서방캡슐,슈도에페드린염산염/에바스틴,신풍제약(주),False,name_only,True,MFDS nedrug,nedrug.searchDrug,2026-06-12
202001225,에바슈도서방캡슐,에바슈도서방캡슐,슈도에페드린염산염/에바스틴,건일바이오팜주식회사,False,name_only,True,MFDS nedrug,nedrug.searchDrug,2026-06-12
200707393,에바코서방캡슐,에바코서방캡슐,슈도에페드린염산염/에바스틴,풍림무약(주),False,name_only,True,MFDS nedrug,nedrug.searchDrug,2026-06-12
200501277,에바티스정(에바스틴),에바티스정(에바스틴),에바스틴,(주)메디카코리아,False,name_only,True,MFDS nedrug,nedrug.searchDrug,2026-06-12
200707385,에바페린서방캡슐,에바페린서방캡슐,슈도에페드린염산염/에바스틴,안국약품(주),False,name_only,True,MFDS nedrug,nedrug.searchDrug,2026-06-12
200400386,에스텔정(에바스틴),에스텔정(에바스틴),에바스틴,한올바이오파마(주),False,name_only,True,MFDS nedrug,nedrug.searchDrug,2026-06-12
200301739,에스티나정(에바스틴),에스티나정(에바스틴),에바스틴,알보젠코리아(주),False,name_only,True,MFDS nedrug,nedrug.searchDrug,2026-06-12
202108095,이텍스에바스틴정10밀리그램,이텍스에바스틴정10밀리그램,에바스틴,(주)테라젠이텍스,False,name_only,True,MFDS nedrug,nedrug.searchDrug,2026-06-12
200707383,코바스텔서방캡슐,코바스텔서방캡슐,슈도에페드린염산염/에바스틴,제이더블유신약(주),False,name_only,True,MFDS nedrug,nedrug.searchDrug,2026-06-12
202001223,코에틴서방캡슐,코에틴서방캡슐,슈도에페드린염산염/에바스틴,(주)킵스바이오파마,False,name_only,True,MFDS nedrug,nedrug.searchDrug,2026-06-12
202004830,코코스텔서방캡슐,코코스텔서방캡슐,슈도에페드린염산염/에바스틴,한국휴텍스제약(주),False,name_only,True,MFDS nedrug,nedrug.searchDrug,2026-06-12
201701987,건일몬테루카스트세립4밀리그램(몬테루카스트나트륨),건일몬테루카스트세립4밀리그램(몬테루카스트나트륨),몬테루카스트나트륨,건일제약(주),False,name_only,True,MFDS nedrug,nedrug.searchDrug,2026-06-12
201701548,건일몬테루카스트정10밀리그램(몬테루카스트나트륨),건일몬테루카스트정10밀리그램(몬테루카스트나트륨),몬테루카스트나트륨,건일제약(주),False,name_only,True,MFDS nedrug,nedrug.searchDrug,2026-06-12
201701290,건일몬테루카스트츄정4밀리그램(몬테루카스트나트륨),건일몬테루카스트츄정4밀리그램(몬테루카스트나트륨),몬테루카스트나트륨,건일제약(주),False,name_only,True,MFDS nedrug,nedrug.searchDrug,2026-06-12
201701285,건일몬테루카스트츄정5밀리그램(몬테루카스트나트륨),건일몬테루카스트츄정5밀리그램(몬테루카스트나트륨),몬테루카스트나트륨,건일제약(주),False,name_only,True,MFDS nedrug,nedrug.searchDrug,2026-06-12
201206933,글로레어정10밀리그램(몬테루카스트나트륨),글로레어정10밀리그램(몬테루카스트나트륨),몬테루카스트나트륨,(주)킵스바이오파마,False,name_only,True,MFDS nedrug,nedrug.searchDrug,2026-06-12
202001743,넬슨몬테루카스트정10밀리그램(몬테루카스트나트륨),넬슨몬테루카스트정10밀리그램(몬테루카스트나트륨),몬테루카스트나트륨,한국넬슨제약(주),False,name_only,True,MFDS nedrug,nedrug.searchDrug,2026-06-12
201603997,뉴몬테카트정10밀리그램(몬테루카스트나트륨),뉴몬테카트정10밀리그램(몬테루카스트나트륨),몬테루카스트나트륨,안국뉴팜(주),False,name_only,True,MFDS nedrug,nedrug.searchDrug,2026-06-12
201603998,뉴몬테카트츄정4밀리그램(몬테루카스트나트륨),뉴몬테카트츄정4밀리그램(몬테루카스트나트륨),몬테루카스트나트륨,안국뉴팜(주),False,name_only,True,MFDS nedrug,nedrug.searchDrug,2026-06-12
201603996,뉴몬테카트츄정5밀리그램(몬테루카스트나트륨),뉴몬테카트츄정5밀리그램(몬테루카스트나트륨),몬테루카스트나트륨,안국뉴팜(주),False,name_only,True,MFDS nedrug,nedrug.searchDrug,2026-06-12
201802502,대웅몬테루카스트세립4밀리그램(몬테루카스트나트륨),대웅몬테루카스트세립4밀리그램(몬테루카스트나트륨),몬테루카스트나트륨,대웅바이오(주),False,name_only,True,MFDS nedrug,nedrug.searchDrug,2026-06-12
201604410,대웅몬테루카스트정10밀리그램(몬테루카스트나트륨),대웅몬테루카스트정10밀리그램(몬테루카스트나트륨),몬테루카스트나트륨,대웅바이오(주),False,name_only,True,MFDS nedrug,nedrug.searchDrug,2026-06-12
201604409,대웅몬테루카스트츄정4밀리그램(몬테루카스트나트륨),대웅몬테루카스트츄정4밀리그램(몬테루카스트나트륨),몬테루카스트나트륨,대웅바이오(주),False,name_only,True,MFDS nedrug,nedrug.searchDrug,2026-06-12
201604411,대웅몬테루카스트츄정5밀리그램(몬테루카스트나트륨),대웅몬테루카스트츄정5밀리그램(몬테루카스트나트륨),몬테루카스트나트륨,대웅바이오(주),False,name_only,True,MFDS nedrug,nedrug.searchDrug,2026-06-12
200811989,동광몬테루카스트정10밀리그램(몬테루카스트나트륨),동광몬테루카스트정10밀리그램(몬테루카스트나트륨),몬테루카스트나트륨,동광제약(주),False,name_only,True,MFDS nedrug,nedrug.searchDrug,2026-06-12
201307746,동광몬테루카스트츄정5밀리그램(몬테루카스트나트륨),동광몬테루카스트츄정5밀리그램(몬테루카스트나트륨),몬테루카스트나트륨,동광제약(주),False,name_only,True,MFDS nedrug,nedrug.searchDrug,2026-06-12
201307821,동광몬테루카스트츄정4밀리그램(몬테루카스트나트륨),동광몬테루카스트츄정4밀리그램(몬테루카스트나트륨),몬테루카스트나트륨,동광제약(주),False,name_only,True,MFDS nedrug,nedrug.searchDrug,2026-06-12
201701960,레어스트정10밀리그램(몬테루카스트나트륨),레어스트정10밀리그램(몬테루카스트나트륨),몬테루카스트나트륨,(주)휴비스트제약,False,name_only,True,MFDS nedrug,nedrug.searchDrug,2026-06-12
201701750,레어스트츄정4밀리그램(몬테루카스트나트륨),레어스트츄정4밀리그램(몬테루카스트나트륨),몬테루카스트나트륨,(주)휴비스트제약,False,name_only,True,MFDS nedrug,nedrug.searchDrug,2026-06-12
201701749,레어스트츄정5밀리그램(몬테루카스트나트륨),레어스트츄정5밀리그램(몬테루카스트나트륨),몬테루카스트나트륨,(주)휴비스트제약,False,name_only,True,MFDS nedrug,nedrug.searchDrug,2026-06-12
201403224,루이카정10밀리그램(몬테루카스트나트륨),루이카정10밀리그램(몬테루카스트나트륨),몬테루카스트나트륨,(주)화이트생명과학,False,name_only,True,MFDS nedrug,nedrug.searchDrug,2026-06-12
201307109,루카스정10mg(몬테루카스트나트륨),루카스정10mg(몬테루카스트나트륨),몬테루카스트나트륨,(주)한국파비스제약,False,name_only,True,MFDS nedrug,nedrug.searchDrug,2026-06-12
201210187,루카스트정10밀리그램(몬테루카스트나트륨),루카스트정10밀리그램(몬테루카스트나트륨),몬테루카스트나트륨,(주)팜젠사이언스,False,name_only,True,MFDS nedrug,nedrug.searchDrug,2026-06-12
201210189,루카스트츄정4밀리그램(몬테루카스트나트륨),루카스트츄정4밀리그램(몬테루카스트나트륨),몬테루카스트나트륨,(주)팜젠사이언스,False,name_only,True,MFDS nedrug,nedrug.searchDrug,2026-06-12
201210190,루카스트츄정5밀리그램(몬테루카스트나트륨),루카스트츄정5밀리그램(몬테루카스트나트륨),몬테루카스트나트륨,(주)팜젠사이언스,False,name_only,True,MFDS nedrug,nedrug.searchDrug,2026-06-12
200811633,루케마정10밀리그램(몬테루카스트나트륨),루케마정10밀리그램(몬테루카스트나트륨),몬테루카스트나트륨,고려제약(주),False,name_only,True,MFDS nedrug,nedrug.searchDrug,2026-06-12
200908334,루케마츄정4밀리그램(몬테루카스트나트륨),루케마츄정4밀리그램(몬테루카스트나트륨),몬테루카스트나트륨,고려제약(주),False,name_only,True,MFDS nedrug,nedrug.searchDrug,2026-06-12
200811816,루케마츄정5밀리그램(몬테루카스트나트륨),루케마츄정5밀리그램(몬테루카스트나트륨),몬테루카스트나트륨,고려제약(주),False,name_only,True,MFDS nedrug,nedrug.searchDrug,2026-06-12
201603071,루키오세립4밀리그램(몬테루카스트나트륨),루키오세립4밀리그램(몬테루카스트나트륨),몬테루카스트나트륨,에이치케이이노엔(주),False,name_only,True,MFDS nedrug,nedrug.searchDrug,2026-06-12
201603058,루키오정10밀리그램(몬테루카스트나트륨),루키오정10밀리그램(몬테루카스트나트륨),몬테루카스트나트륨,에이치케이이노엔(주),False,name_only,True,MFDS nedrug,nedrug.searchDrug,2026-06-12
201603057,루키오츄정4밀리그램(몬테루카스트나트륨),루키오츄정4밀리그램(몬테루카스트나트륨),몬테루카스트나트륨,에이치케이이노엔(주),False,name_only,True,MFDS nedrug,nedrug.searchDrug,2026-06-12
199804331,넥스팜염산암부록솔정(암브록솔염산염),넥스팜염산암부록솔정(암브록솔염산염),암브록솔염산염,(주)넥스팜코리아,False,name_only,True,MFDS nedrug,nedrug.searchDrug,2026-06-12
198902158,다이투스정(암브록솔염산염),다이투스정(암브록솔염산염),암브록솔염산염,구주제약(주),False,name_only,True,MFDS nedrug,nedrug.searchDrug,2026-06-12
199000146,동광염산암브록솔주사,동광염산암브록솔주사,암브록솔염산염,동광제약(주),False,name_only,True,MFDS nedrug,nedrug.searchDrug,2026-06-12
199400028,로이솔정(암브록솔염산염),로이솔정(암브록솔염산염),암브록솔염산염,신풍제약(주),False,name_only,True,MFDS nedrug,nedrug.searchDrug,2026-06-12
199400026,로이솔주사액(암브록솔염산염),로이솔주사액(암브록솔염산염),암브록솔염산염,신풍제약(주),False,name_only,True,MFDS nedrug,nedrug.searchDrug,2026-06-12
199100802,록솔씨시럽,록솔씨시럽,암브록솔염산염/클렌부테롤염산염,삼아제약(주),False,name_only,True,MFDS nedrug,nedrug.searchDrug,2026-06-12
198900699,록솔정(암브록솔염산염),록솔정(암브록솔염산염),암브록솔염산염,삼아제약(주),False,name_only,True,MFDS nedrug,nedrug.searchDrug,2026-06-12
200202717,명문암브록솔염산염주사,명문암브록솔염산염주사,암브록솔염산염,명문제약(주),False,name_only,True,MFDS nedrug,nedrug.searchDrug,2026-06-12
201502964,뮤코로솔정(암브록솔염산염),뮤코로솔정(암브록솔염산염),암브록솔염산염,태극제약(주),False,name_only,True,MFDS nedrug,nedrug.searchDrug,2026-06-12
200100163,뮤코브이시럽(암브록솔염산염),뮤코브이시럽(암브록솔염산염),암브록솔염산염,이연제약(주),False,name_only,True,MFDS nedrug,nedrug.searchDrug,2026-06-12
201206250,뮤코테라트로키제(암브록솔염산염),뮤코테라트로키제(암브록솔염산염),암브록솔염산염,(주)테라젠이텍스,False,name_only,True,MFDS nedrug,nedrug.searchDrug,2026-06-12
201401283,뮤코테인캡슐(아세브로필린),뮤코테인캡슐(아세브로필린),아세브로필린(아세필린산암브록솔),한국휴텍스제약(주),False,name_only,True,MFDS nedrug,nedrug.searchDrug,2026-06-12
200900740,뮤코펙트정(암브록솔염산염),뮤코펙트정(암브록솔염산염),암브록솔염산염,오펠라헬스케어코리아(주),False,name_only,True,MFDS nedrug,nedrug.searchDrug,2026-06-12
201405014,브록솔정(암브록솔염산염),브록솔정(암브록솔염산염),암브록솔염산염,(주)휴비스트제약,False,name_only,True,MFDS nedrug,nedrug.searchDrug,2026-06-12
202400659,씨엠지암브록솔정(암브록솔염산염),씨엠지암브록솔정(암브록솔염산염),암브록솔염산염,(주)씨엠지제약,False,name_only,True,MFDS nedrug,nedrug.searchDrug,2026-06-12
199302027,아록솔정(암브록솔염산염),아록솔정(암브록솔염산염),암브록솔염산염,(주)비씨월드제약,False,name_only,True,MFDS nedrug,nedrug.searchDrug,2026-06-12
199302020,아록솔주(암브록솔염산염),아록솔주(암브록솔염산염),암브록솔염산염,(주)비씨월드제약,False,name_only,True,MFDS nedrug,nedrug.searchDrug,2026-06-12
199301549,아세르정(암브록솔염산염),아세르정(암브록솔염산염),암브록솔염산염,삼남제약(주),False,name_only,True,MFDS nedrug,nedrug.searchDrug,2026-06-12
200401725,아세펙트캡슐(아세브로필린),아세펙트캡슐(아세브로필린),아세브로필린(아세필린산암브록솔),삼진제약(주),False,name_only,True,MFDS nedrug,nedrug.searchDrug,2026-06-12
198800558,암브렉트정(암브록솔염산염),암브렉트정(암브록솔염산염),암브록솔염산염,동화약품(주),False,name_only,True,MFDS nedrug,nedrug.searchDrug,2026-06-12
198801980,"암브로콜시럽(암브록솔,클렌부테롤)","암브로콜시럽(암브록솔,클렌부테롤)",암브록솔염산염/클렌부테롤염산염,한미약품(주),False,name_only,True,MFDS nedrug,nedrug.searchDrug,2026-06-12
198801976,"암브로콜정(암브록솔,클렌부테롤)","암브로콜정(암브록솔,클렌부테롤)",암브록솔염산염/클렌부테롤염산염,한미약품(주),False,name_only,True,MFDS nedrug,nedrug.searchDrug,2026-06-12
201100121,암브록주(암브록솔염산염),암브록주(암브록솔염산염),암브록솔염산염,(주)제일제약,False,name_only,True,MFDS nedrug,nedrug.searchDrug,2026-06-12
201304742,암브론정30mg(암브록솔염산염),암브론정30mg(암브록솔염산염),암브록솔염산염,조아제약(주),False,name_only,True,MFDS nedrug,nedrug.searchDrug,2026-06-12
200804359,암브콜흡입액(암브록솔염산염),암브콜흡입액(암브록솔염산염),암브록솔염산염,한미약품(주),False,name_only,True,MFDS nedrug,nedrug.searchDrug,2026-06-12
199400746,암스펜시럽,암스펜시럽,암브록솔염산염/클렌부테롤염산염,(주)에이프로젠바이오로직스,False,name_only,True,MFDS nedrug,nedrug.searchDrug,2026-06-12
198800057,암펙솔정(암브록솔염산염),암펙솔정(암브록솔염산염),암브록솔염산염,한국휴텍스제약(주),False,name_only,True,MFDS nedrug,nedrug.searchDrug,2026-06-12
198900635,앰브로주사(암브록솔염산염),앰브로주사(암브록솔염산염),암브록솔염산염,아주약품(주),False,name_only,True,MFDS nedrug,nedrug.searchDrug,2026-06-12
198901605,영일염산암브록솔정,영일염산암브록솔정,암브록솔염산염,영일제약(주),False,name_only,True,MFDS nedrug,nedrug.searchDrug,2026-06-12
199401315,오스틴암브록솔염산염정,오스틴암브록솔염산염정,암브록솔염산염,오스틴제약(주),False,name_only,True,MFDS nedrug,nedrug.searchDrug,2026-06-12
200712772,네프로스테릴주,네프로스테릴주,L-이소류신/L-류신/L-리신아세트산염/L-메티오닌/아세틸시스테인/L-페닐알라닌/L-트레오닌/L-트립토판/L-발린/L-아르기닌/L-히스티딘/글리신/L-알라닌/L-프롤린/L-세린,프레지니우스카비코리아(주),False,name_only,True,MFDS nedrug,nedrug.searchDrug,2026-06-12
198600267,누코미트액(아세틸시스테인),누코미트액(아세틸시스테인),아세틸시스테인,(주)셀트리온제약,False,name_only,True,MFDS nedrug,nedrug.searchDrug,2026-06-12
199200475,누코미트캡슐200밀리그램(아세틸시스테인),누코미트캡슐200밀리그램(아세틸시스테인),아세틸시스테인,(주)셀트리온제약,False,name_only,True,MFDS nedrug,nedrug.searchDrug,2026-06-12
200805596,닥터라민주,닥터라민주,L-이소류신/L-류신/L-리신아세트산염/L-메티오닌/L-페닐알라닌/L-트레오닌/L-트립토판/L-발린/L-알라닌/L-아르기닌/L-히스티딘/L-프롤린/글리신/L-세린/아세틸시스테인,제이더블유생명과학(주),False,name_only,True,MFDS nedrug,nedrug.searchDrug,2026-06-12
201900187,독립목클린캡슐200밀리그램(아세틸시스테인),독립목클린캡슐200밀리그램(아세틸시스테인),아세틸시스테인,독립바이오제약(주),False,name_only,True,MFDS nedrug,nedrug.searchDrug,2026-06-12
201802446,로스테인캡슐(아세틸시스테인),로스테인캡슐(아세틸시스테인),아세틸시스테인,(주)인트로바이오파마,False,name_only,True,MFDS nedrug,nedrug.searchDrug,2026-06-12
198600518,리보푸렉스주,리보푸렉스주,L-이소류신/L-류신/L-리신염산염/L-메티오닌/L-페닐알라닌/L-트레오닌/L-트리프토판/L-발린/L-아르기닌/L-히스티딘/L-알라닌/글리신/L-프롤린/L-세린/아세틸시스테인,(주)에이프로젠바이오로직스,False,name_only,True,MFDS nedrug,nedrug.searchDrug,2026-06-12
201800591,메인타주사액100밀리그램(페메트렉시드이나트륨2.5수화물),메인타주사액100밀리그램(페메트렉시드이나트륨2.5수화물),페메트렉시드 이나트륨 2.5수화물,동아에스티(주),False,name_only,True,MFDS nedrug,nedrug.searchDrug,2026-06-12
201504274,메인타주사액800밀리그램(페메트렉시드이나트륨2.5수화물),메인타주사액800밀리그램(페메트렉시드이나트륨2.5수화물),페메트렉시드 이나트륨 2.5수화물,동아에스티(주),False,name_only,True,MFDS nedrug,nedrug.searchDrug,2026-06-12
199902656,목틴캡슐200밀리그램(아세틸시스테인),목틴캡슐200밀리그램(아세틸시스테인),아세틸시스테인,한미약품(주),False,name_only,True,MFDS nedrug,nedrug.searchDrug,2026-06-12
200102543,"무코신일정(메틸-N,S-디아세틸시스테인)","무코신일정(메틸-n,s-디아세틸시스테인)","메틸-N,S-디아세틸시스테인",신일제약(주),False,name_only,True,MFDS nedrug,nedrug.searchDrug,2026-06-12
201109594,무코테인캡슐200밀리그램(아세틸시스테인),무코테인캡슐200밀리그램(아세틸시스테인),아세틸시스테인,영풍제약(주),False,name_only,True,MFDS nedrug,nedrug.searchDrug,2026-06-12
201906500,뮤라텐캡슐100밀리그램(아세틸시스테인),뮤라텐캡슐100밀리그램(아세틸시스테인),아세틸시스테인,주식회사더유제약,False,name_only,True,MFDS nedrug,nedrug.searchDrug,2026-06-12
201906501,뮤라텐캡슐200밀리그램(아세틸시스테인),뮤라텐캡슐200밀리그램(아세틸시스테인),아세틸시스테인,주식회사더유제약,False,name_only,True,MFDS nedrug,nedrug.searchDrug,2026-06-12
201405457,뮤스타캡슐200mg(아세틸시스테인),뮤스타캡슐200mg(아세틸시스테인),아세틸시스테인,일양약품(주),False,name_only,True,MFDS nedrug,nedrug.searchDrug,2026-06-12
201502577,뮤스테인캡슐200mg(아세틸시스테인),뮤스테인캡슐200mg(아세틸시스테인),아세틸시스테인,(주)경보제약,False,name_only,True,MFDS nedrug,nedrug.searchDrug,2026-06-12
199603333,뮤시딘캡슐200밀리그램(아세틸시스테인),뮤시딘캡슐200밀리그램(아세틸시스테인),아세틸시스테인,대한뉴팜(주),False,name_only,True,MFDS nedrug,nedrug.searchDrug,2026-06-12
202003464,뮤카란캡슐200밀리그램(아세틸시스테인),뮤카란캡슐200밀리그램(아세틸시스테인),아세틸시스테인,대웅바이오(주),False,name_only,True,MFDS nedrug,nedrug.searchDrug,2026-06-12
201903112,뮤코나액(아세틸시스테인),뮤코나액(아세틸시스테인),아세틸시스테인,아주약품(주),False,name_only,True,MFDS nedrug,nedrug.searchDrug,2026-06-12
202300939,뮤코나주(아세틸시스테인)(앰플),뮤코나주(아세틸시스테인)(앰플),아세틸시스테인,아주약품(주),False,name_only,True,MFDS nedrug,nedrug.searchDrug,2026-06-12
200308774,뮤코다인캡슐200mg(아세틸시스테인),뮤코다인캡슐200mg(아세틸시스테인),아세틸시스테인,(주)테라젠이텍스,False,name_only,True,MFDS nedrug,nedrug.searchDrug,2026-06-12
201905600,뮤코린캡슐200밀리그램(아세틸시스테인),뮤코린캡슐200밀리그램(아세틸시스테인),아세틸시스테인,한국신텍스제약(주),False,name_only,True,MFDS nedrug,nedrug.searchDrug,2026-06-12
201708295,뮤코반캡슐200mg(아세틸시스테인),뮤코반캡슐200mg(아세틸시스테인),아세틸시스테인,(주)넥스팜코리아,False,name_only,True,MFDS nedrug,nedrug.searchDrug,2026-06-12
199600087,뮤코세린캅셀(아세틸시스테인),뮤코세린캅셀(아세틸시스테인),아세틸시스테인,한국휴텍스제약(주),False,name_only,True,MFDS nedrug,nedrug.searchDrug,2026-06-12
199801297,뮤코스텐주10%(아세틸시스테인),뮤코스텐주10%(아세틸시스테인),아세틸시스테인,(주)메디카코리아,False,name_only,True,MFDS nedrug,nedrug.searchDrug,2026-06-12
199001080,뮤코스텐캡슐100밀리그램(아세틸시스테인),뮤코스텐캡슐100밀리그램(아세틸시스테인),아세틸시스테인,(주)메디카코리아,False,name_only,True,MFDS nedrug,nedrug.searchDrug,2026-06-12
198901021,뮤코스텐캡슐200밀리그램(아세틸시스테인),뮤코스텐캡슐200밀리그램(아세틸시스테인),아세틸시스테인,(주)메디카코리아,False,name_only,True,MFDS nedrug,nedrug.searchDrug,2026-06-12
202005275,뮤코에이시럽,뮤코에이시럽,아세틸시스테인/클로르페니라민말레산염,(주)보령바이오파마,False,name_only,True,MFDS nedrug,nedrug.searchDrug,2026-06-12
200401475,"뮤코존정(메칠-N,S-디아세틸시스테인)","뮤코존정(메칠-n,s-디아세틸시스테인)","메칠-N,S-디아세틸시스테인",(주)동구바이오제약,False,name_only,True,MFDS nedrug,nedrug.searchDrug,2026-06-12
201602738,뮤코티아캡슐200밀리그램(아세틸시스테인),뮤코티아캡슐200밀리그램(아세틸시스테인),아세틸시스테인,(주)다산제약,False,name_only,True,MFDS nedrug,nedrug.searchDrug,2026-06-12
201900300,건일레보드로프로피진시럽,건일레보드로프로피진시럽,레보드로프로피진,건일제약(주),False,name_only,True,MFDS nedrug,nedrug.searchDrug,2026-06-12
201900629,건일레보드로프로피진정,건일레보드로프로피진정,레보드로프로피진,건일제약(주),False,name_only,True,MFDS nedrug,nedrug.searchDrug,2026-06-12
201206770,글로피진정(레보드로프로피진),글로피진정(레보드로프로피진),레보드로프로피진,(주)킵스바이오파마,False,name_only,True,MFDS nedrug,nedrug.searchDrug,2026-06-12
201701834,네오투스서방정(레보드로프로피진),네오투스서방정(레보드로프로피진),레보드로프로피진,제이더블유신약(주),False,name_only,True,MFDS nedrug,nedrug.searchDrug,2026-06-12
201802589,드로니즈시럽(레보드로프로피진),드로니즈시럽(레보드로프로피진),레보드로프로피진,(주)휴온스메디텍,False,name_only,True,MFDS nedrug,nedrug.searchDrug,2026-06-12
201602736,드로니즈정(레보드로프로피진),드로니즈정(레보드로프로피진),레보드로프로피진,(주)휴온스메디텍,False,name_only,True,MFDS nedrug,nedrug.searchDrug,2026-06-12
201901433,드로코푸정(레보드로프로피진),드로코푸정(레보드로프로피진),레보드로프로피진,지엘파마(주),False,name_only,True,MFDS nedrug,nedrug.searchDrug,2026-06-12
200300425,드로피진시럽(레보드로프로피진),드로피진시럽(레보드로프로피진),레보드로프로피진,코오롱제약(주),False,name_only,True,MFDS nedrug,nedrug.searchDrug,2026-06-12
202104964,드로피진씨알서방정(레보드로프로피진),드로피진씨알서방정(레보드로프로피진),레보드로프로피진,코오롱제약(주),False,name_only,True,MFDS nedrug,nedrug.searchDrug,2026-06-12
200700055,드로피진정(레보드로프로피진),드로피진정(레보드로프로피진),레보드로프로피진,코오롱제약(주),False,name_only,True,MFDS nedrug,nedrug.searchDrug,2026-06-12
201905814,드리코프정(레보드로프로피진),드리코프정(레보드로프로피진),레보드로프로피진,(주)한풍제약,False,name_only,True,MFDS nedrug,nedrug.searchDrug,2026-06-12
201402435,디코프정(레보드로프로피진),디코프정(레보드로프로피진),레보드로프로피진,동성제약(주),False,name_only,True,MFDS nedrug,nedrug.searchDrug,2026-06-12
201803944,라파진시럽(레보드로프로피진),라파진시럽(레보드로프로피진),레보드로프로피진,(주)제뉴파마,False,name_only,True,MFDS nedrug,nedrug.searchDrug,2026-06-12
202104963,라파진씨알서방정(레보드로프로피진),라파진씨알서방정(레보드로프로피진),레보드로프로피진,(주)제뉴파마,False,name_only,True,MFDS nedrug,nedrug.searchDrug,2026-06-12
201803298,라파진정(레보드로프로피진),라파진정(레보드로프로피진),레보드로프로피진,(주)제뉴파마,False,name_only,True,MFDS nedrug,nedrug.searchDrug,2026-06-12
200702259,래브론정(레보드로프로피진),래브론정(레보드로프로피진),레보드로프로피진,에이치엘비제약(주),False,name_only,True,MFDS nedrug,nedrug.searchDrug,2026-06-12
200702153,레드로진정(레보드로프로피진),레드로진정(레보드로프로피진),레보드로프로피진,(주)씨엠지제약,False,name_only,True,MFDS nedrug,nedrug.searchDrug,2026-06-12
200102289,레드로프시럽(레보드로프로피진),레드로프시럽(레보드로프로피진),레보드로프로피진,한국넬슨제약(주),False,name_only,True,MFDS nedrug,nedrug.searchDrug,2026-06-12
201800576,레드로프정60밀리그램(레보드로프로피진),레드로프정60밀리그램(레보드로프로피진),레보드로프로피진,한국넬슨제약(주),False,name_only,True,MFDS nedrug,nedrug.searchDrug,2026-06-12
201602122,레드로피정(레보드로프로피진),레드로피정(레보드로프로피진),레보드로프로피진,(주)셀트리온제약,False,name_only,True,MFDS nedrug,nedrug.searchDrug,2026-06-12
201501417,레드보르시럽(레보드로프로피진),레드보르시럽(레보드로프로피진),레보드로프로피진,한국휴텍스제약(주),False,name_only,True,MFDS nedrug,nedrug.searchDrug,2026-06-12
202104966,레드보르씨알서방정(레보드로프로피진),레드보르씨알서방정(레보드로프로피진),레보드로프로피진,한국휴텍스제약(주),False,name_only,True,MFDS nedrug,nedrug.searchDrug,2026-06-12
201310291,레드보르정(레보드로프로피진),레드보르정(레보드로프로피진),레보드로프로피진,한국휴텍스제약(주),False,name_only,True,MFDS nedrug,nedrug.searchDrug,2026-06-12
202000136,레로원정(레보드로프로피진),레로원정(레보드로프로피진),레보드로프로피진,(주)서흥,False,name_only,True,MFDS nedrug,nedrug.searchDrug,2026-06-12
201900119,레리큐시럽(레보드로프로피진),레리큐시럽(레보드로프로피진),레보드로프로피진,조아제약(주),False,name_only,True,MFDS nedrug,nedrug.searchDrug,2026-06-12
200300584,레바킨시럽(레보드로프로피진),레바킨시럽(레보드로프로피진),레보드로프로피진,삼아제약(주),False,name_only,True,MFDS nedrug,nedrug.searchDrug,2026-06-12
200702084,레바킨정(레보드로프로피진),레바킨정(레보드로프로피진),레보드로프로피진,삼아제약(주),False,name_only,True,MFDS nedrug,nedrug.searchDrug,2026-06-12
201905418,레보드락정(레보드로프로피진),레보드락정(레보드로프로피진),레보드로프로피진,대원바이오텍주식회사,False,name_only,True,MFDS nedrug,nedrug.searchDrug,2026-06-12
200608116,레보드로정(레보드로프로피진),레보드로정(레보드로프로피진),레보드로프로피진,(주)파마킹,False,name_only,True,MFDS nedrug,nedrug.searchDrug,2026-06-12
201906870,레보드론정(레보드로프로피진),레보드론정(레보드로프로피진),레보드로프로피진,엔비케이제약(주),False,name_only,True,MFDS nedrug,nedrug.searchDrug,2026-06-12
198601398,가네카정,가네카정,트리프롤리딘염산염수화물/슈도에페드린염산염,지엘파마(주),False,name_only,True,MFDS nedrug,nedrug.searchDrug,2026-06-12
201603449,그린노즈에스시럽,그린노즈에스시럽,클로르페니라민말레산염/슈도에페드린염산염,(주)녹십자,False,name_only,True,MFDS nedrug,nedrug.searchDrug,2026-06-12
201901010,"그린코플시럽(딸기향, 바나나향)","그린코플시럽(딸기향, 바나나향)",구아이페네신/슈도에페드린염산염/덱스트로메토르판브롬화수소산염수화물,(주)녹십자,False,name_only,True,MFDS nedrug,nedrug.searchDrug,2026-06-12
202502838,노즈벨정,노즈벨정,메퀴타진/벨라돈나총알칼로이드/글리시리진산이칼륨/슈도에페드린염산염/카페인무수물,에스케이케미칼(주),False,name_only,True,MFDS nedrug,nedrug.searchDrug,2026-06-12
202500645,노즈싹액티정,노즈싹액티정,슈도에페드린염산염/트리프롤리딘염산염수화물,성이바이오제약주식회사,False,name_only,True,MFDS nedrug,nedrug.searchDrug,2026-06-12
201402832,노즈쏙정,노즈쏙정,슈도에페드린염산염/트리프롤리딘염산염,일양약품(주),False,name_only,True,MFDS nedrug,nedrug.searchDrug,2026-06-12
202502195,노즈팡정,노즈팡정,메퀴타진/벨라돈나총알칼로이드/글리시리진산이칼륨/슈도에페드린염산염/카페인무수물,주식회사 노바엠헬스케어,False,name_only,True,MFDS nedrug,nedrug.searchDrug,2026-06-12
202502618,대원콜노즈연질캡슐,대원콜노즈연질캡슐,아세트아미노펜/슈도에페드린염산염/클로르페니라민말레산염/구아이페네신,대원제약(주),False,name_only,True,MFDS nedrug,nedrug.searchDrug,2026-06-12
202502690,대원콜콜드연질캡슐,대원콜콜드연질캡슐,아세트아미노펜/구아이페네신/슈도에페드린염산염/DL-메틸에페드린염산염/덱스트로메토르판브롬화수소산염수화물/클로르페니라민말레산염,대원제약(주),False,name_only,True,MFDS nedrug,nedrug.searchDrug,2026-06-12
202203959,디펜스코연질캡슐,디펜스코연질캡슐,아세트아미노펜/슈도에페드린염산염/dl-메틸에페드린염산염/클로르페니라민말레산염,(주)서흥,False,name_only,True,MFDS nedrug,nedrug.searchDrug,2026-06-12
202401835,디펜콜노즈시럽,디펜콜노즈시럽,아세트아미노펜/클로르페니라민말레산염/슈도에페드린염산염/구아이페네신/카페인무수물,동성제약(주),False,name_only,True,MFDS nedrug,nedrug.searchDrug,2026-06-12
202501118,락콜드노즈시럽,락콜드노즈시럽,아세트아미노펜/클로르페니라민말레산염/슈도에페드린염산염/구아이페네신/카페인무수물,삼진제약(주),False,name_only,True,MFDS nedrug,nedrug.searchDrug,2026-06-12
201401826,래피콜노즈연질캡슐,래피콜노즈연질캡슐,아세트아미노펜/클로르페니라민말레산염/슈도에페드린염산염,(주)유한양행,False,name_only,True,MFDS nedrug,nedrug.searchDrug,2026-06-12
202203017,래피콜콜드연질캡슐,래피콜콜드연질캡슐,아세트아미노펜/구아이페네신/슈도에페드린염산염/dl-메틸에페드린염산염/덱스트로메토르판브롬화수소산염수화물/클로르페니라민말레산염,(주)유한양행,False,name_only,True,MFDS nedrug,nedrug.searchDrug,2026-06-12
202601624,래피콜파워노즈연질캡슐,래피콜파워노즈연질캡슐,아세트아미노펜/슈도에페드린염산염/클로르페니라민말레산염,(주)유한양행,False,name_only,True,MFDS nedrug,nedrug.searchDrug,2026-06-12
202501032,러지페린정,러지페린정,슈도에페드린염산염/트리프롤리딘염산염,(주)바스칸바이오제약,False,name_only,True,MFDS nedrug,nedrug.searchDrug,2026-06-12
201402061,러지피드정,러지피드정,슈도에페드린염산염/트리프롤리딘염산염수화물,하이플생명과학(주),False,name_only,True,MFDS nedrug,nedrug.searchDrug,2026-06-12
201300037,레드코프에프연질캡슐,레드코프에프연질캡슐,아세트아미노펜/슈도에페드린염산염/클로르페니라민말레산염/덱스트로메토르판브롬화수소산염수화물,(주)알피바이오,False,name_only,True,MFDS nedrug,nedrug.searchDrug,2026-06-12
200608328,레드콜연질캡슐,레드콜연질캡슐,아세트아미노펜/슈도에페드린염산염/덱스트로메토르판브롬화수소산염수화물/클로르페니라민말레산염,(주)알피바이오,False,name_only,True,MFDS nedrug,nedrug.searchDrug,2026-06-12
202601502,레티코맥스연질캡슐,레티코맥스연질캡슐,아세트아미노펜/슈도에페드린염산염/클로르페니라민말레산염,(주)서흥,False,name_only,True,MFDS nedrug,nedrug.searchDrug,2026-06-12
201902786,레티코연질캡슐,레티코연질캡슐,아세트아미노펜/클로르페니라민말레산염/슈도에페드린염산염,(주)서흥,False,name_only,True,MFDS nedrug,nedrug.searchDrug,2026-06-12
202401071,레티코포르테연질캡슐,레티코포르테연질캡슐,아세트아미노펜/슈도에페드린염산염/클로르페니라민말레산염,(주)서흥,False,name_only,True,MFDS nedrug,nedrug.searchDrug,2026-06-12
202502790,레티코하이연질캡슐,레티코하이연질캡슐,아세트아미노펜/슈도에페드린염산염/클로르페니라민말레산염/구아이페네신,(주)서흥,False,name_only,True,MFDS nedrug,nedrug.searchDrug,2026-06-12
201902788,레티콜연질캡슐,레티콜연질캡슐,아세트아미노펜/클로르페니라민말레산염/dl-메틸에페드린염산염/슈도에페드린염산염/덱스트로메토르판브롬화수소산염수화물/구아이페네신,(주)서흥,False,name_only,True,MFDS nedrug,nedrug.searchDrug,2026-06-12
202400670,레티콜플러스연질캡슐,레티콜플러스연질캡슐,아세트아미노펜/클로르페니라민말레산염/dl-메틸에페드린염산염/슈도에페드린염산염/구아이페네신/아스코르브산,(주)서흥,False,name_only,True,MFDS nedrug,nedrug.searchDrug,2026-06-12
202503044,레티콜하이연질캡슐,레티콜하이연질캡슐,아세트아미노펜/구아이페네신/슈도에페드린염산염/DL-메틸에페드린염산염/덱스트로메토르판브롬화수소산염수화물/클로르페니라민말레산염,(주)서흥,False,name_only,True,MFDS nedrug,nedrug.searchDrug,2026-06-12
202502171,로나코연질캡슐,로나코연질캡슐,아세트아미노펜/슈도에페드린염산염/브롬페니라민말레산염,(주)서흥,False,name_only,True,MFDS nedrug,nedrug.searchDrug,2026-06-12
201907024,로나콜연질캡슐,로나콜연질캡슐,아세트아미노펜/클로페라스틴염산염/구아이페네신/슈도에페드린염산염/브롬페니라민말레산염,(주)서흥,False,name_only,True,MFDS nedrug,nedrug.searchDrug,2026-06-12
201400325,리드콜연질캡슐,리드콜연질캡슐,아세트아미노펜/클로르페니라민말레산염/dl-메틸에페드린염산염/슈도에페드린염산염/덱스트로메토르판브롬화수소산염수화물/구아이페네신,(주)알피바이오,False,name_only,True,MFDS nedrug,nedrug.searchDrug,2026-06-12
202201615,리드플루연질캡슐,리드플루연질캡슐,아세트아미노펜/구아이페네신/슈도에페드린염산염/dl-메틸에페드린염산염/덱스트로메토르판브롬화수소산염수화물/클로르페니라민말레산염,(주)서흥,False,name_only,True,MFDS nedrug,nedrug.searchDrug,2026-06-12
201902045,건프람정10밀리그램(에스시탈로프람옥살산염),건프람정10밀리그램(에스시탈로프람옥살산염),에스시탈로프람옥살산염,건일바이오팜주식회사,False,name_only,True,MFDS nedrug,nedrug.searchDrug,2026-06-12
201908114,건프람정20밀리그램(에스시탈로프람옥살산염),건프람정20밀리그램(에스시탈로프람옥살산염),에스시탈로프람옥살산염,건일바이오팜주식회사,False,name_only,True,MFDS nedrug,nedrug.searchDrug,2026-06-12
201902044,건프람정5밀리그램(에스시탈로프람옥살산염),건프람정5밀리그램(에스시탈로프람옥살산염),에스시탈로프람옥살산염,건일바이오팜주식회사,False,name_only,True,MFDS nedrug,nedrug.searchDrug,2026-06-12
201802641,넥사론정10밀리그램(에스시탈로프람옥살산염),넥사론정10밀리그램(에스시탈로프람옥살산염),에스시탈로프람옥살산염,동국제약(주),False,name_only,True,MFDS nedrug,nedrug.searchDrug,2026-06-12
202004486,넥사론정20밀리그램(에스시탈로프람옥살산염),넥사론정20밀리그램(에스시탈로프람옥살산염),에스시탈로프람옥살산염,동국제약(주),False,name_only,True,MFDS nedrug,nedrug.searchDrug,2026-06-12
201802751,넥사론정5밀리그램(에스시탈로프람옥살산염),넥사론정5밀리그램(에스시탈로프람옥살산염),에스시탈로프람옥살산염,동국제약(주),False,name_only,True,MFDS nedrug,nedrug.searchDrug,2026-06-12
202301561,뉴프람오디정10밀리그램(에스시탈로프람옥살산염),뉴프람오디정10밀리그램(에스시탈로프람옥살산염),에스시탈로프람옥살산염,명인제약(주),False,name_only,True,MFDS nedrug,nedrug.searchDrug,2026-06-12
202301560,뉴프람오디정20밀리그램(에스시탈로프람옥살산염),뉴프람오디정20밀리그램(에스시탈로프람옥살산염),에스시탈로프람옥살산염,명인제약(주),False,name_only,True,MFDS nedrug,nedrug.searchDrug,2026-06-12
202301562,뉴프람오디정5밀리그램(에스시탈로프람옥살산염),뉴프람오디정5밀리그램(에스시탈로프람옥살산염),에스시탈로프람옥살산염,명인제약(주),False,name_only,True,MFDS nedrug,nedrug.searchDrug,2026-06-12
200809825,뉴프람정10밀리그램(에스시탈로프람옥살산염),뉴프람정10밀리그램(에스시탈로프람옥살산염),에스시탈로프람옥살산염,명인제약(주),False,name_only,True,MFDS nedrug,nedrug.searchDrug,2026-06-12
201307484,뉴프람정15밀리그램(에스시탈로프람옥살산염),뉴프람정15밀리그램(에스시탈로프람옥살산염),에스시탈로프람옥살산염,명인제약(주),False,name_only,True,MFDS nedrug,nedrug.searchDrug,2026-06-12
201107539,뉴프람정20밀리그램(에스시탈로프람옥살산염),뉴프람정20밀리그램(에스시탈로프람옥살산염),에스시탈로프람옥살산염,명인제약(주),False,name_only,True,MFDS nedrug,nedrug.searchDrug,2026-06-12
201004680,뉴프람정5밀리그램(에스시탈로프람옥살산염),뉴프람정5밀리그램(에스시탈로프람옥살산염),에스시탈로프람옥살산염,명인제약(주),False,name_only,True,MFDS nedrug,nedrug.searchDrug,2026-06-12
200810237,디푸로정10밀리그램(에스시탈로프람옥살산염),디푸로정10밀리그램(에스시탈로프람옥살산염),에스시탈로프람옥살산염,유니메드제약(주),False,name_only,True,MFDS nedrug,nedrug.searchDrug,2026-06-12
202005300,디푸로정20밀리그램(에스시탈로프람옥살산염),디푸로정20밀리그램(에스시탈로프람옥살산염),에스시탈로프람옥살산염,유니메드제약(주),False,name_only,True,MFDS nedrug,nedrug.searchDrug,2026-06-12
201402856,럭스푸람정(에스시탈로프람옥살산염),럭스푸람정(에스시탈로프람옥살산염),에스시탈로프람옥살산염,영풍제약(주),False,name_only,True,MFDS nedrug,nedrug.searchDrug,2026-06-12
200809813,레시프람정(에스시탈로프람옥살산염),레시프람정(에스시탈로프람옥살산염),에스시탈로프람옥살산염,경동제약(주),False,name_only,True,MFDS nedrug,nedrug.searchDrug,2026-06-12
201603696,렉사멜정10mg(에스시탈로프람옥살산염),렉사멜정10mg(에스시탈로프람옥살산염),에스시탈로프람옥살산염,(주)씨티씨바이오,False,name_only,True,MFDS nedrug,nedrug.searchDrug,2026-06-12
201603695,렉사멜정20mg(에스시탈로프람옥살산염),렉사멜정20mg(에스시탈로프람옥살산염),에스시탈로프람옥살산염,(주)씨티씨바이오,False,name_only,True,MFDS nedrug,nedrug.searchDrug,2026-06-12
201901823,렉사모정10밀리그램(에스시탈로프람옥살산염),렉사모정10밀리그램(에스시탈로프람옥살산염),에스시탈로프람옥살산염,(주)시어스제약,False,name_only,True,MFDS nedrug,nedrug.searchDrug,2026-06-12
201702247,렉사스타정10밀리그램(에스시탈로프람옥살산염),렉사스타정10밀리그램(에스시탈로프람옥살산염),에스시탈로프람옥살산염,대웅바이오(주),False,name_only,True,MFDS nedrug,nedrug.searchDrug,2026-06-12
201702248,렉사스타정20밀리그램(에스시탈로프람옥살산염),렉사스타정20밀리그램(에스시탈로프람옥살산염),에스시탈로프람옥살산염,대웅바이오(주),False,name_only,True,MFDS nedrug,nedrug.searchDrug,2026-06-12
201802265,렉사스타정5밀리그램(에스시탈로프람옥살산염),렉사스타정5밀리그램(에스시탈로프람옥살산염),에스시탈로프람옥살산염,대웅바이오(주),False,name_only,True,MFDS nedrug,nedrug.searchDrug,2026-06-12
201906512,렉사원정10밀리그램(에스시탈로프람옥살산염),렉사원정10밀리그램(에스시탈로프람옥살산염),에스시탈로프람옥살산염,하나제약(주),False,name_only,True,MFDS nedrug,nedrug.searchDrug,2026-06-12
201906511,렉사원정5밀리그램(에스시탈로프람옥살산염),렉사원정5밀리그램(에스시탈로프람옥살산염),에스시탈로프람옥살산염,하나제약(주),False,name_only,True,MFDS nedrug,nedrug.searchDrug,2026-06-12
201507681,렉사젠정10밀리그램(에스시탈로프람옥살산염),렉사젠정10밀리그램(에스시탈로프람옥살산염),에스시탈로프람옥살산염,알보젠코리아(주),False,name_only,True,MFDS nedrug,nedrug.searchDrug,2026-06-12
201507426,렉사젠정20밀리그램(에스시탈로프람옥살산염),렉사젠정20밀리그램(에스시탈로프람옥살산염),에스시탈로프람옥살산염,알보젠코리아(주),False,name_only,True,MFDS nedrug,nedrug.searchDrug,2026-06-12
201905588,렉사콜드정10밀리그램(에스시탈로프람옥살산염),렉사콜드정10밀리그램(에스시탈로프람옥살산염),에스시탈로프람옥살산염,(주)대웅제약,False,name_only,True,MFDS nedrug,nedrug.searchDrug,2026-06-12
201905589,렉사콜드정20밀리그램(에스시탈로프람옥살산염),렉사콜드정20밀리그램(에스시탈로프람옥살산염),에스시탈로프람옥살산염,(주)대웅제약,False,name_only,True,MFDS nedrug,nedrug.searchDrug,2026-06-12
201905587,렉사콜드정5밀리그램(에스시탈로프람옥살산염),렉사콜드정5밀리그램(에스시탈로프람옥살산염),에스시탈로프람옥살산염,(주)대웅제약,False,name_only,True,MFDS nedrug,nedrug.searchDrug,2026-06-12
200410506,산도스설트랄린정(설트랄린염산염),산도스설트랄린정(설트랄린염산염),설트랄린염산염,삼일제약(주),False,name_only,True,MFDS nedrug,nedrug.searchDrug,2026-06-12
201206823,산도스설트랄린정100밀리그램(설트랄린염산염),산도스설트랄린정100밀리그램(설트랄린염산염),설트랄린염산염,삼일제약(주),False,name_only,True,MFDS nedrug,nedrug.searchDrug,2026-06-12
202303462,설타린정100밀리그램(설트랄린염산염),설타린정100밀리그램(설트랄린염산염),설트랄린염산염,현대약품(주),False,name_only,True,MFDS nedrug,nedrug.searchDrug,2026-06-12
202302988,설타린정25밀리그램(설트랄린염산염),설타린정25밀리그램(설트랄린염산염),설트랄린염산염,현대약품(주),False,name_only,True,MFDS nedrug,nedrug.searchDrug,2026-06-12
202303463,설타린정50밀리그램(설트랄린염산염),설타린정50밀리그램(설트랄린염산염),설트랄린염산염,현대약품(주),False,name_only,True,MFDS nedrug,nedrug.searchDrug,2026-06-12
201601111,설트람정50밀리그램(설트랄린염산염),설트람정50밀리그램(설트랄린염산염),설트랄린염산염,명문제약(주),False,name_only,True,MFDS nedrug,nedrug.searchDrug,2026-06-12
200003086,셀트라정50밀리그램(설트랄린염산염),셀트라정50밀리그램(설트랄린염산염),설트랄린염산염,한미약품(주),False,name_only,True,MFDS nedrug,nedrug.searchDrug,2026-06-12
201902444,영진설트랄린정100밀리그램(설트랄린염산염),영진설트랄린정100밀리그램(설트랄린염산염),설트랄린염산염,영진약품(주),False,name_only,True,MFDS nedrug,nedrug.searchDrug,2026-06-12
201902586,영진설트랄린정25밀리그램(설트랄린염산염),영진설트랄린정25밀리그램(설트랄린염산염),설트랄린염산염,영진약품(주),False,name_only,True,MFDS nedrug,nedrug.searchDrug,2026-06-12
201902446,영진설트랄린정50밀리그램(설트랄린염산염),영진설트랄린정50밀리그램(설트랄린염산염),설트랄린염산염,영진약품(주),False,name_only,True,MFDS nedrug,nedrug.searchDrug,2026-06-12
201007672,졸로푸트정100밀리그램(설트랄린염산염),졸로푸트정100밀리그램(설트랄린염산염),설트랄린염산염,비아트리스코리아(주),False,name_only,True,MFDS nedrug,nedrug.searchDrug,2026-06-12
200511068,졸로푸트정50밀리그람(설트랄린염산염),졸로푸트정50밀리그람(설트랄린염산염),설트랄린염산염,비아트리스코리아(주),False,name_only,True,MFDS nedrug,nedrug.searchDrug,2026-06-12
201207003,트라린정100밀리그램(설트랄린염산염),트라린정100밀리그램(설트랄린염산염),설트랄린염산염,명인제약(주),False,name_only,True,MFDS nedrug,nedrug.searchDrug,2026-06-12
202204212,트라린정25밀리그램(설트랄린염산염),트라린정25밀리그램(설트랄린염산염),설트랄린염산염,명인제약(주),False,name_only,True,MFDS nedrug,nedrug.searchDrug,2026-06-12
200200939,트라린정50밀리그램(설트랄린염산염),트라린정50밀리그램(설트랄린염산염),설트랄린염산염,명인제약(주),False,name_only,True,MFDS nedrug,nedrug.searchDrug,2026-06-12
202001212,파마설트랄린정100밀리그램(설트랄린염산염),파마설트랄린정100밀리그램(설트랄린염산염),설트랄린염산염,(주)한국파마,False,name_only,True,MFDS nedrug,nedrug.searchDrug,2026-06-12
202001213,파마설트랄린정25밀리그램(설트랄린염산염),파마설트랄린정25밀리그램(설트랄린염산염),설트랄린염산염,(주)한국파마,False,name_only,True,MFDS nedrug,nedrug.searchDrug,2026-06-12
201908216,파마설트랄린정50밀리그램(설트랄린염산염),파마설트랄린정50밀리그램(설트랄린염산염),설트랄린염산염,(주)한국파마,False,name_only,True,MFDS nedrug,nedrug.searchDrug,2026-06-12
201507846,환인설트랄린정100밀리그램(설트랄린염산염),환인설트랄린정100밀리그램(설트랄린염산염),설트랄린염산염,환인제약(주),False,name_only,True,MFDS nedrug,nedrug.searchDrug,2026-06-12
202204286,환인설트랄린정25밀리그램(설트랄린염산염),환인설트랄린정25밀리그램(설트랄린염산염),설트랄린염산염,환인제약(주),False,name_only,True,MFDS nedrug,nedrug.searchDrug,2026-06-12
201507070,환인설트랄린정50밀리그램(설트랄린염산염),환인설트랄린정50밀리그램(설트랄린염산염),설트랄린염산염,환인제약(주),False,name_only,True,MFDS nedrug,nedrug.searchDrug,2026-06-12
201402460,동광둘록세틴캡슐30밀리그램(둘록세틴염산염),동광둘록세틴캡슐30밀리그램(둘록세틴염산염),둘록세틴염산염장용과립,동광제약(주),False,name_only,True,MFDS nedrug,nedrug.searchDrug,2026-06-12
201402461,동광둘록세틴캡슐60밀리그램(둘록세틴염산염),동광둘록세틴캡슐60밀리그램(둘록세틴염산염),둘록세틴염산염장용과립,동광제약(주),False,name_only,True,MFDS nedrug,nedrug.searchDrug,2026-06-12
201402273,두셀라캡슐30밀리그램(둘록세틴염산염),두셀라캡슐30밀리그램(둘록세틴염산염),둘록세틴염산염장용과립,한림제약(주),False,name_only,True,MFDS nedrug,nedrug.searchDrug,2026-06-12
201402270,두셀라캡슐60밀리그램(둘록세틴염산염),두셀라캡슐60밀리그램(둘록세틴염산염),둘록세틴염산염장용과립,한림제약(주),False,name_only,True,MFDS nedrug,nedrug.searchDrug,2026-06-12
201502314,두울세틴캡슐30밀리그램(둘록세틴염산염),두울세틴캡슐30밀리그램(둘록세틴염산염),둘록세틴염산염장용과립,(주)마더스제약,False,name_only,True,MFDS nedrug,nedrug.searchDrug,2026-06-12
201502313,두울세틴캡슐60밀리그램(둘록세틴염산염),두울세틴캡슐60밀리그램(둘록세틴염산염),둘록세틴염산염장용과립,(주)마더스제약,False,name_only,True,MFDS nedrug,nedrug.searchDrug,2026-06-12
201405792,둘로틴캡슐30밀리그램(둘록세틴염산염),둘로틴캡슐30밀리그램(둘록세틴염산염),둘록세틴염산염장용과립,(주)이든파마,False,name_only,True,MFDS nedrug,nedrug.searchDrug,2026-06-12
201405813,둘세린캡슐30밀리그램(둘록세틴염산염),둘세린캡슐30밀리그램(둘록세틴염산염),둘록세틴염산염장용과립,동국제약(주),False,name_only,True,MFDS nedrug,nedrug.searchDrug,2026-06-12
201405865,둘세린캡슐60밀리그램(둘록세틴염산염),둘세린캡슐60밀리그램(둘록세틴염산염),둘록세틴염산염장용과립,동국제약(주),False,name_only,True,MFDS nedrug,nedrug.searchDrug,2026-06-12
201501973,둘세틴캡슐30밀리그램(둘록세틴염산염),둘세틴캡슐30밀리그램(둘록세틴염산염),둘록세틴염산염장용과립,(주)킵스바이오파마,False,name_only,True,MFDS nedrug,nedrug.searchDrug,2026-06-12
201501974,둘세틴캡슐60밀리그램(둘록세틴염산염),둘세틴캡슐60밀리그램(둘록세틴염산염),둘록세틴염산염장용과립,(주)킵스바이오파마,False,name_only,True,MFDS nedrug,nedrug.searchDrug,2026-06-12
201802298,듀로세틴캡슐30밀리그램(둘록세틴염산염),듀로세틴캡슐30밀리그램(둘록세틴염산염),둘록세틴염산염장용과립,한국코러스(주),False,name_only,True,MFDS nedrug,nedrug.searchDrug,2026-06-12
201505607,"듀로센캡슐30밀리그램

(둘록세틴염산염)",듀로센캡슐30밀리그램 (둘록세틴염산염),둘록세틴염산염과립,유니메드제약(주),False,name_only,True,MFDS nedrug,nedrug.searchDrug,2026-06-12
201503029,"듀로센캡슐60밀리그램

(둘록세틴염산염)",듀로센캡슐60밀리그램 (둘록세틴염산염),둘록세틴염산염과립,유니메드제약(주),False,name_only,True,MFDS nedrug,nedrug.searchDrug,2026-06-12
201402868,듀로셉톨캡슐30밀리그램(둘록세틴염산염),듀로셉톨캡슐30밀리그램(둘록세틴염산염),둘록세틴염산염,환인제약(주),False,name_only,True,MFDS nedrug,nedrug.searchDrug,2026-06-12
201402869,듀로셉톨캡슐60밀리그램(둘록세틴염산염),듀로셉톨캡슐60밀리그램(둘록세틴염산염),둘록세틴염산염,환인제약(주),False,name_only,True,MFDS nedrug,nedrug.searchDrug,2026-06-12
201903549,듀로스캡슐30밀리그램(둘록세틴염산염),듀로스캡슐30밀리그램(둘록세틴염산염),둘록세틴염산염장용과립,하나제약(주),False,name_only,True,MFDS nedrug,nedrug.searchDrug,2026-06-12
201903550,듀로스캡슐60밀리그램(둘록세틴염산염),듀로스캡슐60밀리그램(둘록세틴염산염),둘록세틴염산염장용과립,하나제약(주),False,name_only,True,MFDS nedrug,nedrug.searchDrug,2026-06-12
201401792,듀로프렉스캡슐30밀리그램(둘록세틴염산염),듀로프렉스캡슐30밀리그램(둘록세틴염산염),둘록세틴염산염장용과립,고려제약(주),False,name_only,True,MFDS nedrug,nedrug.searchDrug,2026-06-12
201310933,듀로프렉스캡슐60밀리그램(둘록세틴염산염),듀로프렉스캡슐60밀리그램(둘록세틴염산염),둘록세틴염산염장용과립,고려제약(주),False,name_only,True,MFDS nedrug,nedrug.searchDrug,2026-06-12
201604083,듀록타캡슐30밀리그램(둘록세틴염산염),듀록타캡슐30밀리그램(둘록세틴염산염),둘록세틴염산염 장용과립,에이치케이이노엔(주),False,name_only,True,MFDS nedrug,nedrug.searchDrug,2026-06-12
201603992,듀록타캡슐60밀리그램(둘록세틴염산염),듀록타캡슐60밀리그램(둘록세틴염산염),둘록세틴염산염장용과립,에이치케이이노엔(주),False,name_only,True,MFDS nedrug,nedrug.searchDrug,2026-06-12
202003120,듀록틴캡슐30밀리그램(둘록세틴염산염),듀록틴캡슐30밀리그램(둘록세틴염산염),둘록세틴염산염장용과립,건일바이오팜주식회사,False,name_only,True,MFDS nedrug,nedrug.searchDrug,2026-06-12
202003119,듀록틴캡슐60밀리그램(둘록세틴염산염),듀록틴캡슐60밀리그램(둘록세틴염산염),둘록세틴염산염장용과립,건일바이오팜주식회사,False,name_only,True,MFDS nedrug,nedrug.searchDrug,2026-06-12
201404486,듀세타캡슐30밀리그램(둘록세틴염산염),듀세타캡슐30밀리그램(둘록세틴염산염),둘록세틴염산염장용과립,(주)메디카코리아,False,name_only,True,MFDS nedrug,nedrug.searchDrug,2026-06-12
201404488,듀세타캡슐60밀리그램(둘록세틴염산염),듀세타캡슐60밀리그램(둘록세틴염산염),둘록세틴염산염장용과립,(주)메디카코리아,False,name_only,True,MFDS nedrug,nedrug.searchDrug,2026-06-12
201402409,드록틴캡슐30밀리그램(둘록세틴염산염),드록틴캡슐30밀리그램(둘록세틴염산염),둘록세틴염산염,명인제약(주),False,name_only,True,MFDS nedrug,nedrug.searchDrug,2026-06-12
201402238,드록틴캡슐60밀리그램(둘록세틴염산염),드록틴캡슐60밀리그램(둘록세틴염산염),둘록세틴염산염,명인제약(주),False,name_only,True,MFDS nedrug,nedrug.searchDrug,2026-06-12
201402150,마이셀타캡슐30밀리그램(둘록세틴염산염),마이셀타캡슐30밀리그램(둘록세틴염산염),둘록세틴염산염장용과립,(주)한국파마,False,name_only,True,MFDS nedrug,nedrug.searchDrug,2026-06-12
201402151,마이셀타캡슐60밀리그램(둘록세틴염산염),마이셀타캡슐60밀리그램(둘록세틴염산염),둘록세틴염산염장용과립,(주)한국파마,False,name_only,True,MFDS nedrug,nedrug.searchDrug,2026-06-12
201900147,가바뉴로서방정150밀리그램(프레가발린),가바뉴로서방정150밀리그램(프레가발린),프레가발린,한림제약(주),False,name_only,True,MFDS nedrug,nedrug.searchDrug,2026-06-12
201900146,가바뉴로서방정300밀리그램(프레가발린),가바뉴로서방정300밀리그램(프레가발린),프레가발린,한림제약(주),False,name_only,True,MFDS nedrug,nedrug.searchDrug,2026-06-12
202401342,가바뉴로서방정75밀리그램(프레가발린),가바뉴로서방정75밀리그램(프레가발린),프레가발린,한림제약(주),False,name_only,True,MFDS nedrug,nedrug.searchDrug,2026-06-12
201109275,가바뉴로캡슐150밀리그램(프레가발린),가바뉴로캡슐150밀리그램(프레가발린),프레가발린,한림제약(주),False,name_only,True,MFDS nedrug,nedrug.searchDrug,2026-06-12
201901391,가바뉴로캡슐25밀리그램(프레가발린),가바뉴로캡슐25밀리그램(프레가발린),프레가발린,한림제약(주),False,name_only,True,MFDS nedrug,nedrug.searchDrug,2026-06-12
201706389,가바뉴로캡슐300밀리그램(프레가발린),가바뉴로캡슐300밀리그램(프레가발린),프레가발린,한림제약(주),False,name_only,True,MFDS nedrug,nedrug.searchDrug,2026-06-12
201901392,가바뉴로캡슐50밀리그램(프레가발린),가바뉴로캡슐50밀리그램(프레가발린),프레가발린,한림제약(주),False,name_only,True,MFDS nedrug,nedrug.searchDrug,2026-06-12
201109274,가바뉴로캡슐75밀리그램(프레가발린),가바뉴로캡슐75밀리그램(프레가발린),프레가발린,한림제약(주),False,name_only,True,MFDS nedrug,nedrug.searchDrug,2026-06-12
201800719,가바메드캡슐150밀리그램(프레가발린),가바메드캡슐150밀리그램(프레가발린),프레가발린,엔비케이제약(주),False,name_only,True,MFDS nedrug,nedrug.searchDrug,2026-06-12
202000452,가바메드캡슐25밀리그램(프레가발린),가바메드캡슐25밀리그램(프레가발린),프레가발린,엔비케이제약(주),False,name_only,True,MFDS nedrug,nedrug.searchDrug,2026-06-12
202000453,가바메드캡슐50밀리그램(프레가발린),가바메드캡슐50밀리그램(프레가발린),프레가발린,엔비케이제약(주),False,name_only,True,MFDS nedrug,nedrug.searchDrug,2026-06-12
201800720,가바메드캡슐75밀리그램(프레가발린),가바메드캡슐75밀리그램(프레가발린),프레가발린,엔비케이제약(주),False,name_only,True,MFDS nedrug,nedrug.searchDrug,2026-06-12
201705789,가벨린정150밀리그램(프레가발린),가벨린정150밀리그램(프레가발린),프레가발린,삼일제약(주),False,name_only,True,MFDS nedrug,nedrug.searchDrug,2026-06-12
201905358,가벨린정25밀리그램(프레가발린),가벨린정25밀리그램(프레가발린),프레가발린,삼일제약(주),False,name_only,True,MFDS nedrug,nedrug.searchDrug,2026-06-12
201905357,가벨린정50밀리그램(프레가발린),가벨린정50밀리그램(프레가발린),프레가발린,삼일제약(주),False,name_only,True,MFDS nedrug,nedrug.searchDrug,2026-06-12
201705790,가벨린정75밀리그램(프레가발린),가벨린정75밀리그램(프레가발린),프레가발린,삼일제약(주),False,name_only,True,MFDS nedrug,nedrug.searchDrug,2026-06-12
201603622,넥리카캡슐150mg(프레가발린),넥리카캡슐150mg(프레가발린),프레가발린,(주)넥스팜코리아,False,name_only,True,MFDS nedrug,nedrug.searchDrug,2026-06-12
201603623,넥리카캡슐75mg(프레가발린),넥리카캡슐75mg(프레가발린),프레가발린,(주)넥스팜코리아,False,name_only,True,MFDS nedrug,nedrug.searchDrug,2026-06-12
201603533,넬슨프레가발린캡슐150mg(프레가발린),넬슨프레가발린캡슐150mg(프레가발린),프레가발린,한국넬슨제약(주),False,name_only,True,MFDS nedrug,nedrug.searchDrug,2026-06-12
201603532,넬슨프레가발린캡슐75mg(프레가발린),넬슨프레가발린캡슐75mg(프레가발린),프레가발린,한국넬슨제약(주),False,name_only,True,MFDS nedrug,nedrug.searchDrug,2026-06-12
201502967,뉴로가발린캡슐150밀리그램(프레가발린),뉴로가발린캡슐150밀리그램(프레가발린),프레가발린,(주)마더스제약,False,name_only,True,MFDS nedrug,nedrug.searchDrug,2026-06-12
202003710,뉴로가발린캡슐50밀리그램(프레가발린),뉴로가발린캡슐50밀리그램(프레가발린),프레가발린,(주)마더스제약,False,name_only,True,MFDS nedrug,nedrug.searchDrug,2026-06-12
201502966,뉴로가발린캡슐75밀리그램(프레가발린),뉴로가발린캡슐75밀리그램(프레가발린),프레가발린,(주)마더스제약,False,name_only,True,MFDS nedrug,nedrug.searchDrug,2026-06-12
201901934,뉴로발린캡슐150mg(프레가발린),뉴로발린캡슐150mg(프레가발린),프레가발린,(주)화이트생명과학,False,name_only,True,MFDS nedrug,nedrug.searchDrug,2026-06-12
201901933,뉴로발린캡슐75mg(프레가발린),뉴로발린캡슐75mg(프레가발린),프레가발린,(주)화이트생명과학,False,name_only,True,MFDS nedrug,nedrug.searchDrug,2026-06-12
201108886,뉴로카바-피지캡슐150밀리그램(프레가발린),뉴로카바-피지캡슐150밀리그램(프레가발린),프레가발린,삼진제약(주),False,name_only,True,MFDS nedrug,nedrug.searchDrug,2026-06-12
201108892,뉴로카바-피지캡슐75밀리그램(프레가발린),뉴로카바-피지캡슐75밀리그램(프레가발린),프레가발린,삼진제약(주),False,name_only,True,MFDS nedrug,nedrug.searchDrug,2026-06-12
201804987,뉴로카바피지캡슐25밀리그램(프레가발린),뉴로카바피지캡슐25밀리그램(프레가발린),프레가발린,삼진제약(주),False,name_only,True,MFDS nedrug,nedrug.searchDrug,2026-06-12
201708174,뉴로카바피지캡슐300밀리그램(프레가발린),뉴로카바피지캡슐300밀리그램(프레가발린),프레가발린,삼진제약(주),False,name_only,True,MFDS nedrug,nedrug.searchDrug,2026-06-12
201804988,뉴로카바피지캡슐50밀리그램(프레가발린),뉴로카바피지캡슐50밀리그램(프레가발린),프레가발린,삼진제약(주),False,name_only,True,MFDS nedrug,nedrug.searchDrug,2026-06-12
202001336,가뉴틴캡슐300밀리그램(가바펜틴),가뉴틴캡슐300밀리그램(가바펜틴),가바펜틴,일성아이에스(주),False,name_only,True,MFDS nedrug,nedrug.searchDrug,2026-06-12
201800807,가로틴캡슐100밀리그램(가바펜틴),가로틴캡슐100밀리그램(가바펜틴),가바펜틴,(주)시어스제약,False,name_only,True,MFDS nedrug,nedrug.searchDrug,2026-06-12
201803472,가바랩캡슐100mg(가바펜틴),가바랩캡슐100mg(가바펜틴),가바펜틴,구주제약(주),False,name_only,True,MFDS nedrug,nedrug.searchDrug,2026-06-12
200608194,가바렉스정600밀리그램(가바펜틴),가바렉스정600밀리그램(가바펜틴),가바펜틴,(주)씨엠지제약,False,name_only,True,MFDS nedrug,nedrug.searchDrug,2026-06-12
202001434,가바렉스캡슐100mg(가바펜틴),가바렉스캡슐100mg(가바펜틴),가바펜틴,(주)씨엠지제약,False,name_only,True,MFDS nedrug,nedrug.searchDrug,2026-06-12
201405764,가바렉스캡슐300mg(가바펜틴),가바렉스캡슐300mg(가바펜틴),가바펜틴,(주)씨엠지제약,False,name_only,True,MFDS nedrug,nedrug.searchDrug,2026-06-12
200500128,가바렙캡슐100밀리그람(가바펜틴),가바렙캡슐100밀리그람(가바펜틴),가바펜틴,(주)종근당,False,name_only,True,MFDS nedrug,nedrug.searchDrug,2026-06-12
200400105,가바렙캡슐300밀리그람(가바펜틴),가바렙캡슐300밀리그람(가바펜틴),가바펜틴,(주)종근당,False,name_only,True,MFDS nedrug,nedrug.searchDrug,2026-06-12
201505160,가바로닌캡슐100mg(가바펜틴),가바로닌캡슐100mg(가바펜틴),가바펜틴,알리코제약(주),False,name_only,True,MFDS nedrug,nedrug.searchDrug,2026-06-12
201505159,가바로닌캡슐300mg(가바펜틴),가바로닌캡슐300mg(가바펜틴),가바펜틴,알리코제약(주),False,name_only,True,MFDS nedrug,nedrug.searchDrug,2026-06-12
200400015,가바론캡슐300mg(가바펜틴),가바론캡슐300mg(가바펜틴),가바펜틴,신풍제약(주),False,name_only,True,MFDS nedrug,nedrug.searchDrug,2026-06-12
202002687,가바론틴캡슐100밀리그램(가바펜틴),가바론틴캡슐100밀리그램(가바펜틴),가바펜틴,엔비케이제약(주),False,name_only,True,MFDS nedrug,nedrug.searchDrug,2026-06-12
202002688,가바론틴캡슐300밀리그램(가바펜틴),가바론틴캡슐300밀리그램(가바펜틴),가바펜틴,(주)씨엘팜,False,name_only,True,MFDS nedrug,nedrug.searchDrug,2026-06-12
200805255,가바스탄캡슐(가바펜틴),가바스탄캡슐(가바펜틴),가바펜틴,(주)한국파비스제약,False,name_only,True,MFDS nedrug,nedrug.searchDrug,2026-06-12
201900773,가바스틸캡슐100mg(가바펜틴),가바스틸캡슐100mg(가바펜틴),가바펜틴,한국휴텍스제약(주),False,name_only,True,MFDS nedrug,nedrug.searchDrug,2026-06-12
201308752,가바스틸캡슐300mg(가바펜틴),가바스틸캡슐300mg(가바펜틴),가바펜틴,한국휴텍스제약(주),False,name_only,True,MFDS nedrug,nedrug.searchDrug,2026-06-12
202002077,가바원캡슐100밀리그램(가바펜틴),가바원캡슐100밀리그램(가바펜틴),가바펜틴,(주)서흥,False,name_only,True,MFDS nedrug,nedrug.searchDrug,2026-06-12
202002076,가바원캡슐300밀리그램(가바펜틴),가바원캡슐300밀리그램(가바펜틴),가바펜틴,(주)서흥,False,name_only,True,MFDS nedrug,nedrug.searchDrug,2026-06-12
201507872,가바인캡슐100mg(가바펜틴),가바인캡슐100mg(가바펜틴),가바펜틴,조아제약(주),False,name_only,True,MFDS nedrug,nedrug.searchDrug,2026-06-12
201507611,가바인캡슐300mg(가바펜틴),가바인캡슐300mg(가바펜틴),가바펜틴,조아제약(주),False,name_only,True,MFDS nedrug,nedrug.searchDrug,2026-06-12
201901919,가바케이캡슐100밀리그램(가바펜틴),가바케이캡슐100밀리그램(가바펜틴),가바펜틴,주식회사케이에스제약,False,name_only,True,MFDS nedrug,nedrug.searchDrug,2026-06-12
201901918,가바케이캡슐300밀리그램(가바펜틴),가바케이캡슐300밀리그램(가바펜틴),가바펜틴,주식회사케이에스제약,False,name_only,True,MFDS nedrug,nedrug.searchDrug,2026-06-12
201405788,가바킹캡슐300mg(가바펜틴),가바킹캡슐300mg(가바펜틴),가바펜틴,(주)킵스바이오파마,False,name_only,True,MFDS nedrug,nedrug.searchDrug,2026-06-12
201907285,가바텍스캡슐100밀리그램(가바펜틴),가바텍스캡슐100밀리그램(가바펜틴),가바펜틴,(주)테라젠이텍스,False,name_only,True,MFDS nedrug,nedrug.searchDrug,2026-06-12
201907284,가바텍스캡슐300밀리그램(가바펜틴),가바텍스캡슐300밀리그램(가바펜틴),가바펜틴,(주)테라젠이텍스,False,name_only,True,MFDS nedrug,nedrug.searchDrug,2026-06-12
201903623,가바텐캡슐100밀리그램(가바펜틴),가바텐캡슐100밀리그램(가바펜틴),가바펜틴,대한뉴팜(주),False,name_only,True,MFDS nedrug,nedrug.searchDrug,2026-06-12
201903624,가바텐캡슐300밀리그램(가바펜틴),가바텐캡슐300밀리그램(가바펜틴),가바펜틴,대한뉴팜(주),False,name_only,True,MFDS nedrug,nedrug.searchDrug,2026-06-12
201902083,가바투캡슐100밀리그램(가바펜틴),가바투캡슐100밀리그램(가바펜틴),가바펜틴,코스맥스파마(주),False,name_only,True,MFDS nedrug,nedrug.searchDrug,2026-06-12
201902082,가바투캡슐300밀리그램(가바펜틴),가바투캡슐300밀리그램(가바펜틴),가바펜틴,코스맥스파마(주),False,name_only,True,MFDS nedrug,nedrug.searchDrug,2026-06-12
201801625,가바티론캡슐100밀리그램(가바펜틴),가바티론캡슐100밀리그램(가바펜틴),가바펜틴,(주)다산제약,False,name_only,True,MFDS nedrug,nedrug.searchDrug,2026-06-12
200704597,산도스졸피뎀정10mg(주석산졸피뎀),산도스졸피뎀정10mg(주석산졸피뎀),주석산졸피뎀,삼일제약(주),False,name_only,True,MFDS nedrug,nedrug.searchDrug,2026-06-12
201701569,스립정10밀리그램(졸피뎀타르타르산염),스립정10밀리그램(졸피뎀타르타르산염),졸피뎀타르타르산염,유니메드제약(주),False,name_only,True,MFDS nedrug,nedrug.searchDrug,2026-06-12
201701570,스립정5밀리그램(졸피뎀타르타르산염),스립정5밀리그램(졸피뎀타르타르산염),졸피뎀타르타르산염,유니메드제약(주),False,name_only,True,MFDS nedrug,nedrug.searchDrug,2026-06-12
200700636,스틸녹스CR정12.5밀리그램(졸피뎀타르타르산염),스틸녹스cr정12.5밀리그램(졸피뎀타르타르산염),졸피뎀타르타르산염,(주)한독,False,name_only,True,MFDS nedrug,nedrug.searchDrug,2026-06-12
200700635,스틸녹스CR정6.25밀리그램(졸피뎀타르타르산염),스틸녹스cr정6.25밀리그램(졸피뎀타르타르산염),졸피뎀타르타르산염,(주)한독,False,name_only,True,MFDS nedrug,nedrug.searchDrug,2026-06-12
200700634,스틸녹스정10밀리그램(졸피뎀타르타르산염),스틸녹스정10밀리그램(졸피뎀타르타르산염),졸피뎀타르타르산염,(주)한독,False,name_only,True,MFDS nedrug,nedrug.searchDrug,2026-06-12
201406022,스틸렉스정10밀리그램(졸피뎀타르타르산염),스틸렉스정10밀리그램(졸피뎀타르타르산염),졸피뎀타르타르산염,명문제약(주),False,name_only,True,MFDS nedrug,nedrug.searchDrug,2026-06-12
200410861,졸피드정10밀리그램(졸피뎀타르타르산염),졸피드정10밀리그램(졸피뎀타르타르산염),졸피뎀타르타르산염,한미약품(주),False,name_only,True,MFDS nedrug,nedrug.searchDrug,2026-06-12
201501813,졸피드정5밀리그램(졸피뎀타르타르산염),졸피드정5밀리그램(졸피뎀타르타르산염),졸피뎀타르타르산염,한미약품(주),False,name_only,True,MFDS nedrug,nedrug.searchDrug,2026-06-12
201800563,졸피람정10밀리그램(졸피뎀타르타르산염)(Zolpiram Tablet 10mg),졸피람정10밀리그램(졸피뎀타르타르산염)(zolpiram tablet 10mg),졸피뎀타르타르산염,환인제약(주),False,name_only,True,MFDS nedrug,nedrug.searchDrug,2026-06-12
200512142,졸피람정10밀리그램(졸피뎀타르타르산염),졸피람정10밀리그램(졸피뎀타르타르산염),졸피뎀타르타르산염,환인제약(주),False,name_only,True,MFDS nedrug,nedrug.searchDrug,2026-06-12
200710013,졸피신정10밀리그램(졸피뎀타르타르산염),졸피신정10밀리그램(졸피뎀타르타르산염),졸피뎀타르타르산염,명인제약(주),False,name_only,True,MFDS nedrug,nedrug.searchDrug,2026-06-12
201606485,졸피신정5밀리그램(졸피뎀타르타르산염),졸피신정5밀리그램(졸피뎀타르타르산염),졸피뎀타르타르산염,명인제약(주),False,name_only,True,MFDS nedrug,nedrug.searchDrug,2026-06-12
200606262,졸피움정(졸피뎀타르타르산염),졸피움정(졸피뎀타르타르산염),졸피뎀타르타르산염,고려제약(주),False,name_only,True,MFDS nedrug,nedrug.searchDrug,2026-06-12
202402908,졸피원정10밀리그램(졸피뎀타르타르산염),졸피원정10밀리그램(졸피뎀타르타르산염),졸피뎀타르타르산염,하나제약(주),False,name_only,True,MFDS nedrug,nedrug.searchDrug,2026-06-12
200606261,파마주석산졸피뎀정(졸피뎀타르타르산염),파마주석산졸피뎀정(졸피뎀타르타르산염),졸피뎀타르타르산염,(주)한국파마,False,name_only,True,MFDS nedrug,nedrug.searchDrug,2026-06-12
201405703,명문알프라졸람정0.25밀리그램,명문알프라졸람정0.25밀리그램,알프라졸람,명문제약(주),False,name_only,True,MFDS nedrug,nedrug.searchDrug,2026-06-12
201405704,명문알프라졸람정0.5밀리그램,명문알프라졸람정0.5밀리그램,알프라졸람,명문제약(주),False,name_only,True,MFDS nedrug,nedrug.searchDrug,2026-06-12
199203480,아졸락정0.25밀리그람(알프라졸람),아졸락정0.25밀리그람(알프라졸람),알프라졸람,유니메드제약(주),False,name_only,True,MFDS nedrug,nedrug.searchDrug,2026-06-12
199203482,아졸락정0.5밀리그람(알프라졸람),아졸락정0.5밀리그람(알프라졸람),알프라졸람,유니메드제약(주),False,name_only,True,MFDS nedrug,nedrug.searchDrug,2026-06-12
200410831,알프라낙스정0.25밀리그람,알프라낙스정0.25밀리그람,알프라졸람,(주)한국파마,False,name_only,True,MFDS nedrug,nedrug.searchDrug,2026-06-12
200410832,알프라낙스정0.5밀리그람,알프라낙스정0.5밀리그람,알프라졸람,(주)한국파마,False,name_only,True,MFDS nedrug,nedrug.searchDrug,2026-06-12
202300713,알프라원정0.25밀리그램(알프라졸람),알프라원정0.25밀리그램(알프라졸람),알프라졸람,하나제약(주),False,name_only,True,MFDS nedrug,nedrug.searchDrug,2026-06-12
202300714,알프라원정0.5밀리그램(알프라졸람),알프라원정0.5밀리그램(알프라졸람),알프라졸람,하나제약(주),False,name_only,True,MFDS nedrug,nedrug.searchDrug,2026-06-12
202203919,알프람정0.125밀리그램(알프라졸람),알프람정0.125밀리그램(알프라졸람),알프라졸람(미분화),환인제약(주),False,name_only,True,MFDS nedrug,nedrug.searchDrug,2026-06-12
198702203,알프람정0.25밀리그램(알프라졸람),알프람정0.25밀리그램(알프라졸람),알프라졸람,환인제약(주),False,name_only,True,MFDS nedrug,nedrug.searchDrug,2026-06-12
201308678,알프람정0.25밀리그램(알프라졸람)(Alpram Tablet 0.25mg),알프람정0.25밀리그램(알프라졸람)(alpram tablet 0.25mg),알프라졸람,환인제약(주),False,name_only,True,MFDS nedrug,nedrug.searchDrug,2026-06-12
201309193,알프람정0.4밀리그램(알프라졸람)(Alpram Tablet 0.4mg),알프람정0.4밀리그램(알프라졸람)(alpram tablet 0.4mg),알프라졸람,환인제약(주),False,name_only,True,MFDS nedrug,nedrug.searchDrug,2026-06-12
199203462,알프람정0.4밀리그램(알프라졸람),알프람정0.4밀리그램(알프라졸람),알프라졸람,환인제약(주),False,name_only,True,MFDS nedrug,nedrug.searchDrug,2026-06-12
201308720,알프람정0.5밀리그램(알프라졸람)(Alpram Tablet 0.5mg),알프람정0.5밀리그램(알프라졸람)(alpram tablet 0.5mg),알프라졸람,환인제약(주),False,name_only,True,MFDS nedrug,nedrug.searchDrug,2026-06-12
198702202,알프람정0.5밀리그램(알프라졸람),알프람정0.5밀리그램(알프라졸람),알프라졸람,환인제약(주),False,name_only,True,MFDS nedrug,nedrug.searchDrug,2026-06-12
201803903,자나팜정0.125밀리그램(알프라졸람),자나팜정0.125밀리그램(알프라졸람),알프라졸람,명인제약(주),False,name_only,True,MFDS nedrug,nedrug.searchDrug,2026-06-12
198702209,자나팜정0.25밀리그램(알프라졸람),자나팜정0.25밀리그램(알프라졸람),알프라졸람,명인제약(주),False,name_only,True,MFDS nedrug,nedrug.searchDrug,2026-06-12
199304455,자나팜정0.4밀리그램(알프라졸람),자나팜정0.4밀리그램(알프라졸람),알프라졸람,명인제약(주),False,name_only,True,MFDS nedrug,nedrug.searchDrug,2026-06-12
198702210,자나팜정0.5밀리그램(알프라졸람),자나팜정0.5밀리그램(알프라졸람),알프라졸람,명인제약(주),False,name_only,True,MFDS nedrug,nedrug.searchDrug,2026-06-12
198702211,자나팜정1밀리그램(알프라졸람),자나팜정1밀리그램(알프라졸람),알프라졸람,명인제약(주),False,name_only,True,MFDS nedrug,nedrug.searchDrug,2026-06-12
200410869,자낙스정0.25밀리그램(알프라졸람),자낙스정0.25밀리그램(알프라졸람),알프라졸람,비아트리스코리아(주),False,name_only,True,MFDS nedrug,nedrug.searchDrug,2026-06-12
200410870,자낙스정0.5밀리그램(알프라졸람),자낙스정0.5밀리그램(알프라졸람),알프라졸람,비아트리스코리아(주),False,name_only,True,MFDS nedrug,nedrug.searchDrug,2026-06-12
200109957,자세틴정0.25밀리그램(알프라졸람),자세틴정0.25밀리그램(알프라졸람),알프라졸람,(주)메디카코리아,False,name_only,True,MFDS nedrug,nedrug.searchDrug,2026-06-12
198802986,자이렌정0.25밀리그램(알프라졸람),자이렌정0.25밀리그램(알프라졸람),알프라졸람,광동제약(주),False,name_only,True,MFDS nedrug,nedrug.searchDrug,2026-06-12
198802985,자이렌정0.5밀리그램(알프라졸람),자이렌정0.5밀리그램(알프라졸람),알프라졸람,광동제약(주),False,name_only,True,MFDS nedrug,nedrug.searchDrug,2026-06-12
200803405,한림알프라졸람정0.5밀리그램,한림알프라졸람정0.5밀리그램,알프라졸람,한림제약(주),False,name_only,True,MFDS nedrug,nedrug.searchDrug,2026-06-12
199604965,한림알프라졸람정0.25밀리그램,한림알프라졸람정0.25밀리그램,알프라졸람,한림제약(주),False,name_only,True,MFDS nedrug,nedrug.searchDrug,2026-06-12
200708888,라모스탈정100밀리그램(라모트리진),라모스탈정100밀리그램(라모트리진),라모트리진,명인제약(주),False,name_only,True,MFDS nedrug,nedrug.searchDrug,2026-06-12
201001684,라모스탈정50밀리그램(라모트리진),라모스탈정50밀리그램(라모트리진),라모트리진,명인제약(주),False,name_only,True,MFDS nedrug,nedrug.searchDrug,2026-06-12
200500216,라모진정100밀리그람(라모트리진),라모진정100밀리그람(라모트리진),라모트리진,이연제약(주),False,name_only,True,MFDS nedrug,nedrug.searchDrug,2026-06-12
200901637,라모진정25mg(라모트리진),라모진정25mg(라모트리진),라모트리진,이연제약(주),False,name_only,True,MFDS nedrug,nedrug.searchDrug,2026-06-12
200901633,라모진정50mg(라모트리진),라모진정50mg(라모트리진),라모트리진,이연제약(주),False,name_only,True,MFDS nedrug,nedrug.searchDrug,2026-06-12
200611060,라모티진정100밀리그램(라모트리진),라모티진정100밀리그램(라모트리진),라모트리진,부광약품(주),False,name_only,True,MFDS nedrug,nedrug.searchDrug,2026-06-12
200809576,"라모티진정25밀리그램
(라모트리진)",라모티진정25밀리그램 (라모트리진),라모트리진,부광약품(주),False,name_only,True,MFDS nedrug,nedrug.searchDrug,2026-06-12
200809575,라모티진정50밀리그램(라모트리진),라모티진정50밀리그램(라모트리진),라모트리진,부광약품(주),False,name_only,True,MFDS nedrug,nedrug.searchDrug,2026-06-12
200706331,라미아트정100밀리그램(라모트리진),라미아트정100밀리그램(라모트리진),라모트리진,(주)대웅제약,False,name_only,True,MFDS nedrug,nedrug.searchDrug,2026-06-12
200706332,라미아트정25밀리그램(라모트리진),라미아트정25밀리그램(라모트리진),라모트리진,(주)대웅제약,False,name_only,True,MFDS nedrug,nedrug.searchDrug,2026-06-12
200706333,라미아트정50밀리그램(라모트리진),라미아트정50밀리그램(라모트리진),라모트리진,(주)대웅제약,False,name_only,True,MFDS nedrug,nedrug.searchDrug,2026-06-12
200209641,"라믹탈정25밀리그램,50밀리그램,100밀리그램(라모트리진)","라믹탈정25밀리그램,50밀리그램,100밀리그램(라모트리진)",라모트리진,(주)글락소스미스클라인,False,name_only,True,MFDS nedrug,nedrug.searchDrug,2026-06-12
200603851,라믹탈츄어블정2밀리그램(라모트리진),라믹탈츄어블정2밀리그램(라모트리진),라모트리진,(주)글락소스미스클라인,False,name_only,True,MFDS nedrug,nedrug.searchDrug,2026-06-12
200603850,라믹탈츄어블정5밀리그램(라모트리진),라믹탈츄어블정5밀리그램(라모트리진),라모트리진,(주)글락소스미스클라인,False,name_only,True,MFDS nedrug,nedrug.searchDrug,2026-06-12
200502871,라비시틴정100밀리그램(라모트리진),라비시틴정100밀리그램(라모트리진),라모트리진,한림제약(주),False,name_only,True,MFDS nedrug,nedrug.searchDrug,2026-06-12
200708355,라비시틴정25밀리그램(라모트리진),라비시틴정25밀리그램(라모트리진),라모트리진,한림제약(주),False,name_only,True,MFDS nedrug,nedrug.searchDrug,2026-06-12
200705098,라비시틴정50밀리그램(라모트리진),라비시틴정50밀리그램(라모트리진),라모트리진,한림제약(주),False,name_only,True,MFDS nedrug,nedrug.searchDrug,2026-06-12
201201263,테바라모트리진츄어블정25밀리그램,테바라모트리진츄어블정25밀리그램,라모트리진,(주)한독테바,False,name_only,True,MFDS nedrug,nedrug.searchDrug,2026-06-12
201201264,테바라모트리진츄어블정100밀리그램,테바라모트리진츄어블정100밀리그램,라모트리진,(주)한독테바,False,name_only,True,MFDS nedrug,nedrug.searchDrug,2026-06-12
201200435,테바라모트리진츄어블정50밀리그램,테바라모트리진츄어블정50밀리그램,라모트리진,(주)한독테바,False,name_only,True,MFDS nedrug,nedrug.searchDrug,2026-06-12
202001604,동화쿠에티아핀정100밀리그램(쿠에티아핀푸마르산염),동화쿠에티아핀정100밀리그램(쿠에티아핀푸마르산염),쿠에티아핀푸마르산염,동화약품(주),False,name_only,True,MFDS nedrug,nedrug.searchDrug,2026-06-12
202401795,동화쿠에티아핀정12.5밀리그램(쿠에티아핀푸마르산염),동화쿠에티아핀정12.5밀리그램(쿠에티아핀푸마르산염),쿠에티아핀푸마르산염,동화약품(주),False,name_only,True,MFDS nedrug,nedrug.searchDrug,2026-06-12
202001602,동화쿠에티아핀정200밀리그램(쿠에티아핀푸마르산염),동화쿠에티아핀정200밀리그램(쿠에티아핀푸마르산염),쿠에티아핀푸마르산염,동화약품(주),False,name_only,True,MFDS nedrug,nedrug.searchDrug,2026-06-12
202001601,동화쿠에티아핀정25밀리그램(쿠에티아핀푸마르산염),동화쿠에티아핀정25밀리그램(쿠에티아핀푸마르산염),쿠에티아핀푸마르산염,동화약품(주),False,name_only,True,MFDS nedrug,nedrug.searchDrug,2026-06-12
202001603,동화쿠에티아핀정300밀리그램(쿠에티아핀푸마르산염),동화쿠에티아핀정300밀리그램(쿠에티아핀푸마르산염),쿠에티아핀푸마르산염,동화약품(주),False,name_only,True,MFDS nedrug,nedrug.searchDrug,2026-06-12
200704618,명문쿠에티아핀정(쿠에티아핀푸마르산염),명문쿠에티아핀정(쿠에티아핀푸마르산염),쿠에티아핀푸마르산염,명문제약(주),False,name_only,True,MFDS nedrug,nedrug.searchDrug,2026-06-12
200807038,명문쿠에티아핀정200밀리그램(쿠에티아핀푸마르산염),명문쿠에티아핀정200밀리그램(쿠에티아핀푸마르산염),쿠에티아핀푸마르산염,명문제약(주),False,name_only,True,MFDS nedrug,nedrug.searchDrug,2026-06-12
200807041,명문쿠에티아핀정25밀리그램(쿠에티아핀푸마르산염),명문쿠에티아핀정25밀리그램(쿠에티아핀푸마르산염),쿠에티아핀푸마르산염,명문제약(주),False,name_only,True,MFDS nedrug,nedrug.searchDrug,2026-06-12
200809080,명문쿠에티아핀정300밀리그램(쿠에티아핀푸마르산염),명문쿠에티아핀정300밀리그램(쿠에티아핀푸마르산염),쿠에티아핀푸마르산염,명문제약(주),False,name_only,True,MFDS nedrug,nedrug.searchDrug,2026-06-12
201904286,비엘쿠에티정100밀리그램(쿠에티아핀푸마르산염),비엘쿠에티정100밀리그램(쿠에티아핀푸마르산염),쿠에티아핀푸마르산염,(주)라이트팜텍,False,name_only,True,MFDS nedrug,nedrug.searchDrug,2026-06-12
201801717,삼성쿠에티아핀정25밀리그램(쿠에티아핀푸마르산염),삼성쿠에티아핀정25밀리그램(쿠에티아핀푸마르산염),쿠에티아핀푸마르산염,삼성제약(주),False,name_only,True,MFDS nedrug,nedrug.searchDrug,2026-06-12
201600275,세로아핀정100mg(쿠에티아핀푸마르산염),세로아핀정100mg(쿠에티아핀푸마르산염),쿠에티아핀푸마르산염,위더스제약(주),False,name_only,True,MFDS nedrug,nedrug.searchDrug,2026-06-12
201600274,세로아핀정25mg(쿠에티아핀푸마르산염),세로아핀정25mg(쿠에티아핀푸마르산염),쿠에티아핀푸마르산염,위더스제약(주),False,name_only,True,MFDS nedrug,nedrug.searchDrug,2026-06-12
201905240,세로큐정100밀리그램(쿠에티아핀푸마르산염),세로큐정100밀리그램(쿠에티아핀푸마르산염),쿠에티아핀푸마르산염,하나제약(주),False,name_only,True,MFDS nedrug,nedrug.searchDrug,2026-06-12
201905241,세로큐정200밀리그램(쿠에티아핀푸마르산염),세로큐정200밀리그램(쿠에티아핀푸마르산염),쿠에티아핀푸마르산염,하나제약(주),False,name_only,True,MFDS nedrug,nedrug.searchDrug,2026-06-12
201905239,세로큐정25밀리그램(쿠에티아핀푸마르산염),세로큐정25밀리그램(쿠에티아핀푸마르산염),쿠에티아핀푸마르산염,하나제약(주),False,name_only,True,MFDS nedrug,nedrug.searchDrug,2026-06-12
201905242,세로큐정300밀리그램(쿠에티아핀푸마르산염),세로큐정300밀리그램(쿠에티아핀푸마르산염),쿠에티아핀푸마르산염,하나제약(주),False,name_only,True,MFDS nedrug,nedrug.searchDrug,2026-06-12
200712559,스무디핀정100밀리그램(쿠에티아핀푸마르산염),스무디핀정100밀리그램(쿠에티아핀푸마르산염),쿠에티아핀푸마르산염,한미약품(주),False,name_only,True,MFDS nedrug,nedrug.searchDrug,2026-06-12
200810703,스무디핀정200밀리그램(쿠에티아핀푸마르산염),스무디핀정200밀리그램(쿠에티아핀푸마르산염),쿠에티아핀푸마르산염,한미약품(주),False,name_only,True,MFDS nedrug,nedrug.searchDrug,2026-06-12
200810702,스무디핀정25밀리그램(쿠에티아핀푸마르산염),스무디핀정25밀리그램(쿠에티아핀푸마르산염),쿠에티아핀푸마르산염,한미약품(주),False,name_only,True,MFDS nedrug,nedrug.searchDrug,2026-06-12
201903266,신신쿠에티아핀정100밀리그램(쿠에티아핀푸마르산염),신신쿠에티아핀정100밀리그램(쿠에티아핀푸마르산염),쿠에티아핀푸마르산염,신신제약(주),False,name_only,True,MFDS nedrug,nedrug.searchDrug,2026-06-12
201903551,신신쿠에티아핀정200밀리그램(쿠에티아핀푸마르산염),신신쿠에티아핀정200밀리그램(쿠에티아핀푸마르산염),쿠에티아핀푸마르산염,신신제약(주),False,name_only,True,MFDS nedrug,nedrug.searchDrug,2026-06-12
201903265,신신쿠에티아핀정25밀리그램(쿠에티아핀푸마르산염),신신쿠에티아핀정25밀리그램(쿠에티아핀푸마르산염),쿠에티아핀푸마르산염,신신제약(주),False,name_only,True,MFDS nedrug,nedrug.searchDrug,2026-06-12
200906719,쎄로켈서방정150밀리그램(쿠에티아핀푸마르산염),쎄로켈서방정150밀리그램(쿠에티아핀푸마르산염),쿠에티아핀푸마르산염,알보젠코리아(주),False,name_only,True,MFDS nedrug,nedrug.searchDrug,2026-06-12
200712982,쎄로켈서방정200밀리그램(쿠에티아핀푸마르산염),쎄로켈서방정200밀리그램(쿠에티아핀푸마르산염),쿠에티아핀푸마르산염,알보젠코리아(주),False,name_only,True,MFDS nedrug,nedrug.searchDrug,2026-06-12
200712980,"쎄로켈서방정300밀리그램(쿠에티아핀푸마르산염
)",쎄로켈서방정300밀리그램(쿠에티아핀푸마르산염 ),쿠에티아핀푸마르산염,알보젠코리아(주),False,name_only,True,MFDS nedrug,nedrug.searchDrug,2026-06-12
200712979,"쎄로켈서방정400밀리그램(쿠에티아핀푸마르산염
)",쎄로켈서방정400밀리그램(쿠에티아핀푸마르산염 ),쿠에티아핀푸마르산염,알보젠코리아(주),False,name_only,True,MFDS nedrug,nedrug.searchDrug,2026-06-12
200712981,쎄로켈서방정50밀리그램(쿠에티아핀푸마르산염),쎄로켈서방정50밀리그램(쿠에티아핀푸마르산염),쿠에티아핀푸마르산염,알보젠코리아(주),False,name_only,True,MFDS nedrug,nedrug.searchDrug,2026-06-12
200009023,쎄로켈정100밀리그램(쿠에티아핀푸마르산염),쎄로켈정100밀리그램(쿠에티아핀푸마르산염),쿠에티아핀푸마르산염,알보젠코리아(주),False,name_only,True,MFDS nedrug,nedrug.searchDrug,2026-06-12
200009024,쎄로켈정200밀리그램(쿠에티아핀푸마르산염),쎄로켈정200밀리그램(쿠에티아핀푸마르산염),쿠에티아핀푸마르산염,알보젠코리아(주),False,name_only,True,MFDS nedrug,nedrug.searchDrug,2026-06-12
202002257,네오셉트정10밀리그램(도네페질염산염일수화물),네오셉트정10밀리그램(도네페질염산염일수화물),도네페질염산염일수화물,(주)새한제약,False,name_only,True,MFDS nedrug,nedrug.searchDrug,2026-06-12
202002256,네오셉트정5밀리그램(도네페질염산염일수화물),네오셉트정5밀리그램(도네페질염산염일수화물),도네페질염산염일수화물,(주)새한제약,False,name_only,True,MFDS nedrug,nedrug.searchDrug,2026-06-12
201604311,네오페질정10밀리그램(도네페질염산염수화물),네오페질정10밀리그램(도네페질염산염수화물),도네페질염산염수화물,한국코러스(주),False,name_only,True,MFDS nedrug,nedrug.searchDrug,2026-06-12
201604312,네오페질정5밀리그램(도네페질염산염수화물),네오페질정5밀리그램(도네페질염산염수화물),도네페질염산염수화물,한국코러스(주),False,name_only,True,MFDS nedrug,nedrug.searchDrug,2026-06-12
201907191,넬슨도네페질정10밀리그램(도네페질염산염수화물),넬슨도네페질정10밀리그램(도네페질염산염수화물),도네페질염산염수화물,한국넬슨제약(주),False,name_only,True,MFDS nedrug,nedrug.searchDrug,2026-06-12
201501730,넬슨도네페질정5밀리그램(도네페질염산염수화물),넬슨도네페질정5밀리그램(도네페질염산염수화물),도네페질염산염수화물,한국넬슨제약(주),False,name_only,True,MFDS nedrug,nedrug.searchDrug,2026-06-12
202601570,"뉴돈피질듀오정10/20밀리그램(도네페질염산염수화물,메만틴염산염)","뉴돈피질듀오정10/20밀리그램(도네페질염산염수화물,메만틴염산염)",도네페질염산염수화물/메만틴염산염,안국뉴팜(주),False,name_only,True,MFDS nedrug,nedrug.searchDrug,2026-06-12
201802158,뉴돈피질정10밀리그램(도네페질염산염수화물),뉴돈피질정10밀리그램(도네페질염산염수화물),도네페질염산염수화물,안국뉴팜(주),False,name_only,True,MFDS nedrug,nedrug.searchDrug,2026-06-12
201802159,뉴돈피질정5밀리그램(도네페질염산염수화물),뉴돈피질정5밀리그램(도네페질염산염수화물),도네페질염산염수화물,안국뉴팜(주),False,name_only,True,MFDS nedrug,nedrug.searchDrug,2026-06-12
201801804,뉴로도네정10밀리그램(도네페질염산염일수화물),뉴로도네정10밀리그램(도네페질염산염일수화물),도네페질염산염일수화물,(주)경보제약,False,name_only,True,MFDS nedrug,nedrug.searchDrug,2026-06-12
201802244,뉴로도네정5밀리그램(도네페질염산염일수화물),뉴로도네정5밀리그램(도네페질염산염일수화물),도네페질염산염일수화물,(주)경보제약,False,name_only,True,MFDS nedrug,nedrug.searchDrug,2026-06-12
202403048,"뉴로셉트듀오정10/20밀리그램(도네페질염산염수화물, 메만틴염산염)","뉴로셉트듀오정10/20밀리그램(도네페질염산염수화물, 메만틴염산염)",도네페질염산염수화물/메만틴염산염,고려제약(주),False,name_only,True,MFDS nedrug,nedrug.searchDrug,2026-06-12
200600394,뉴로셉트정10밀리그램(도네페질염산염일수화물),뉴로셉트정10밀리그램(도네페질염산염일수화물),도네페질염산염일수화물,고려제약(주),False,name_only,True,MFDS nedrug,nedrug.searchDrug,2026-06-12
200709388,뉴로셉트정5밀리그램(도네페질염산염일수화물),뉴로셉트정5밀리그램(도네페질염산염일수화물),도네페질염산염일수화물,고려제약(주),False,name_only,True,MFDS nedrug,nedrug.searchDrug,2026-06-12
201403215,뉴로케어정10mg(도네페질염산염수화물),뉴로케어정10mg(도네페질염산염수화물),도네페질염산염수화물,(주)화이트생명과학,False,name_only,True,MFDS nedrug,nedrug.searchDrug,2026-06-12
201403214,뉴로케어정5mg(도네페질염산염수화물),뉴로케어정5mg(도네페질염산염수화물),도네페질염산염수화물,(주)화이트생명과학,False,name_only,True,MFDS nedrug,nedrug.searchDrug,2026-06-12
202403049,"뉴로페질엠정10/20밀리그램(도네페질염산염수화물,메만틴염산염)","뉴로페질엠정10/20밀리그램(도네페질염산염수화물,메만틴염산염)",도네페질염산염수화물/메만틴염산염,(주)종근당,False,name_only,True,MFDS nedrug,nedrug.searchDrug,2026-06-12
200700814,뉴로페질정10밀리그램(도네페질염산염일수화물),뉴로페질정10밀리그램(도네페질염산염일수화물),도네페질염산염일수화물,(주)종근당,False,name_only,True,MFDS nedrug,nedrug.searchDrug,2026-06-12
202600786,뉴로페질정3밀리그램(도네페질염산염일수화물),뉴로페질정3밀리그램(도네페질염산염일수화물),도네페질염산염일수화물,(주)종근당,False,name_only,True,MFDS nedrug,nedrug.searchDrug,2026-06-12
200805495,뉴로페질정5밀리그램(도네페질염산염일수화물),뉴로페질정5밀리그램(도네페질염산염일수화물),도네페질염산염일수화물,(주)종근당,False,name_only,True,MFDS nedrug,nedrug.searchDrug,2026-06-12
201604197,뉴토인구강붕해필름10밀리그램(도네페질염산염),뉴토인구강붕해필름10밀리그램(도네페질염산염),도네페질염산염,삼진제약(주),False,name_only,True,MFDS nedrug,nedrug.searchDrug,2026-06-12
201604196,뉴토인구강붕해필름5밀리그램(도네페질염산염),뉴토인구강붕해필름5밀리그램(도네페질염산염),도네페질염산염,삼진제약(주),False,name_only,True,MFDS nedrug,nedrug.searchDrug,2026-06-12
202600664,"뉴토인듀오정10/20밀리그램(도네페질염산염수화물,메만틴염산염)","뉴토인듀오정10/20밀리그램(도네페질염산염수화물,메만틴염산염)",도네페질염산염수화물/메만틴염산염,삼진제약(주),False,name_only,True,MFDS nedrug,nedrug.searchDrug,2026-06-12
200600350,뉴토인정(도네페질염산염수화물),뉴토인정(도네페질염산염수화물),도네페질염산염수화물,삼진제약(주),False,name_only,True,MFDS nedrug,nedrug.searchDrug,2026-06-12
201704772,뉴토인정23밀리그램(도네페질염산염수화물),뉴토인정23밀리그램(도네페질염산염수화물),도네페질염산염수화물,삼진제약(주),False,name_only,True,MFDS nedrug,nedrug.searchDrug,2026-06-12
202600801,뉴토인정3밀리그램(도네페질염산염수화물),뉴토인정3밀리그램(도네페질염산염수화물),도네페질염산염수화물,삼진제약(주),False,name_only,True,MFDS nedrug,nedrug.searchDrug,2026-06-12
200709247,뉴토인정5밀리그램(도네페질염산염수화물),뉴토인정5밀리그램(도네페질염산염수화물),도네페질염산염수화물,삼진제약(주),False,name_only,True,MFDS nedrug,nedrug.searchDrug,2026-06-12
201405368,뉴페질구강붕해필름10mg(도네페질염산염),뉴페질구강붕해필름10mg(도네페질염산염),도네페질염산염,(주)씨엘팜,False,name_only,True,MFDS nedrug,nedrug.searchDrug,2026-06-12
201405369,뉴페질구강붕해필름5mg(도네페질염산염),뉴페질구강붕해필름5mg(도네페질염산염),도네페질염산염,(주)씨엘팜,False,name_only,True,MFDS nedrug,nedrug.searchDrug,2026-06-12
200806368,대원염산도네페질정10mg(도네페질염산염일수화물),대원염산도네페질정10mg(도네페질염산염일수화물),도네페질염산염일수화물,대원제약(주),False,name_only,True,MFDS nedrug,nedrug.searchDrug,2026-06-12
201606202,"구구탐스캡슐(타다라필,탐스로신)","구구탐스캡슐(타다라필,탐스로신)",타다라필/탐스로신염산염,한미약품(주),False,name_only,True,MFDS nedrug,nedrug.searchDrug,2026-06-12
200500041,네오로신캡슐(탐스로신염산염),네오로신캡슐(탐스로신염산염),탐스로신염산염,신풍제약(주),False,name_only,True,MFDS nedrug,nedrug.searchDrug,2026-06-12
202002887,다나탐스서방캡슐0.4밀리그램(탐스로신염산염),다나탐스서방캡슐0.4밀리그램(탐스로신염산염),탐스로신염산염,대원바이오텍주식회사,False,name_only,True,MFDS nedrug,nedrug.searchDrug,2026-06-12
201906752,다나탐스서방캡슐0.2mg(탐스로신염산염),다나탐스서방캡슐0.2mg(탐스로신염산염),탐스로신염산염,대원바이오텍주식회사,False,name_only,True,MFDS nedrug,nedrug.searchDrug,2026-06-12
202003019,더블탐스서방정0.4밀리그램(탐스로신염산염),더블탐스서방정0.4밀리그램(탐스로신염산염),탐스로신염산염,(주)비보존제약,False,name_only,True,MFDS nedrug,nedrug.searchDrug,2026-06-12
202002979,데이탐스서방정0.2밀리그램(탐스로신염산염),데이탐스서방정0.2밀리그램(탐스로신염산염),탐스로신염산염,(주)보령바이오파마,False,name_only,True,MFDS nedrug,nedrug.searchDrug,2026-06-12
202003025,데이탐스서방정0.4밀리그램(탐스로신염산염),데이탐스서방정0.4밀리그램(탐스로신염산염),탐스로신염산염,(주)보령바이오파마,False,name_only,True,MFDS nedrug,nedrug.searchDrug,2026-06-12
202003021,동광탐스로신서방정0.4밀리그램(탐스로신염산염),동광탐스로신서방정0.4밀리그램(탐스로신염산염),탐스로신염산염,동광제약(주),False,name_only,True,MFDS nedrug,nedrug.searchDrug,2026-06-12
201405987,동광탐스로신서방정0.2밀리그램(탐스로신염산염),동광탐스로신서방정0.2밀리그램(탐스로신염산염),탐스로신염산염,동광제약(주),False,name_only,True,MFDS nedrug,nedrug.searchDrug,2026-06-12
201803666,동성탐스로신캡슐(탐스로신염산염),동성탐스로신캡슐(탐스로신염산염),탐스로신염산염,동성제약(주),False,name_only,True,MFDS nedrug,nedrug.searchDrug,2026-06-12
202103982,듀오다트캡슐,듀오다트캡슐,두타스테리드/탐스로신염산염,(주)글락소스미스클라인,False,name_only,True,MFDS nedrug,nedrug.searchDrug,2026-06-12
202001858,러츠날서방정0.2밀리그램(탐스로신염산염),러츠날서방정0.2밀리그램(탐스로신염산염),탐스로신염산염,알보젠코리아(주),False,name_only,True,MFDS nedrug,nedrug.searchDrug,2026-06-12
202002730,러츠날서방정0.4밀리그램(탐스로신염산염),러츠날서방정0.4밀리그램(탐스로신염산염),탐스로신염산염,알보젠코리아(주),False,name_only,True,MFDS nedrug,nedrug.searchDrug,2026-06-12
200410896,러츠날캡슐(탐스로신염산염),러츠날캡슐(탐스로신염산염),탐스로신염산염,알보젠코리아(주),False,name_only,True,MFDS nedrug,nedrug.searchDrug,2026-06-12
202002734,바이넥스탐스로신염산염서방정0.4밀리그램,바이넥스탐스로신염산염서방정0.4밀리그램,탐스로신염산염,(주)바이넥스,False,name_only,True,MFDS nedrug,nedrug.searchDrug,2026-06-12
201603313,바이넥스탐스로신염산염서방정,바이넥스탐스로신염산염서방정,탐스로신염산염,(주)바이넥스,False,name_only,True,MFDS nedrug,nedrug.searchDrug,2026-06-12
202502343,"베솜니서방정6/0.4밀리그램(솔리페나신숙신산염,탐스로신염산염)","베솜니서방정6/0.4밀리그램(솔리페나신숙신산염,탐스로신염산염)",솔리페나신숙신산염/탐스로신염산염,한국아스텔라스제약(주),False,name_only,True,MFDS nedrug,nedrug.searchDrug,2026-06-12
202002978,베아로신서방정0.2밀리그램(탐스로신염산염),베아로신서방정0.2밀리그램(탐스로신염산염),탐스로신염산염,대웅바이오(주),False,name_only,True,MFDS nedrug,nedrug.searchDrug,2026-06-12
202003022,베아로신서방정0.4밀리그램(탐스로신염산염),베아로신서방정0.4밀리그램(탐스로신염산염),탐스로신염산염,대웅바이오(주),False,name_only,True,MFDS nedrug,nedrug.searchDrug,2026-06-12
202002876,베아로신서방캡슐0.4밀리그램(탐스로신염산염),베아로신서방캡슐0.4밀리그램(탐스로신염산염),탐스로신염산염,대웅바이오(주),False,name_only,True,MFDS nedrug,nedrug.searchDrug,2026-06-12
200612612,베아로신서방캡슐0.2밀리그램(탐스로신염산염),베아로신서방캡슐0.2밀리그램(탐스로신염산염),탐스로신염산염,대웅바이오(주),False,name_only,True,MFDS nedrug,nedrug.searchDrug,2026-06-12
202003193,보령탐스로신염산염서방정0.4밀리그램,보령탐스로신염산염서방정0.4밀리그램,탐스로신염산염,(주)보령,False,name_only,True,MFDS nedrug,nedrug.searchDrug,2026-06-12
201603377,비보존탐스로신서방정0.2mg(탐스로신염산염),비보존탐스로신서방정0.2mg(탐스로신염산염),탐스로신염산염,(주)비보존제약,False,name_only,True,MFDS nedrug,nedrug.searchDrug,2026-06-12
201603312,삼성탐스로신서방정(탐스로신염산염),삼성탐스로신서방정(탐스로신염산염),탐스로신염산염,삼성제약(주),False,name_only,True,MFDS nedrug,nedrug.searchDrug,2026-06-12
202002729,삼성탐스로신서방정0.4밀리그램(탐스로신염산염),삼성탐스로신서방정0.4밀리그램(탐스로신염산염),탐스로신염산염,삼성제약(주),False,name_only,True,MFDS nedrug,nedrug.searchDrug,2026-06-12
200605397,삼천당탐스로신서방정0.2밀리그램(탐스로신염산염),삼천당탐스로신서방정0.2밀리그램(탐스로신염산염),탐스로신염산염,삼천당제약(주),False,name_only,True,MFDS nedrug,nedrug.searchDrug,2026-06-12
200500227,스카로신캡슐(탐스로신염산염),스카로신캡슐(탐스로신염산염),탐스로신염산염,이연제약(주),False,name_only,True,MFDS nedrug,nedrug.searchDrug,2026-06-12
201603376,시워날서방정0.2mg(탐스로신염산염),시워날서방정0.2mg(탐스로신염산염),탐스로신염산염,대원제약(주),False,name_only,True,MFDS nedrug,nedrug.searchDrug,2026-06-12
201506560,실론탐서방정0.2밀리그램(탐스로신염산염),실론탐서방정0.2밀리그램(탐스로신염산염),탐스로신염산염,조아제약(주),False,name_only,True,MFDS nedrug,nedrug.searchDrug,2026-06-12
201502388,씨트로신서방정0.2밀리그램(탐스로신염산염),씨트로신서방정0.2밀리그램(탐스로신염산염),탐스로신염산염,에이치엘비제약(주),False,name_only,True,MFDS nedrug,nedrug.searchDrug,2026-06-12
201007783,네오다트연질캡슐0.5밀리그램(두타스테리드),네오다트연질캡슐0.5밀리그램(두타스테리드),두타스테리드,제이더블유신약(주),False,name_only,True,MFDS nedrug,nedrug.searchDrug,2026-06-12
201802794,네오다트정0.5밀리그램(두타스테리드),네오다트정0.5밀리그램(두타스테리드),두타스테리드,제이더블유신약(주),False,name_only,True,MFDS nedrug,nedrug.searchDrug,2026-06-12
201505795,다모다트연질캡슐0.5밀리그램(두타스테리드),다모다트연질캡슐0.5밀리그램(두타스테리드),두타스테리드,현대약품(주),False,name_only,True,MFDS nedrug,nedrug.searchDrug,2026-06-12
201802931,다모다트정0.5밀리그램(두타스테리드),다모다트정0.5밀리그램(두타스테리드),두타스테리드,현대약품(주),False,name_only,True,MFDS nedrug,nedrug.searchDrug,2026-06-12
201507419,대웅바이오두타스테리드연질캡슐0.5밀리그램,대웅바이오두타스테리드연질캡슐0.5밀리그램,두타스테리드,대웅바이오(주),False,name_only,True,MFDS nedrug,nedrug.searchDrug,2026-06-12
201802873,대웅바이오두타스테리드정0.5밀리그램,대웅바이오두타스테리드정0.5밀리그램,두타스테리드,대웅바이오(주),False,name_only,True,MFDS nedrug,nedrug.searchDrug,2026-06-12
202204330,동구두타리드연질캡슐(두타스테리드),동구두타리드연질캡슐(두타스테리드),두타스테리드,(주)동구바이오제약,False,name_only,True,MFDS nedrug,nedrug.searchDrug,2026-06-12
201502460,두로칸연질캡슐0.5밀리그램(두타스테리드),두로칸연질캡슐0.5밀리그램(두타스테리드),두타스테리드,경동제약(주),False,name_only,True,MFDS nedrug,nedrug.searchDrug,2026-06-12
202003741,두로칸정0.5밀리그램(두타스테리드),두로칸정0.5밀리그램(두타스테리드),두타스테리드,경동제약(주),False,name_only,True,MFDS nedrug,nedrug.searchDrug,2026-06-12
201802826,두로케어정0.5밀리그램(두타스테리드),두로케어정0.5밀리그램(두타스테리드),두타스테리드,하나제약(주),False,name_only,True,MFDS nedrug,nedrug.searchDrug,2026-06-12
201908233,두리드정0.5밀리그램(두타스테리드),두리드정0.5밀리그램(두타스테리드),두타스테리드,(주)텔콘알에프제약,False,name_only,True,MFDS nedrug,nedrug.searchDrug,2026-06-12
202004077,두모보연질캡슐0.5밀리그램(두타스테리드),두모보연질캡슐0.5밀리그램(두타스테리드),두타스테리드,건일바이오팜주식회사,False,name_only,True,MFDS nedrug,nedrug.searchDrug,2026-06-12
202401803,두발칸정0.2밀리그램(두타스테리드),두발칸정0.2밀리그램(두타스테리드),두타스테리드,경동제약(주),False,name_only,True,MFDS nedrug,nedrug.searchDrug,2026-06-12
201405883,두아보연질캡슐0.5밀리그램(두타스테리드),두아보연질캡슐0.5밀리그램(두타스테리드),두타스테리드,광동제약(주),False,name_only,True,MFDS nedrug,nedrug.searchDrug,2026-06-12
201507299,두타겟연질캡슐0.5밀리그램(두타스테리드),두타겟연질캡슐0.5밀리그램(두타스테리드),두타스테리드,(주)대웅제약,False,name_only,True,MFDS nedrug,nedrug.searchDrug,2026-06-12
201903342,두타그로연질캡슐0.5밀리그램(두타스테리드),두타그로연질캡슐0.5밀리그램(두타스테리드),두타스테리드,(주)휴온스메디텍,False,name_only,True,MFDS nedrug,nedrug.searchDrug,2026-06-12
201506569,두타드연질캡슐0.5밀리그램(두타스테리드),두타드연질캡슐0.5밀리그램(두타스테리드),두타스테리드,동국제약(주),False,name_only,True,MFDS nedrug,nedrug.searchDrug,2026-06-12
201602903,두타락연질캡슐0.5밀리그램(두타스테리드),두타락연질캡슐0.5밀리그램(두타스테리드),두타스테리드,알리코제약(주),False,name_only,True,MFDS nedrug,nedrug.searchDrug,2026-06-12
201501965,두타렉스연질캡슐0.5밀리그램(두타스테리드),두타렉스연질캡슐0.5밀리그램(두타스테리드),두타스테리드,초당약품공업(주),False,name_only,True,MFDS nedrug,nedrug.searchDrug,2026-06-12
201802875,두타론정0.5밀리그램(두타스테리드),두타론정0.5밀리그램(두타스테리드),두타스테리드,알보젠코리아(주),False,name_only,True,MFDS nedrug,nedrug.searchDrug,2026-06-12
201802932,두타리드정0.5밀리그램(두타스테리드),두타리드정0.5밀리그램(두타스테리드),두타스테리드,(주)동구바이오제약,False,name_only,True,MFDS nedrug,nedrug.searchDrug,2026-06-12
202401802,두타리모정0.2밀리그램(두타스테리드),두타리모정0.2밀리그램(두타스테리드),두타스테리드,(주)대웅제약,False,name_only,True,MFDS nedrug,nedrug.searchDrug,2026-06-12
201907785,두타린정0.5밀리그램(두타스테리드),두타린정0.5밀리그램(두타스테리드),두타스테리드,한국신텍스제약(주),False,name_only,True,MFDS nedrug,nedrug.searchDrug,2026-06-12
201905934,두타모아정0.5밀리그램(두타스테리드),두타모아정0.5밀리그램(두타스테리드),두타스테리드,제이더블유생명과학(주),False,name_only,True,MFDS nedrug,nedrug.searchDrug,2026-06-12
202005608,두타모정0.5밀리그램(두타스테리드),두타모정0.5밀리그램(두타스테리드),두타스테리드,한국유니온제약(주),False,name_only,True,MFDS nedrug,nedrug.searchDrug,2026-06-12
201007777,두타반연질캡슐(두타스테리드),두타반연질캡슐(두타스테리드),두타스테리드,동아에스티(주),False,name_only,True,MFDS nedrug,nedrug.searchDrug,2026-06-12
201802793,두타반플러스정(두타스테리드),두타반플러스정(두타스테리드),두타스테리드,동아에스티(주),False,name_only,True,MFDS nedrug,nedrug.searchDrug,2026-06-12
202000271,두타베린정0.5밀리그램(두타스테리드),두타베린정0.5밀리그램(두타스테리드),두타스테리드,영일제약(주),False,name_only,True,MFDS nedrug,nedrug.searchDrug,2026-06-12
201802933,두타브정0.5밀리그램(두타스테리드),두타브정0.5밀리그램(두타스테리드),두타스테리드,(주)에이프로젠바이오로직스,False,name_only,True,MFDS nedrug,nedrug.searchDrug,2026-06-12
202503311,두타세트정0.5밀리그램(두타스테리드),두타세트정0.5밀리그램(두타스테리드),두타스테리드,코스맥스파마(주),False,name_only,True,MFDS nedrug,nedrug.searchDrug,2026-06-12
200701016,그로모정1밀리그램(피나스테리드),그로모정1밀리그램(피나스테리드),피나스테리드,(주)에이프로젠바이오로직스,False,name_only,True,MFDS nedrug,nedrug.searchDrug,2026-06-12
201404126,그로모정5밀리그램(피나스테리드),그로모정5밀리그램(피나스테리드),피나스테리드,(주)에이프로젠바이오로직스,False,name_only,True,MFDS nedrug,nedrug.searchDrug,2026-06-12
202106154,그로페시아정1밀리그램(피나스테리드),그로페시아정1밀리그램(피나스테리드),피나스테리드,한국유니온제약(주),False,name_only,True,MFDS nedrug,nedrug.searchDrug,2026-06-12
201906850,넬슨피나스테리드정1밀리그램(피나스테리드),넬슨피나스테리드정1밀리그램(피나스테리드),피나스테리드,한국넬슨제약(주),False,name_only,True,MFDS nedrug,nedrug.searchDrug,2026-06-12
201906851,넬슨피나스테리드정5밀리그램(피나스테리드),넬슨피나스테리드정5밀리그램(피나스테리드),피나스테리드,한국넬슨제약(주),False,name_only,True,MFDS nedrug,nedrug.searchDrug,2026-06-12
201905959,뉴페시아정1밀리그램(피나스테리드),뉴페시아정1밀리그램(피나스테리드),피나스테리드,(주)한풍제약,False,name_only,True,MFDS nedrug,nedrug.searchDrug,2026-06-12
202009181,다나페시아정1밀리그램(피나스테리드),다나페시아정1밀리그램(피나스테리드),피나스테리드,(주)비보존제약,False,name_only,True,MFDS nedrug,nedrug.searchDrug,2026-06-12
201900938,다림피나스테리드정1밀리그램,다림피나스테리드정1밀리그램,피나스테리드,(주)다림바이오텍,False,name_only,True,MFDS nedrug,nedrug.searchDrug,2026-06-12
200700565,다모케어정(피나스테리드),다모케어정(피나스테리드),피나스테리드,명문제약(주),False,name_only,True,MFDS nedrug,nedrug.searchDrug,2026-06-12
201908083,다모테리드정1밀리그램(피나스테리드),다모테리드정1밀리그램(피나스테리드),피나스테리드,한국신텍스제약(주),False,name_only,True,MFDS nedrug,nedrug.searchDrug,2026-06-12
200704541,다모페시아정(피나스테리드),다모페시아정(피나스테리드),피나스테리드,(주)메디카코리아,False,name_only,True,MFDS nedrug,nedrug.searchDrug,2026-06-12
201506502,대웅바이오피나스테리드정1밀리그램,대웅바이오피나스테리드정1밀리그램,피나스테리드,대웅바이오(주),False,name_only,True,MFDS nedrug,nedrug.searchDrug,2026-06-12
200401555,대웅바이오피나스테리드정5밀리그램,대웅바이오피나스테리드정5밀리그램,피나스테리드,대웅바이오(주),False,name_only,True,MFDS nedrug,nedrug.searchDrug,2026-06-12
200701024,두피나정(피나스테리드),두피나정(피나스테리드),피나스테리드,(주)하원제약,False,name_only,True,MFDS nedrug,nedrug.searchDrug,2026-06-12
201805362,리모날정1밀리그램(피나스테리드),리모날정1밀리그램(피나스테리드),피나스테리드,(주)한국파비스제약,False,name_only,True,MFDS nedrug,nedrug.searchDrug,2026-06-12
201900940,리모날정5밀리그램(피나스테리드),리모날정5밀리그램(피나스테리드),피나스테리드,(주)한국파비스제약,False,name_only,True,MFDS nedrug,nedrug.searchDrug,2026-06-12
200611392,마이시아정(피나스테리드),마이시아정(피나스테리드),피나스테리드,(주)씨티씨바이오,False,name_only,True,MFDS nedrug,nedrug.searchDrug,2026-06-12
200705402,마이페시아정(피나스테리드),마이페시아정(피나스테리드),피나스테리드,주식회사제뉴원사이언스,False,name_only,True,MFDS nedrug,nedrug.searchDrug,2026-06-12
201402071,마이피나정(피나스테리드),마이피나정(피나스테리드),피나스테리드,(주)일화,False,name_only,True,MFDS nedrug,nedrug.searchDrug,2026-06-12
201908369,메가페시아정1밀리그램(피나스테리드),메가페시아정1밀리그램(피나스테리드),피나스테리드,(주)엘앤씨바이오,False,name_only,True,MFDS nedrug,nedrug.searchDrug,2026-06-12
202001337,메가페시아정5밀리그램(피나스테리드),메가페시아정5밀리그램(피나스테리드),피나스테리드,(주)엘앤씨바이오,False,name_only,True,MFDS nedrug,nedrug.searchDrug,2026-06-12
200700566,메디페시아정1밀리그램(피나스테리드),메디페시아정1밀리그램(피나스테리드),피나스테리드,고려제약(주),False,name_only,True,MFDS nedrug,nedrug.searchDrug,2026-06-12
201402875,메리나정(피나스테리드),메리나정(피나스테리드),피나스테리드,(주)휴온스,False,name_only,True,MFDS nedrug,nedrug.searchDrug,2026-06-12
201905393,멕스페시아정1밀리그램(피나스테리드),멕스페시아정1밀리그램(피나스테리드),피나스테리드,(주)이든파마,False,name_only,True,MFDS nedrug,nedrug.searchDrug,2026-06-12
201905590,명문피나스테리드정5밀리그램,명문피나스테리드정5밀리그램,피나스테리드,명문제약(주),False,name_only,True,MFDS nedrug,nedrug.searchDrug,2026-06-12
201902249,모그로정1밀리그램(피나스테리드),모그로정1밀리그램(피나스테리드),피나스테리드,정우신약(주),False,name_only,True,MFDS nedrug,nedrug.searchDrug,2026-06-12
201902250,모그로정5밀리그램(피나스테리드),모그로정5밀리그램(피나스테리드),피나스테리드,정우신약(주),False,name_only,True,MFDS nedrug,nedrug.searchDrug,2026-06-12
200704420,모나드정(피나스테리드),모나드정(피나스테리드),피나스테리드,제이더블유신약(주),False,name_only,True,MFDS nedrug,nedrug.searchDrug,2026-06-12
200701020,모나리드정1밀리그램(피나스테리드),모나리드정1밀리그램(피나스테리드),피나스테리드,진양제약(주),False,name_only,True,MFDS nedrug,nedrug.searchDrug,2026-06-12
200600052,모나스타정1밀리그램(피나스테리드),모나스타정1밀리그램(피나스테리드),피나스테리드,제이더블유중외제약(주),False,name_only,True,MFDS nedrug,nedrug.searchDrug,2026-06-12
201502763,넥스페나신정5mg(솔리페나신숙신산염),넥스페나신정5mg(솔리페나신숙신산염),솔리페나신숙신산염,(주)넥스팜코리아,False,name_only,True,MFDS nedrug,nedrug.searchDrug,2026-06-12
201502457,뉴페신정5mg(솔리페나신숙신산염),뉴페신정5mg(솔리페나신숙신산염),솔리페나신숙신산염,대한뉴팜(주),False,name_only,True,MFDS nedrug,nedrug.searchDrug,2026-06-12
202003532,메가솔페나정5밀리그램(솔리페나신숙신산염),메가솔페나정5밀리그램(솔리페나신숙신산염),솔리페나신숙신산염,(주)엘앤씨바이오,False,name_only,True,MFDS nedrug,nedrug.searchDrug,2026-06-12
201501328,메디페나신정10mg(솔리페나신숙신산염),메디페나신정10mg(솔리페나신숙신산염),솔리페나신숙신산염,구주제약(주),False,name_only,True,MFDS nedrug,nedrug.searchDrug,2026-06-12
201501327,메디페나신정5mg(솔리페나신숙신산염),메디페나신정5mg(솔리페나신숙신산염),솔리페나신숙신산염,구주제약(주),False,name_only,True,MFDS nedrug,nedrug.searchDrug,2026-06-12
201702071,베스칸정10밀리그램(솔리페나신숙신산염),베스칸정10밀리그램(솔리페나신숙신산염),솔리페나신숙신산염,(주)경보제약,False,name_only,True,MFDS nedrug,nedrug.searchDrug,2026-06-12
201702072,베스칸정5밀리그램(솔리페나신숙신산염),베스칸정5밀리그램(솔리페나신숙신산염),솔리페나신숙신산염,(주)경보제약,False,name_only,True,MFDS nedrug,nedrug.searchDrug,2026-06-12
201904621,베시가드정10밀리그램(솔리페나신숙신산염),베시가드정10밀리그램(솔리페나신숙신산염),솔리페나신숙신산염,한올바이오파마(주),False,name_only,True,MFDS nedrug,nedrug.searchDrug,2026-06-12
201904620,베시가드정5밀리그램(솔리페나신숙신산염),베시가드정5밀리그램(솔리페나신숙신산염),솔리페나신숙신산염,한올바이오파마(주),False,name_only,True,MFDS nedrug,nedrug.searchDrug,2026-06-12
201700453,베시금정10.66밀리그램(솔리페나신타르타르산염),베시금정10.66밀리그램(솔리페나신타르타르산염),솔리페나신타르타르산염,한미약품(주),False,name_only,True,MFDS nedrug,nedrug.searchDrug,2026-06-12
201700452,베시금정5.33밀리그램(솔리페나신타르타르산염),베시금정5.33밀리그램(솔리페나신타르타르산염),솔리페나신타르타르산염,한미약품(주),False,name_only,True,MFDS nedrug,nedrug.searchDrug,2026-06-12
201604104,베시나정10밀리그램(솔리페나신숙신산염),베시나정10밀리그램(솔리페나신숙신산염),솔리페나신숙신산염,한국프라임제약(주),False,name_only,True,MFDS nedrug,nedrug.searchDrug,2026-06-12
201604103,베시나정5밀리그램(솔리페나신숙신산염),베시나정5밀리그램(솔리페나신숙신산염),솔리페나신숙신산염,한국프라임제약(주),False,name_only,True,MFDS nedrug,nedrug.searchDrug,2026-06-12
201705761,베시솔정10밀리그램(솔리페나신숙신산염),베시솔정10밀리그램(솔리페나신숙신산염),솔리페나신숙신산염,대웅바이오(주),False,name_only,True,MFDS nedrug,nedrug.searchDrug,2026-06-12
201705762,베시솔정5밀리그램(솔리페나신숙신산염),베시솔정5밀리그램(솔리페나신숙신산염),솔리페나신숙신산염,대웅바이오(주),False,name_only,True,MFDS nedrug,nedrug.searchDrug,2026-06-12
201605449,베시스타정10밀리그램(솔리페나신숙신산염),베시스타정10밀리그램(솔리페나신숙신산염),솔리페나신숙신산염,에이치케이이노엔(주),False,name_only,True,MFDS nedrug,nedrug.searchDrug,2026-06-12
201701572,베시스타정5밀리그램(솔리페나신숙신산염),베시스타정5밀리그램(솔리페나신숙신산염),솔리페나신숙신산염,에이치케이이노엔(주),False,name_only,True,MFDS nedrug,nedrug.searchDrug,2026-06-12
201604822,베시칼린정10mg(솔리페나신숙신산염),베시칼린정10mg(솔리페나신숙신산염),솔리페나신숙신산염,동광제약(주),False,name_only,True,MFDS nedrug,nedrug.searchDrug,2026-06-12
201702150,베시칼린정5mg(솔리페나신숙신산염),베시칼린정5mg(솔리페나신숙신산염),솔리페나신숙신산염,동광제약(주),False,name_only,True,MFDS nedrug,nedrug.searchDrug,2026-06-12
201604823,베시캄정10밀리그램(솔리페나신숙신산염),베시캄정10밀리그램(솔리페나신숙신산염),솔리페나신숙신산염,주식회사제뉴원사이언스,False,name_only,True,MFDS nedrug,nedrug.searchDrug,2026-06-12
201605978,베시캄정5밀리그램(솔리페나신숙신산염),베시캄정5밀리그램(솔리페나신숙신산염),솔리페나신숙신산염,주식회사제뉴원사이언스,False,name_only,True,MFDS nedrug,nedrug.searchDrug,2026-06-12
201701362,베시커버정10밀리그램(솔리페나신숙신산염),베시커버정10밀리그램(솔리페나신숙신산염),솔리페나신숙신산염,주식회사더유제약,False,name_only,True,MFDS nedrug,nedrug.searchDrug,2026-06-12
201701363,베시커버정5밀리그램(솔리페나신숙신산염),베시커버정5밀리그램(솔리페나신숙신산염),솔리페나신숙신산염,주식회사더유제약,False,name_only,True,MFDS nedrug,nedrug.searchDrug,2026-06-12
200703673,베시케어정10밀리그램(솔리페나신숙신산염),베시케어정10밀리그램(솔리페나신숙신산염),솔리페나신숙신산염,한국아스텔라스제약(주),False,name_only,True,MFDS nedrug,nedrug.searchDrug,2026-06-12
200703674,베시케어정5밀리그램(솔리페나신숙신산염),베시케어정5밀리그램(솔리페나신숙신산염),솔리페나신숙신산염,한국아스텔라스제약(주),False,name_only,True,MFDS nedrug,nedrug.searchDrug,2026-06-12
201701288,베시콜정10밀리그램(솔리페나신숙신산염),베시콜정10밀리그램(솔리페나신숙신산염),솔리페나신숙신산염,(주)제뉴파마,False,name_only,True,MFDS nedrug,nedrug.searchDrug,2026-06-12
201701289,베시콜정5밀리그램(솔리페나신숙신산염),베시콜정5밀리그램(솔리페나신숙신산염),솔리페나신숙신산염,(주)제뉴파마,False,name_only,True,MFDS nedrug,nedrug.searchDrug,2026-06-12
202003047,베시퀸정10밀리그램(솔리페나신숙신산염),베시퀸정10밀리그램(솔리페나신숙신산염),솔리페나신숙신산염,(주)보령바이오파마,False,name_only,True,MFDS nedrug,nedrug.searchDrug,2026-06-12
202003046,베시퀸정5밀리그램(솔리페나신숙신산염),베시퀸정5밀리그램(솔리페나신숙신산염),솔리페나신숙신산염,(주)보령바이오파마,False,name_only,True,MFDS nedrug,nedrug.searchDrug,2026-06-12
201500522,베시큐정10밀리그램(솔리페나신숙신산염),베시큐정10밀리그램(솔리페나신숙신산염),솔리페나신숙신산염,하나제약(주),False,name_only,True,MFDS nedrug,nedrug.searchDrug,2026-06-12
197900066,유유알로푸리놀정,유유알로푸리놀정,알로푸리놀,(주)유유제약,False,name_only,True,MFDS nedrug,nedrug.searchDrug,2026-06-12
197000050,자이로릭정(알로푸리놀),자이로릭정(알로푸리놀),알로푸리놀,삼일제약(주),False,name_only,True,MFDS nedrug,nedrug.searchDrug,2026-06-12
201606824,콜키닌정(콜키신),콜키닌정(콜키신),콜키신,이연제약(주),False,name_only,True,MFDS nedrug,nedrug.searchDrug,2026-06-12
198801219,콜킨정(콜키신),콜킨정(콜키신),콜키신,한국유나이티드제약(주),False,name_only,True,MFDS nedrug,nedrug.searchDrug,2026-06-12
200807391,메가베타정24mg(베타히스틴염산염),메가베타정24mg(베타히스틴염산염),베타히스틴염산염,(주)휴온스,False,name_only,True,MFDS nedrug,nedrug.searchDrug,2026-06-12
201600844,메네스에스정(베타히스틴염산염),메네스에스정(베타히스틴염산염),베타히스틴염산염,(주)동구바이오제약,False,name_only,True,MFDS nedrug,nedrug.searchDrug,2026-06-12
202204108,메네스에스정24밀리그램(베타히스틴염산염),메네스에스정24밀리그램(베타히스틴염산염),베타히스틴염산염,(주)동구바이오제약,False,name_only,True,MFDS nedrug,nedrug.searchDrug,2026-06-12
197700201,메네스정(베타히스틴메실산염),메네스정(베타히스틴메실산염),베타히스틴메실산염,(주)동구바이오제약,False,name_only,True,MFDS nedrug,nedrug.searchDrug,2026-06-12
201700900,메네신정16밀리그램(베타히스틴염산염),메네신정16밀리그램(베타히스틴염산염),베타히스틴염산염,(주)테라젠이텍스,False,name_only,True,MFDS nedrug,nedrug.searchDrug,2026-06-12
201402950,베타히스정24밀리그램(베타히스틴염산염),베타히스정24밀리그램(베타히스틴염산염),베타히스틴염산염,(주)휴온스메디텍,False,name_only,True,MFDS nedrug,nedrug.searchDrug,2026-06-12
201902870,베티원정16밀리그램(베타히스틴염산염),베티원정16밀리그램(베타히스틴염산염),베타히스틴염산염,하나제약(주),False,name_only,True,MFDS nedrug,nedrug.searchDrug,2026-06-12
201902871,베티원정24밀리그램(베타히스틴염산염),베티원정24밀리그램(베타히스틴염산염),베타히스틴염산염,하나제약(주),False,name_only,True,MFDS nedrug,nedrug.searchDrug,2026-06-12
201705498,유턴정16mg(베타히스틴염산염),유턴정16mg(베타히스틴염산염),베타히스틴염산염,명인제약(주),False,name_only,True,MFDS nedrug,nedrug.searchDrug,2026-06-12
201705499,유턴정24mg(베타히스틴염산염),유턴정24mg(베타히스틴염산염),베타히스틴염산염,명인제약(주),False,name_only,True,MFDS nedrug,nedrug.searchDrug,2026-06-12
200806885,히스탄에프정16mg(베타히스틴염산염),히스탄에프정16mg(베타히스틴염산염),베타히스틴염산염,대한뉴팜(주),False,name_only,True,MFDS nedrug,nedrug.searchDrug,2026-06-12
200807169,히스탄에프정24mg(베타히스틴염산염),히스탄에프정24mg(베타히스틴염산염),베타히스틴염산염,대한뉴팜(주),False,name_only,True,MFDS nedrug,nedrug.searchDrug,2026-06-12
202401196,"구세정15/50밀리그램(클로미프라민염산염,실데나필시트르산염)","구세정15/50밀리그램(클로미프라민염산염,실데나필시트르산염)",클로미프라민염산염/실데나필시트르산염,(주)동구바이오제약,False,name_only,True,MFDS nedrug,nedrug.searchDrug,2026-06-12
202106761,그대로필정100밀리그램(실데나필시트르산염),그대로필정100밀리그램(실데나필시트르산염),실데나필시트르산염,(주)씨엠지제약,False,name_only,True,MFDS nedrug,nedrug.searchDrug,2026-06-12
202106760,그대로필정50밀리그램(실데나필시트르산염),그대로필정50밀리그램(실데나필시트르산염),실데나필시트르산염,(주)씨엠지제약,False,name_only,True,MFDS nedrug,nedrug.searchDrug,2026-06-12
201403869,나비그라정100밀리그램(실데나필시트르산염),나비그라정100밀리그램(실데나필시트르산염),실데나필시트르산염,(주)킵스바이오파마,False,name_only,True,MFDS nedrug,nedrug.searchDrug,2026-06-12
201403868,나비그라정50밀리그램(실데나필시트르산염),나비그라정50밀리그램(실데나필시트르산염),실데나필시트르산염,(주)킵스바이오파마,False,name_only,True,MFDS nedrug,nedrug.searchDrug,2026-06-12
201405495,누리그라구강붕해필름50밀리그램(실데나필시트르산염),누리그라구강붕해필름50밀리그램(실데나필시트르산염),실데나필시트르산염,(주)대웅제약,False,name_only,True,MFDS nedrug,nedrug.searchDrug,2026-06-12
201203744,누리그라정100밀리그램(실데나필시트르산염),누리그라정100밀리그램(실데나필시트르산염),실데나필시트르산염,(주)대웅제약,False,name_only,True,MFDS nedrug,nedrug.searchDrug,2026-06-12
201310897,누리그라정25밀리그램(실데나필시트르산염),누리그라정25밀리그램(실데나필시트르산염),실데나필시트르산염,(주)대웅제약,False,name_only,True,MFDS nedrug,nedrug.searchDrug,2026-06-12
201203745,누리그라정50밀리그램(실데나필시트르산염),누리그라정50밀리그램(실데나필시트르산염),실데나필시트르산염,(주)대웅제약,False,name_only,True,MFDS nedrug,nedrug.searchDrug,2026-06-12
201302166,뉴비그라정100밀리그램(실데나필시트르산염),뉴비그라정100밀리그램(실데나필시트르산염),실데나필시트르산염,한국휴텍스제약(주),False,name_only,True,MFDS nedrug,nedrug.searchDrug,2026-06-12
202302896,다나그라정100밀리그램(실데나필시트르산염),다나그라정100밀리그램(실데나필시트르산염),실데나필시트르산염,대원바이오텍주식회사,False,name_only,True,MFDS nedrug,nedrug.searchDrug,2026-06-12
201503486,대웅바이오실데나필정100밀리그램(실데나필시트르산염),대웅바이오실데나필정100밀리그램(실데나필시트르산염),실데나필시트르산염,대웅바이오(주),False,name_only,True,MFDS nedrug,nedrug.searchDrug,2026-06-12
201503487,대웅바이오실데나필정50밀리그램(실데나필시트르산염),대웅바이오실데나필정50밀리그램(실데나필시트르산염),실데나필시트르산염,대웅바이오(주),False,name_only,True,MFDS nedrug,nedrug.searchDrug,2026-06-12
201308845,맥시그라구강붕해정50밀리그램(실데나필시트르산염),맥시그라구강붕해정50밀리그램(실데나필시트르산염),실데나필시트르산염,국제약품(주),False,name_only,True,MFDS nedrug,nedrug.searchDrug,2026-06-12
201204544,맥시그라정100밀리그램(실데나필시트르산염),맥시그라정100밀리그램(실데나필시트르산염),실데나필시트르산염,국제약품(주),False,name_only,True,MFDS nedrug,nedrug.searchDrug,2026-06-12
201205329,바미라크정100밀리그램(실데나필시트르산염),바미라크정100밀리그램(실데나필시트르산염),실데나필시트르산염,대화제약(주),False,name_only,True,MFDS nedrug,nedrug.searchDrug,2026-06-12
201205330,바미라크정50밀리그램(실데나필시트르산염),바미라크정50밀리그램(실데나필시트르산염),실데나필시트르산염,대화제약(주),False,name_only,True,MFDS nedrug,nedrug.searchDrug,2026-06-12
201704021,발그리아정100밀리그램(실데나필시트르산염),발그리아정100밀리그램(실데나필시트르산염),실데나필시트르산염,제이더블유신약(주),False,name_only,True,MFDS nedrug,nedrug.searchDrug,2026-06-12
201704022,발그리아정50밀리그램(실데나필시트르산염),발그리아정50밀리그램(실데나필시트르산염),실데나필시트르산염,제이더블유신약(주),False,name_only,True,MFDS nedrug,nedrug.searchDrug,2026-06-12
201209444,발탁스정100mg(실데나필시트르산염),발탁스정100mg(실데나필시트르산염),실데나필시트르산염,삼익제약(주),False,name_only,True,MFDS nedrug,nedrug.searchDrug,2026-06-12
201208193,보그라정100밀리그램(실데나필시트르산염),보그라정100밀리그램(실데나필시트르산염),실데나필시트르산염,한국프라임제약(주),False,name_only,True,MFDS nedrug,nedrug.searchDrug,2026-06-12
201301617,부광실데나필정100밀리그램,부광실데나필정100밀리그램,실데나필시트르산염,부광약품(주),False,name_only,True,MFDS nedrug,nedrug.searchDrug,2026-06-12
201301655,부광실데나필정50밀리그램,부광실데나필정50밀리그램,실데나필시트르산염,부광약품(주),False,name_only,True,MFDS nedrug,nedrug.searchDrug,2026-06-12
202401366,브이그라정100밀리그램(실데나필시트르산염),브이그라정100밀리그램(실데나필시트르산염),실데나필시트르산염,(주)비보존제약,False,name_only,True,MFDS nedrug,nedrug.searchDrug,2026-06-12
202401367,브이그라정50밀리그램(실데나필시트르산염),브이그라정50밀리그램(실데나필시트르산염),실데나필시트르산염,(주)비보존제약,False,name_only,True,MFDS nedrug,nedrug.searchDrug,2026-06-12
201206436,비닉스구강붕해필름50밀리그램(실데나필시트르산염),비닉스구강붕해필름50밀리그램(실데나필시트르산염),실데나필시트르산염,(주)씨엘팜,False,name_only,True,MFDS nedrug,nedrug.searchDrug,2026-06-12
201204603,비아그라엘구강붕해필름50밀리그램(실데나필시트르산염),비아그라엘구강붕해필름50밀리그램(실데나필시트르산염),실데나필시트르산염,(주)서울제약,False,name_only,True,MFDS nedrug,nedrug.searchDrug,2026-06-12
201204602,비아그라엘구강붕해필름100밀리그램(실데나필시트르산염),비아그라엘구강붕해필름100밀리그램(실데나필시트르산염),실데나필시트르산염,(주)서울제약,False,name_only,True,MFDS nedrug,nedrug.searchDrug,2026-06-12
200410083,비아그라정100밀리그람(실데나필시트르산염),비아그라정100밀리그람(실데나필시트르산염),실데나필시트르산염,비아트리스코리아(주),False,name_only,True,MFDS nedrug,nedrug.searchDrug,2026-06-12
200410082,비아그라정50밀리그람(실데나필시트르산염),비아그라정50밀리그람(실데나필시트르산염),실데나필시트르산염,비아트리스코리아(주),False,name_only,True,MFDS nedrug,nedrug.searchDrug,2026-06-12
201903302,고든정10mg(타다라필),고든정10mg(타다라필),타다라필,(주)씨티씨바이오,False,name_only,True,MFDS nedrug,nedrug.searchDrug,2026-06-12
201903303,고든정20mg(타다라필),고든정20mg(타다라필),타다라필,(주)씨티씨바이오,False,name_only,True,MFDS nedrug,nedrug.searchDrug,2026-06-12
201501944,고든정5mg(타다라필),고든정5mg(타다라필),타다라필,(주)씨티씨바이오,False,name_only,True,MFDS nedrug,nedrug.searchDrug,2026-06-12
201405692,구구정10밀리그램(타다라필),구구정10밀리그램(타다라필),타다라필,한미약품(주),False,name_only,True,MFDS nedrug,nedrug.searchDrug,2026-06-12
201405693,구구정20밀리그램(타다라필),구구정20밀리그램(타다라필),타다라필,한미약품(주),False,name_only,True,MFDS nedrug,nedrug.searchDrug,2026-06-12
201405955,구구정5밀리그램(타다라필),구구정5밀리그램(타다라필),타다라필,한미약품(주),False,name_only,True,MFDS nedrug,nedrug.searchDrug,2026-06-12
201501892,구구츄정10밀리그램(타다라필),구구츄정10밀리그램(타다라필),타다라필,한미약품(주),False,name_only,True,MFDS nedrug,nedrug.searchDrug,2026-06-12
201501891,구구츄정20밀리그램(타다라필),구구츄정20밀리그램(타다라필),타다라필,한미약품(주),False,name_only,True,MFDS nedrug,nedrug.searchDrug,2026-06-12
201501893,구구츄정5밀리그램(타다라필),구구츄정5밀리그램(타다라필),타다라필,한미약품(주),False,name_only,True,MFDS nedrug,nedrug.searchDrug,2026-06-12
201505612,그래서산10밀리그램(타다라필),그래서산10밀리그램(타다라필),타다라필,안국약품(주),False,name_only,True,MFDS nedrug,nedrug.searchDrug,2026-06-12
201505611,그래서산20밀리그램(타다라필),그래서산20밀리그램(타다라필),타다라필,안국약품(주),False,name_only,True,MFDS nedrug,nedrug.searchDrug,2026-06-12
201505613,그래서산5밀리그램(타다라필),그래서산5밀리그램(타다라필),타다라필,안국약품(주),False,name_only,True,MFDS nedrug,nedrug.searchDrug,2026-06-12
201504269,뉴씨그라구강용해필름20mg(타다라필),뉴씨그라구강용해필름20mg(타다라필),타다라필,한국휴텍스제약(주),False,name_only,True,MFDS nedrug,nedrug.searchDrug,2026-06-12
201503170,뉴씨그라정5mg(타다라필),뉴씨그라정5mg(타다라필),타다라필,한국휴텍스제약(주),False,name_only,True,MFDS nedrug,nedrug.searchDrug,2026-06-12
201502216,더포르테씨정20밀리그램(타다라필),더포르테씨정20밀리그램(타다라필),타다라필,경동제약(주),False,name_only,True,MFDS nedrug,nedrug.searchDrug,2026-06-12
201502217,더포르테씨정5밀리그램(타다라필),더포르테씨정5밀리그램(타다라필),타다라필,경동제약(주),False,name_only,True,MFDS nedrug,nedrug.searchDrug,2026-06-12
201503300,더플러스정5밀리그램(타다라필),더플러스정5밀리그램(타다라필),타다라필,(주)킵스바이오파마,False,name_only,True,MFDS nedrug,nedrug.searchDrug,2026-06-12
201503301,데일라정5mg(타다라필),데일라정5mg(타다라필),타다라필,알리코제약(주),False,name_only,True,MFDS nedrug,nedrug.searchDrug,2026-06-12
202500183,"듀타나정0.5/5밀리그램(두타스테리드,타다라필)","듀타나정0.5/5밀리그램(두타스테리드,타다라필)",두타스테리드/타다라필,동아에스티(주),False,name_only,True,MFDS nedrug,nedrug.searchDrug,2026-06-12
202107024,롱맥스정10밀리그램(타다라필),롱맥스정10밀리그램(타다라필),타다라필,케이엠에스제약(주),False,name_only,True,MFDS nedrug,nedrug.searchDrug,2026-06-12
202107025,롱맥스정20밀리그램(타다라필),롱맥스정20밀리그램(타다라필),타다라필,케이엠에스제약(주),False,name_only,True,MFDS nedrug,nedrug.searchDrug,2026-06-12
202107023,롱맥스정5밀리그램(타다라필),롱맥스정5밀리그램(타다라필),타다라필,케이엠에스제약(주),False,name_only,True,MFDS nedrug,nedrug.searchDrug,2026-06-12
201502309,롱티메정20mg(타다라필),롱티메정20mg(타다라필),타다라필,(주)한국파비스제약,False,name_only,True,MFDS nedrug,nedrug.searchDrug,2026-06-12
201502340,롱티메정5mg(타다라필),롱티메정5mg(타다라필),타다라필,(주)한국파비스제약,False,name_only,True,MFDS nedrug,nedrug.searchDrug,2026-06-12
201703977,발그나필정5밀리그램(타다라필),발그나필정5밀리그램(타다라필),타다라필,제이더블유신약(주),False,name_only,True,MFDS nedrug,nedrug.searchDrug,2026-06-12
201501708,부광타다라필정20mg,부광타다라필정20mg,타다라필,부광약품(주),False,name_only,True,MFDS nedrug,nedrug.searchDrug,2026-06-12
201501707,부광타다라필정5mg,부광타다라필정5mg,타다라필,부광약품(주),False,name_only,True,MFDS nedrug,nedrug.searchDrug,2026-06-12
201405620,불티움구강붕해필름10밀리그램(타다라필),불티움구강붕해필름10밀리그램(타다라필),타다라필,(주)서울제약,False,name_only,True,MFDS nedrug,nedrug.searchDrug,2026-06-12
201405164,불티움구강붕해필름20밀리그램(타다라필),불티움구강붕해필름20밀리그램(타다라필),타다라필,(주)서울제약,False,name_only,True,MFDS nedrug,nedrug.searchDrug,2026-06-12
201503139,불티움정5밀리그램(타다라필),불티움정5밀리그램(타다라필),타다라필,(주)서울제약,False,name_only,True,MFDS nedrug,nedrug.searchDrug,2026-06-12
201508320,노펜피록시캄겔(피록시캄),노펜피록시캄겔(피록시캄),피록시캄,제이더블유중외제약(주),False,name_only,True,MFDS nedrug,nedrug.searchDrug,2026-06-12
200713905,대한피록시캄주,대한피록시캄주,피록시캄,대한약품공업(주),False,name_only,True,MFDS nedrug,nedrug.searchDrug,2026-06-12
198800043,로시덴겔(피록시캄),로시덴겔(피록시캄),피록시캄,신풍제약(주),False,name_only,True,MFDS nedrug,nedrug.searchDrug,2026-06-12
201307464,로시파인겔(피록시캄),로시파인겔(피록시캄),피록시캄,(주)퍼슨,False,name_only,True,MFDS nedrug,nedrug.searchDrug,2026-06-12
202500438,마이캄피록시겔(피록시캄),마이캄피록시겔(피록시캄),피록시캄,코오롱제약(주),False,name_only,True,MFDS nedrug,nedrug.searchDrug,2026-06-12
200201705,메가케토겔(피록시캄),메가케토겔(피록시캄),피록시캄,오스틴제약(주),False,name_only,True,MFDS nedrug,nedrug.searchDrug,2026-06-12
200905544,멕시캄겔(피록시캄),멕시캄겔(피록시캄),피록시캄,(주)에이프로젠바이오로직스,False,name_only,True,MFDS nedrug,nedrug.searchDrug,2026-06-12
202401954,삭시네쿨겔(피록시캄),삭시네쿨겔(피록시캄),피록시캄,대원제약(주),False,name_only,True,MFDS nedrug,nedrug.searchDrug,2026-06-12
201907167,시어스피록시캄겔,시어스피록시캄겔,피록시캄,(주)시어스제약,False,name_only,True,MFDS nedrug,nedrug.searchDrug,2026-06-12
201901187,액티브피록시캄겔(피록시캄),액티브피록시캄겔(피록시캄),피록시캄,일양바이오팜(주),False,name_only,True,MFDS nedrug,nedrug.searchDrug,2026-06-12
200201559,에이치엘비피록시캄겔(피록시캄),에이치엘비피록시캄겔(피록시캄),피록시캄,에이치엘비제약(주),False,name_only,True,MFDS nedrug,nedrug.searchDrug,2026-06-12
199302453,위더스피록시캄주사액,위더스피록시캄주사액,피록시캄,위더스제약(주),False,name_only,True,MFDS nedrug,nedrug.searchDrug,2026-06-12
200101498,유니온피록시캄주,유니온피록시캄주,피록시캄,한국유니온제약(주),False,name_only,True,MFDS nedrug,nedrug.searchDrug,2026-06-12
201903189,일양피록시겔(피록시캄),일양피록시겔(피록시캄),피록시캄,일양약품(주),False,name_only,True,MFDS nedrug,nedrug.searchDrug,2026-06-12
202301700,제놀파워겔(피록시캄),제놀파워겔(피록시캄),피록시캄,(주)녹십자,False,name_only,True,MFDS nedrug,nedrug.searchDrug,2026-06-12
200003825,지엘피록시캄캡슐10밀리그램,지엘피록시캄캡슐10밀리그램,피록시캄,지엘파마(주),False,name_only,True,MFDS nedrug,nedrug.searchDrug,2026-06-12
198902261,지엘피록시캄캡슐20밀리그램,지엘피록시캄캡슐20밀리그램,피록시캄,지엘파마(주),False,name_only,True,MFDS nedrug,nedrug.searchDrug,2026-06-12
199200633,코오롱브렉신정10밀리그램(피록시캄베타사이클로덱스트린),코오롱브렉신정10밀리그램(피록시캄베타사이클로덱스트린),피록시캄-베타사이클로덱스트린,코오롱제약(주),False,name_only,True,MFDS nedrug,nedrug.searchDrug,2026-06-12
201405228,쿨스펜겔(피록시캄),쿨스펜겔(피록시캄),피록시캄,신일제약(주),False,name_only,True,MFDS nedrug,nedrug.searchDrug,2026-06-12
201309356,통에존에스겔(피록시캄),통에존에스겔(피록시캄),피록시캄,현대약품(주),False,name_only,True,MFDS nedrug,nedrug.searchDrug,2026-06-12
199802190,트라스트겔(피록시캄),트라스트겔(피록시캄),피록시캄,에스케이케미칼(주),False,name_only,True,MFDS nedrug,nedrug.searchDrug,2026-06-12
202008405,트라스트플라스타(피록시캄),트라스트플라스타(피록시캄),피록시캄,에스케이케미칼(주),False,name_only,True,MFDS nedrug,nedrug.searchDrug,2026-06-12
201403117,트라제트겔(피록시캄),트라제트겔(피록시캄),피록시캄,아이큐어(주),False,name_only,True,MFDS nedrug,nedrug.searchDrug,2026-06-12
199901056,파인스겔(피록시캄),파인스겔(피록시캄),피록시캄,태극제약(주),False,name_only,True,MFDS nedrug,nedrug.searchDrug,2026-06-12
202101271,피록센플라스타(피록시캄),피록센플라스타(피록시캄),피록시캄,(주)티디에스팜,False,name_only,True,MFDS nedrug,nedrug.searchDrug,2026-06-12
201805282,피록스겔(피록시캄),피록스겔(피록시캄),피록시캄,한국코러스(주),False,name_only,True,MFDS nedrug,nedrug.searchDrug,2026-06-12
201906177,피록스타플라스타(피록시캄),피록스타플라스타(피록시캄),피록시캄,신신제약(주),False,name_only,True,MFDS nedrug,nedrug.searchDrug,2026-06-12
202203980,피록시카겔(피록시캄),피록시카겔(피록시캄),피록시캄,경동제약(주),False,name_only,True,MFDS nedrug,nedrug.searchDrug,2026-06-12
202300999,피록하이겔(피록시캄),피록하이겔(피록시캄),피록시캄,진양제약(주),False,name_only,True,MFDS nedrug,nedrug.searchDrug,2026-06-12
202007234,피알탑플라스타(피록시캄),피알탑플라스타(피록시캄),피록시캄,대화제약(주),False,name_only,True,MFDS nedrug,nedrug.searchDrug,2026-06-12
200500992,라보펜정(잘토프로펜),라보펜정(잘토프로펜),잘토프로펜,삼천당제약(주),False,name_only,True,MFDS nedrug,nedrug.searchDrug,2026-06-12
201804287,삼성잘토프로펜정,삼성잘토프로펜정,잘토프로펜,삼성제약(주),False,name_only,True,MFDS nedrug,nedrug.searchDrug,2026-06-12
199701525,솔레톤정(잘토프로펜),솔레톤정(잘토프로펜),잘토프로펜,에이치케이이노엔(주),False,name_only,True,MFDS nedrug,nedrug.searchDrug,2026-06-12
201902799,와이잘토프로펜정,와이잘토프로펜정,잘토프로펜,(주)옵투스제약,False,name_only,True,MFDS nedrug,nedrug.searchDrug,2026-06-12
200802328,유러펜정(잘토프로펜),유러펜정(잘토프로펜),잘토프로펜,(주)한국피엠지제약,False,name_only,True,MFDS nedrug,nedrug.searchDrug,2026-06-12
202001798,일성잘토프로펜정80밀리그램,일성잘토프로펜정80밀리그램,잘토프로펜,일성아이에스(주),False,name_only,True,MFDS nedrug,nedrug.searchDrug,2026-06-12
200502711,자이로펜정(잘토프로펜),자이로펜정(잘토프로펜),잘토프로펜,(주)유영제약,False,name_only,True,MFDS nedrug,nedrug.searchDrug,2026-06-12
201602274,잘레톤정(잘토프로펜),잘레톤정(잘토프로펜),잘토프로펜,(주)셀트리온제약,False,name_only,True,MFDS nedrug,nedrug.searchDrug,2026-06-12
201901893,잘토맥스정(잘토프로펜),잘토맥스정(잘토프로펜),잘토프로펜,코스맥스파마(주),False,name_only,True,MFDS nedrug,nedrug.searchDrug,2026-06-12
201800173,잘토맥정(잘토프로펜),잘토맥정(잘토프로펜),잘토프로펜,맥널티제약(주),False,name_only,True,MFDS nedrug,nedrug.searchDrug,2026-06-12
201904396,잘토젠정(잘토프로펜),잘토젠정(잘토프로펜),잘토프로펜,(주)새한제약,False,name_only,True,MFDS nedrug,nedrug.searchDrug,2026-06-12
201501437,잘토프정(잘토프로펜),잘토프정(잘토프로펜),잘토프로펜,이연제약(주),False,name_only,True,MFDS nedrug,nedrug.searchDrug,2026-06-12
201404541,잘트로펜정(잘토프로펜),잘트로펜정(잘토프로펜),잘토프로펜,일양바이오팜(주),False,name_only,True,MFDS nedrug,nedrug.searchDrug,2026-06-12
200702615,잘트론정(잘토프로펜),잘트론정(잘토프로펜),잘토프로펜,대화제약(주),False,name_only,True,MFDS nedrug,nedrug.searchDrug,2026-06-12
201904651,잘프로펜정(잘토프로펜),잘프로펜정(잘토프로펜),잘토프로펜,익수제약(주),False,name_only,True,MFDS nedrug,nedrug.searchDrug,2026-06-12
202000620,잘프펜정(잘토프로펜),잘프펜정(잘토프로펜),잘토프로펜,건일바이오팜주식회사,False,name_only,True,MFDS nedrug,nedrug.searchDrug,2026-06-12
200611329,나메린정(나부메톤),나메린정(나부메톤),나부메톤,(주)중헌제약,False,name_only,True,MFDS nedrug,nedrug.searchDrug,2026-06-12
200404646,나메톤정(나부메톤),나메톤정(나부메톤),나부메톤,주식회사제뉴원사이언스,False,name_only,True,MFDS nedrug,nedrug.searchDrug,2026-06-12
200401686,나베톤정(나부메톤),나베톤정(나부메톤),나부메톤,한국유니온제약(주),False,name_only,True,MFDS nedrug,nedrug.searchDrug,2026-06-12
200302312,메부톤정(나부메톤),메부톤정(나부메톤),나부메톤,한림제약(주),False,name_only,True,MFDS nedrug,nedrug.searchDrug,2026-06-12
200401454,세나톤정(나부메톤),세나톤정(나부메톤),나부메톤,(주)한국피엠지제약,False,name_only,True,MFDS nedrug,nedrug.searchDrug,2026-06-12
199200248,유니메톤정(나부메톤),유니메톤정(나부메톤),나부메톤,동광제약(주),False,name_only,True,MFDS nedrug,nedrug.searchDrug,2026-06-12
200411208,이텍스나부메톤정500mg,이텍스나부메톤정500mg,나부메톤,(주)테라젠이텍스,False,name_only,True,MFDS nedrug,nedrug.searchDrug,2026-06-12
200503783,일양바이오나부메톤정,일양바이오나부메톤정,나부메톤,일양바이오팜(주),False,name_only,True,MFDS nedrug,nedrug.searchDrug,2026-06-12
199202530,프로닥정(나부메톤),프로닥정(나부메톤),나부메톤,초당약품공업(주),False,name_only,True,MFDS nedrug,nedrug.searchDrug,2026-06-12
200301018,프록톤정(나부메톤),프록톤정(나부메톤),나부메톤,(주)메디카코리아,False,name_only,True,MFDS nedrug,nedrug.searchDrug,2026-06-12
199200885,한독렐라펜정(나부메톤),한독렐라펜정(나부메톤),나부메톤,(주)한독,False,name_only,True,MFDS nedrug,nedrug.searchDrug,2026-06-12
200410905,휴메톤정(나부메톤),휴메톤정(나부메톤),나부메톤,(주)휴온스,False,name_only,True,MFDS nedrug,nedrug.searchDrug,2026-06-12
202104498,벨루펜정(펠루비프로펜),벨루펜정(펠루비프로펜),펠루비프로펜,(주)종근당,False,name_only,True,MFDS nedrug,nedrug.searchDrug,2026-06-12
202104060,펠로엔정(펠루비프로펜(미분화)),펠로엔정(펠루비프로펜(미분화)),펠루비프로펜(미분화),(주)휴온스,False,name_only,True,MFDS nedrug,nedrug.searchDrug,2026-06-12
201501350,펠루비서방정(펠루비프로펜),펠루비서방정(펠루비프로펜),펠루비프로펜,대원제약(주),False,name_only,True,MFDS nedrug,nedrug.searchDrug,2026-06-12
202104003,펠루비에스정(펠루비프로펜트로메타민),펠루비에스정(펠루비프로펜트로메타민),펠루비프로펜트로메타민(미분화),대원제약(주),False,name_only,True,MFDS nedrug,nedrug.searchDrug,2026-06-12
200704590,펠루비정(펠루비프로펜),펠루비정(펠루비프로펜),펠루비프로펜,대원제약(주),False,name_only,True,MFDS nedrug,nedrug.searchDrug,2026-06-12
202601658,펠비펜정30밀리그램(펠루비프로펜),펠비펜정30밀리그램(펠루비프로펜),펠루비프로펜(미분화),(주)동구바이오제약,False,name_only,True,MFDS nedrug,nedrug.searchDrug,2026-06-12
202104053,펠프스정(펠루비프로펜),펠프스정(펠루비프로펜),펠루비프로펜,영진약품(주),False,name_only,True,MFDS nedrug,nedrug.searchDrug,2026-06-12
202202359,건폴렉스캡슐2밀리그램(폴마콕시브),건폴렉스캡슐2밀리그램(폴마콕시브),폴마콕시브,건일바이오팜주식회사,False,name_only,True,MFDS nedrug,nedrug.searchDrug,2026-06-12
201907587,아셀렉스정2밀리그램(폴마콕시브),아셀렉스정2밀리그램(폴마콕시브),폴마콕시브,씨지인바이츠주식회사,False,name_only,True,MFDS nedrug,nedrug.searchDrug,2026-06-12
201500622,아셀렉스캡슐2밀리그램(폴마콕시브),아셀렉스캡슐2밀리그램(폴마콕시브),폴마콕시브,씨지인바이츠주식회사,False,name_only,True,MFDS nedrug,nedrug.searchDrug,2026-06-12
202202394,아셀콕스캡슐2밀리그램(폴마콕시브),아셀콕스캡슐2밀리그램(폴마콕시브),폴마콕시브,(주)대웅제약,False,name_only,True,MFDS nedrug,nedrug.searchDrug,2026-06-12
202202360,페콕시브캡슐2밀리그램(폴마콕시브),페콕시브캡슐2밀리그램(폴마콕시브),폴마콕시브,(주)일화,False,name_only,True,MFDS nedrug,nedrug.searchDrug,2026-06-12
202202342,폴마렉스캡슐2밀리그램(폴마콕시브),폴마렉스캡슐2밀리그램(폴마콕시브),폴마콕시브,(주)휴온스메디텍,False,name_only,True,MFDS nedrug,nedrug.searchDrug,2026-06-12
202202361,폴마콕스캡슐2밀리그램(폴마콕시브),폴마콕스캡슐2밀리그램(폴마콕시브),폴마콕시브,(주)씨엠지제약,False,name_only,True,MFDS nedrug,nedrug.searchDrug,2026-06-12
202202358,폴비트캡슐2밀리그램(폴마콕시브),폴비트캡슐2밀리그램(폴마콕시브),폴마콕시브,하나제약(주),False,name_only,True,MFDS nedrug,nedrug.searchDrug,2026-06-12
202202343,폴시브캡슐2밀리그램(폴마콕시브),폴시브캡슐2밀리그램(폴마콕시브),폴마콕시브,(주)이든파마,False,name_only,True,MFDS nedrug,nedrug.searchDrug,2026-06-12
202202344,폴콕스캡슐2밀리그램(폴마콕시브),폴콕스캡슐2밀리그램(폴마콕시브),폴마콕시브,(주)넥스팜코리아,False,name_only,True,MFDS nedrug,nedrug.searchDrug,2026-06-12
200401478,리메이트정(탈니플루메이트),리메이트정(탈니플루메이트),탈니플루메이트,(주)동구바이오제약,False,name_only,True,MFDS nedrug,nedrug.searchDrug,2026-06-12
199500646,메이트정(탈니플루메이트),메이트정(탈니플루메이트),탈니플루메이트,알리코제약(주),False,name_only,True,MFDS nedrug,nedrug.searchDrug,2026-06-12
200802218,베아겐정(탈니플루메이트),베아겐정(탈니플루메이트),탈니플루메이트,대웅바이오(주),False,name_only,True,MFDS nedrug,nedrug.searchDrug,2026-06-12
198500515,소말겐정(탈니플루메이트),소말겐정(탈니플루메이트),탈니플루메이트,알보젠코리아(주),False,name_only,True,MFDS nedrug,nedrug.searchDrug,2026-06-12
199602149,솔라메트정(탈니플루메이트),솔라메트정(탈니플루메이트),탈니플루메이트,미래바이오제약(주),False,name_only,True,MFDS nedrug,nedrug.searchDrug,2026-06-12
199600038,스토펜정(탈니플루메이트),스토펜정(탈니플루메이트),탈니플루메이트,신풍제약(주),False,name_only,True,MFDS nedrug,nedrug.searchDrug,2026-06-12
199501941,신일탈니플루메이트정,신일탈니플루메이트정,탈니플루메이트,신일제약(주),False,name_only,True,MFDS nedrug,nedrug.searchDrug,2026-06-12
198800619,앤세이드정(탈니플루메이트),앤세이드정(탈니플루메이트),탈니플루메이트,동성제약(주),False,name_only,True,MFDS nedrug,nedrug.searchDrug,2026-06-12
200101428,유니온탈니플루메이트정,유니온탈니플루메이트정,탈니플루메이트,한국유니온제약(주),False,name_only,True,MFDS nedrug,nedrug.searchDrug,2026-06-12
200404684,제뉴원탈니플루메이트정,제뉴원탈니플루메이트정,탈니플루메이트,주식회사제뉴원사이언스,False,name_only,True,MFDS nedrug,nedrug.searchDrug,2026-06-12
199401132,크리마인정(탈니플루메이트),크리마인정(탈니플루메이트),탈니플루메이트,삼진제약(주),False,name_only,True,MFDS nedrug,nedrug.searchDrug,2026-06-12
200400816,타리마겐정(탈니플루메이트),타리마겐정(탈니플루메이트),탈니플루메이트,(주)일화,False,name_only,True,MFDS nedrug,nedrug.searchDrug,2026-06-12
200402408,타말겐정(탈니플루메이트),타말겐정(탈니플루메이트),탈니플루메이트,(주)테라젠이텍스,False,name_only,True,MFDS nedrug,nedrug.searchDrug,2026-06-12
199401998,타프로스정(탈니플루메이트),타프로스정(탈니플루메이트),탈니플루메이트,(주)유영제약,False,name_only,True,MFDS nedrug,nedrug.searchDrug,2026-06-12
201900806,탈니메이트정(탈니플루메이트),탈니메이트정(탈니플루메이트),탈니플루메이트,(주)보령바이오파마,False,name_only,True,MFDS nedrug,nedrug.searchDrug,2026-06-12
199500549,탈로신정(탈니플루메이트),탈로신정(탈니플루메이트),탈니플루메이트,아주약품(주),False,name_only,True,MFDS nedrug,nedrug.searchDrug,2026-06-12
200404214,탈루메이트정(탈니플루메이트),탈루메이트정(탈니플루메이트),탈니플루메이트,(주)넥스팜코리아,False,name_only,True,MFDS nedrug,nedrug.searchDrug,2026-06-12
199400837,탈루메트정(탈니플루메이트),탈루메트정(탈니플루메이트),탈니플루메이트,태극제약(주),False,name_only,True,MFDS nedrug,nedrug.searchDrug,2026-06-12
200404762,탈리겐정(탈니플루메이트),탈리겐정(탈니플루메이트),탈니플루메이트,(주)휴온스생명과학,False,name_only,True,MFDS nedrug,nedrug.searchDrug,2026-06-12
199400570,탈멘정(탈니플루메이트),탈멘정(탈니플루메이트),탈니플루메이트,대우제약(주),False,name_only,True,MFDS nedrug,nedrug.searchDrug,2026-06-12
200202362,탈푸린정(탈니플루메이트),탈푸린정(탈니플루메이트),탈니플루메이트,위더스제약(주),False,name_only,True,MFDS nedrug,nedrug.searchDrug,2026-06-12
200404864,트리메정(탈니플루메이트),트리메정(탈니플루메이트),탈니플루메이트,(주)킵스바이오파마,False,name_only,True,MFDS nedrug,nedrug.searchDrug,2026-06-12
199601437,프루틴정(탈니플루메이트),프루틴정(탈니플루메이트),탈니플루메이트,(주)한국파마,False,name_only,True,MFDS nedrug,nedrug.searchDrug,2026-06-12
200501801,플루마겐정(탈니플루메이트),플루마겐정(탈니플루메이트),탈니플루메이트,오스틴제약(주),False,name_only,True,MFDS nedrug,nedrug.searchDrug,2026-06-12
199702839,하원탈니플루메이트정,하원탈니플루메이트정,탈니플루메이트,(주)하원제약,False,name_only,True,MFDS nedrug,nedrug.searchDrug,2026-06-12
199401625,후루겐정(탈니플루메이트),후루겐정(탈니플루메이트),탈니플루메이트,하나제약(주),False,name_only,True,MFDS nedrug,nedrug.searchDrug,2026-06-12
199401949,후루마정(탈니플루메이트),후루마정(탈니플루메이트),탈니플루메이트,명문제약(주),False,name_only,True,MFDS nedrug,nedrug.searchDrug,2026-06-12
201403939,휴리트정(탈니플루메이트),휴리트정(탈니플루메이트),탈니플루메이트,(주)휴비스트제약,False,name_only,True,MFDS nedrug,nedrug.searchDrug,2026-06-12
201211056,휴말겐정(탈니플루메이트),휴말겐정(탈니플루메이트),탈니플루메이트,한국휴텍스제약(주),False,name_only,True,MFDS nedrug,nedrug.searchDrug,2026-06-12
199803062,휴온스탈니플루메이트정,휴온스탈니플루메이트정,탈니플루메이트,(주)휴온스,False,name_only,True,MFDS nedrug,nedrug.searchDrug,2026-06-12
202401286,게보핏맥스플라스타(플루르비프로펜),게보핏맥스플라스타(플루르비프로펜),플루르비프로펜,삼진제약(주),False,name_only,True,MFDS nedrug,nedrug.searchDrug,2026-06-12
200500298,노펜첩부제(플루르비프로펜),노펜첩부제(플루르비프로펜),플루르비프로펜,제이더블유중외제약(주),False,name_only,True,MFDS nedrug,nedrug.searchDrug,2026-06-12
200210298,다나펜카타플라스마(플루르비프로펜),다나펜카타플라스마(플루르비프로펜),플루르비프로펜,(주)재우스팜,False,name_only,True,MFDS nedrug,nedrug.searchDrug,2026-06-12
202102673,디펜파워투어펜플라스타(플루르비프로펜),디펜파워투어펜플라스타(플루르비프로펜),플루르비프로펜,신일제약(주),False,name_only,True,MFDS nedrug,nedrug.searchDrug,2026-06-12
201404613,루비로펜카타플라스마(플루르비프로펜),루비로펜카타플라스마(플루르비프로펜),플루르비프로펜,알리코제약(주),False,name_only,True,MFDS nedrug,nedrug.searchDrug,2026-06-12
200905103,루페인플라스타(플루르비프로펜),루페인플라스타(플루르비프로펜),플루르비프로펜,(주)티디에스팜,False,name_only,True,MFDS nedrug,nedrug.searchDrug,2026-06-12
202000214,리놀에스트로키(플루르비프로펜),리놀에스트로키(플루르비프로펜),플루르비프로펜,경남제약(주),False,name_only,True,MFDS nedrug,nedrug.searchDrug,2026-06-12
200501187,맨담플루비플라스타(플루르비프로펜),맨담플루비플라스타(플루르비프로펜),플루르비프로펜,(주)보령,False,name_only,True,MFDS nedrug,nedrug.searchDrug,2026-06-12
201802617,모가프텐트로키(플루르비프로펜),모가프텐트로키(플루르비프로펜),플루르비프로펜,동화약품(주),False,name_only,True,MFDS nedrug,nedrug.searchDrug,2026-06-12
201900290,목앤파워스프레이(플루르비프로펜),목앤파워스프레이(플루르비프로펜),플루르비프로펜,한미약품(주),False,name_only,True,MFDS nedrug,nedrug.searchDrug,2026-06-12
201803063,스로쿨트로키(레몬향)(플루르비프로펜),스로쿨트로키(레몬향)(플루르비프로펜),플루르비프로펜,지엘파마(주),False,name_only,True,MFDS nedrug,nedrug.searchDrug,2026-06-12
200906877,"스트렙실허니앤레몬트로키(플루르비프로펜), 스트렙실오렌지트로키(플루르비프로펜)","스트렙실허니앤레몬트로키(플루르비프로펜), 스트렙실오렌지트로키(플루르비프로펜)",플루르비프로펜,(유)옥시레킷벤키저,False,name_only,True,MFDS nedrug,nedrug.searchDrug,2026-06-12
202400324,안티푸라민40플라스타(플루르비프로펜),안티푸라민40플라스타(플루르비프로펜),플루르비프로펜,(주)유한양행,False,name_only,True,MFDS nedrug,nedrug.searchDrug,2026-06-12
201006814,안티푸라민파프카타플라스마(플루르비프로펜),안티푸라민파프카타플라스마(플루르비프로펜),플루르비프로펜,(주)유한양행,False,name_only,True,MFDS nedrug,nedrug.searchDrug,2026-06-12
201110394,안티푸라민허브향플라스타(플루르비프로펜),안티푸라민허브향플라스타(플루르비프로펜),플루르비프로펜,(주)유한양행,False,name_only,True,MFDS nedrug,nedrug.searchDrug,2026-06-12
202002568,요모겐트로키(플루르비프로펜),요모겐트로키(플루르비프로펜),플루르비프로펜,대원제약(주),False,name_only,True,MFDS nedrug,nedrug.searchDrug,2026-06-12
200607954,일양바이오펜첩부제(플루르비프로펜),일양바이오펜첩부제(플루르비프로펜),플루르비프로펜,일양바이오팜(주),False,name_only,True,MFDS nedrug,nedrug.searchDrug,2026-06-12
201900024,제놀파워풀플라스타(플루르비프로펜),제놀파워풀플라스타(플루르비프로펜),플루르비프로펜,아이큐어(주),False,name_only,True,MFDS nedrug,nedrug.searchDrug,2026-06-12
202001573,제놀푸로탑플라스타(플루르비프로펜),제놀푸로탑플라스타(플루르비프로펜),플루르비프로펜,(주)녹십자,False,name_only,True,MFDS nedrug,nedrug.searchDrug,2026-06-12
201801679,제일빅파프카타플라스마(플루르비프로펜),제일빅파프카타플라스마(플루르비프로펜),플루르비프로펜,제일헬스사이언스(주),False,name_only,True,MFDS nedrug,nedrug.searchDrug,2026-06-12
200600110,제일탑첩부제(플루르비프로펜),제일탑첩부제(플루르비프로펜),플루르비프로펜,제일헬스사이언스(주),False,name_only,True,MFDS nedrug,nedrug.searchDrug,2026-06-12
201507425,"젠스트린트로키(멘톨앤페퍼민트향, 페퍼민트향, 레몬향, 복숭아향)(플루르비프로펜)","젠스트린트로키(멘톨앤페퍼민트향, 페퍼민트향, 레몬향, 복숭아향)(플루르비프로펜)",플루르비프로펜,신일제약(주),False,name_only,True,MFDS nedrug,nedrug.searchDrug,2026-06-12
200109391,젤존팝카타플라스마(플루르비프로펜),젤존팝카타플라스마(플루르비프로펜),플루르비프로펜,(주)오현파마코푸레이션,False,name_only,True,MFDS nedrug,nedrug.searchDrug,2026-06-12
200109402,조아팝(플루르비프로펜),조아팝(플루르비프로펜),플루르비프로펜,(주)오현파마코푸레이션,False,name_only,True,MFDS nedrug,nedrug.searchDrug,2026-06-12
202500910,조인업더블플라스타(플루르비프로펜),조인업더블플라스타(플루르비프로펜),플루르비프로펜,일양약품(주),False,name_only,True,MFDS nedrug,nedrug.searchDrug,2026-06-12
200501213,조인업첩부제(플루르비프로펜),조인업첩부제(플루르비프로펜),플루르비프로펜,일양약품(주),False,name_only,True,MFDS nedrug,nedrug.searchDrug,2026-06-12
201804530,캐롤프로더블파워플라스타(플루르비프로펜),캐롤프로더블파워플라스타(플루르비프로펜),플루르비프로펜,(주)티디에스팜,False,name_only,True,MFDS nedrug,nedrug.searchDrug,2026-06-12
201202810,케이팜플라스타(플루르비프로펜),케이팜플라스타(플루르비프로펜),플루르비프로펜,명문제약(주),False,name_only,True,MFDS nedrug,nedrug.searchDrug,2026-06-12
202401344,케토톱액티브플라스타(플루르비프로펜),케토톱액티브플라스타(플루르비프로펜),플루르비프로펜,(주)한독,False,name_only,True,MFDS nedrug,nedrug.searchDrug,2026-06-12
200805218,키페낙에스첩부제(플루르비프로펜),키페낙에스첩부제(플루르비프로펜),플루르비프로펜,코스맥스파마(주),False,name_only,True,MFDS nedrug,nedrug.searchDrug,2026-06-12
201908623,글로에리손SR서방정(에페리손염산염),글로에리손sr서방정(에페리손염산염),에페리손염산염,(주)킵스바이오파마,False,name_only,True,MFDS nedrug,nedrug.searchDrug,2026-06-12
201307233,글로에리손정(에페리손염산염),글로에리손정(에페리손염산염),에페리손염산염,(주)킵스바이오파마,False,name_only,True,MFDS nedrug,nedrug.searchDrug,2026-06-12
201501693,네렉손서방정(에페리손염산염),네렉손서방정(에페리손염산염),에페리손염산염,대원제약(주),False,name_only,True,MFDS nedrug,nedrug.searchDrug,2026-06-12
200401233,넬슨에페리손정(에페리손염산염),넬슨에페리손정(에페리손염산염),에페리손염산염,한국넬슨제약(주),False,name_only,True,MFDS nedrug,nedrug.searchDrug,2026-06-12
201310963,뉴페리손정(에페리손염산염),뉴페리손정(에페리손염산염),에페리손염산염,신풍제약(주),False,name_only,True,MFDS nedrug,nedrug.searchDrug,2026-06-12
201905623,대우에페리손SR서방정75mg(에페리손염산염),대우에페리손sr서방정75mg(에페리손염산염),에페리손염산염,대우제약(주),False,name_only,True,MFDS nedrug,nedrug.searchDrug,2026-06-12
199800835,대우에페리손정(에페리손염산염),대우에페리손정(에페리손염산염),에페리손염산염,대우제약(주),False,name_only,True,MFDS nedrug,nedrug.searchDrug,2026-06-12
202001084,대웅바이오에페리손서방정(에페리손염산염),대웅바이오에페리손서방정(에페리손염산염),에페리손염산염,대웅바이오(주),False,name_only,True,MFDS nedrug,nedrug.searchDrug,2026-06-12
200502298,대웅바이오에페리손정(에페리손염산염),대웅바이오에페리손정(에페리손염산염),에페리손염산염,대웅바이오(주),False,name_only,True,MFDS nedrug,nedrug.searchDrug,2026-06-12
201908699,대원바이오텍에페리손서방정(에페리손염산염),대원바이오텍에페리손서방정(에페리손염산염),에페리손염산염,대원바이오텍주식회사,False,name_only,True,MFDS nedrug,nedrug.searchDrug,2026-06-12
200607915,대원에페리손염산염정,대원에페리손염산염정,에페리손염산염,대원제약(주),False,name_only,True,MFDS nedrug,nedrug.searchDrug,2026-06-12
201310292,동광에페리손정(에페리손염산염),동광에페리손정(에페리손염산염),에페리손염산염,동광제약(주),False,name_only,True,MFDS nedrug,nedrug.searchDrug,2026-06-12
201908174,동구에페리손서방정(에페리손염산염),동구에페리손서방정(에페리손염산염),에페리손염산염,(주)동구바이오제약,False,name_only,True,MFDS nedrug,nedrug.searchDrug,2026-06-12
200301102,동구에페리손정(에페리손염산염),동구에페리손정(에페리손염산염),에페리손염산염,(주)동구바이오제약,False,name_only,True,MFDS nedrug,nedrug.searchDrug,2026-06-12
201310388,동성에페리손정(에페리손염산염),동성에페리손정(에페리손염산염),에페리손염산염,동성제약(주),False,name_only,True,MFDS nedrug,nedrug.searchDrug,2026-06-12
201905684,디페리손서방정(에페리손염산염),디페리손서방정(에페리손염산염),에페리손염산염,(주)대웅제약,False,name_only,True,MFDS nedrug,nedrug.searchDrug,2026-06-12
201602976,레페리손정(에페리손염산염),레페리손정(에페리손염산염),에페리손염산염,(주)바스칸바이오제약,False,name_only,True,MFDS nedrug,nedrug.searchDrug,2026-06-12
201603481,로페리손정(에페리손염산염),로페리손정(에페리손염산염),에페리손염산염,(주)인트로바이오파마,False,name_only,True,MFDS nedrug,nedrug.searchDrug,2026-06-12
201304801,리락손정(에페리손염산염),리락손정(에페리손염산염),에페리손염산염,삼천당제약(주),False,name_only,True,MFDS nedrug,nedrug.searchDrug,2026-06-12
201400915,머렉스정(에페리손염산염),머렉스정(에페리손염산염),에페리손염산염,알리코제약(주),False,name_only,True,MFDS nedrug,nedrug.searchDrug,2026-06-12
201908632,메가페손정(에페리손염산염),메가페손정(에페리손염산염),에페리손염산염,(주)엘앤씨바이오,False,name_only,True,MFDS nedrug,nedrug.searchDrug,2026-06-12
198902330,뮤렉스정(에페리손염산염),뮤렉스정(에페리손염산염),에페리손염산염,초당약품공업(주),False,name_only,True,MFDS nedrug,nedrug.searchDrug,2026-06-12
201905928,뮤렉신서방정(에페리손염산염),뮤렉신서방정(에페리손염산염),에페리손염산염,(주)비보존제약,False,name_only,True,MFDS nedrug,nedrug.searchDrug,2026-06-12
201401374,뮤렉실정(에페리손염산염),뮤렉실정(에페리손염산염),에페리손염산염,성원애드콕제약(주),False,name_only,True,MFDS nedrug,nedrug.searchDrug,2026-06-12
201905484,뮤리손SR서방정(에페리손염산염),뮤리손sr서방정(에페리손염산염),에페리손염산염,(주)제뉴파마,False,name_only,True,MFDS nedrug,nedrug.searchDrug,2026-06-12
201905953,뮤릭손서방정(에페리손염산염),뮤릭손서방정(에페리손염산염),에페리손염산염,(주)라이트팜텍,False,name_only,True,MFDS nedrug,nedrug.searchDrug,2026-06-12
201908624,뮤페리손SR서방정(에페리손염산염),뮤페리손sr서방정(에페리손염산염),에페리손염산염,(주)한국피엠지제약,False,name_only,True,MFDS nedrug,nedrug.searchDrug,2026-06-12
202000443,뮤페신서방정(에페리손염산염),뮤페신서방정(에페리손염산염),에페리손염산염,(주)메디카코리아,False,name_only,True,MFDS nedrug,nedrug.searchDrug,2026-06-12
200401367,뮤페신정(에페리손염산염),뮤페신정(에페리손염산염),에페리손염산염,(주)메디카코리아,False,name_only,True,MFDS nedrug,nedrug.searchDrug,2026-06-12
202003375,뮤펙손서방정(에페리손염산염),뮤펙손서방정(에페리손염산염),에페리손염산염,(주)보령바이오파마,False,name_only,True,MFDS nedrug,nedrug.searchDrug,2026-06-12
202402161,다멘드쿨정,다멘드쿨정,클로르족사존/에텐자미드/카페인수화물,알리코제약(주),False,name_only,True,MFDS nedrug,nedrug.searchDrug,2026-06-12
202400957,다푸러펜정,다푸러펜정,클로르족사존/에텐자미드/카페인수화물,경남제약(주),False,name_only,True,MFDS nedrug,nedrug.searchDrug,2026-06-12
202400780,담엔쿨정,담엔쿨정,클로르족사존/에텐자미드/카페인수화물,에스케이케미칼(주),False,name_only,True,MFDS nedrug,nedrug.searchDrug,2026-06-12
202400777,렉스펜에스정,렉스펜에스정,클로르족사존/에텐자미드/카페인수화물,한솔신약(주),False,name_only,True,MFDS nedrug,nedrug.searchDrug,2026-06-12
202401338,리렉사에스정,리렉사에스정,클로르족사존/에텐자미드/카페인수화물,(주)바스칸바이오제약,False,name_only,True,MFDS nedrug,nedrug.searchDrug,2026-06-12
202400351,리렉스담정,리렉스담정,클로르족사존/에텐자미드/카페인수화물,한미약품(주),False,name_only,True,MFDS nedrug,nedrug.searchDrug,2026-06-12
202402475,리렉스싹정,리렉스싹정,클로르족사존/에텐자미드/카페인수화물,제일헬스사이언스(주),False,name_only,True,MFDS nedrug,nedrug.searchDrug,2026-06-12
202601567,릴렉신정,릴렉신정,클로르족사존/에텐자미드/카페인수화물,(주)와이에스생명과학,False,name_only,True,MFDS nedrug,nedrug.searchDrug,2026-06-12
202400920,마이펜엑스정,마이펜엑스정,클로르족사존/에텐자미드/카페인수화물,코오롱제약(주),False,name_only,True,MFDS nedrug,nedrug.searchDrug,2026-06-12
201104359,스카풀라정,스카풀라정,클로르족사존/에텐자미드/카페인수화물,동아제약(주),False,name_only,True,MFDS nedrug,nedrug.searchDrug,2026-06-12
202401187,신신플렉스정,신신플렉스정,클로르족사존/에텐자미드/카페인수화물,신신제약(주),False,name_only,True,MFDS nedrug,nedrug.searchDrug,2026-06-12
202400151,엔디펜알파정,엔디펜알파정,클로르족사존/에텐자미드/카페인수화물,주식회사 노바엠헬스케어,False,name_only,True,MFDS nedrug,nedrug.searchDrug,2026-06-12
202400847,엠피스에프정,엠피스에프정,클로르족사존/에텐자미드/카페인수화물,(주)에이프로젠바이오로직스,False,name_only,True,MFDS nedrug,nedrug.searchDrug,2026-06-12
202401775,제놀담푸러정,제놀담푸러정,클로르족사존/에텐자미드/카페인수화물,(주)녹십자,False,name_only,True,MFDS nedrug,nedrug.searchDrug,2026-06-12
202500101,차마프텐정,차마프텐정,클로르족사존/에텐자미드/카페인수화물,(주)옵투스제약,False,name_only,True,MFDS nedrug,nedrug.searchDrug,2026-06-12
202401098,카바몰플러스정,카바몰플러스정,클로르족사존/에텐자미드/카페인수화물,신일제약(주),False,name_only,True,MFDS nedrug,nedrug.searchDrug,2026-06-12
201402338,케어담정,케어담정,클로르족사존/에텐자미드/카페인수화물,조아제약(주),False,name_only,True,MFDS nedrug,nedrug.searchDrug,2026-06-12
202401836,크라렉신에스정,크라렉신에스정,클로르족사존/에텐자미드/카페인수화물,지엘파마(주),False,name_only,True,MFDS nedrug,nedrug.searchDrug,2026-06-12
202400654,크로아존엔정,크로아존엔정,클로르족사존/에텐자미드/카페인수화물,일양약품(주),False,name_only,True,MFDS nedrug,nedrug.searchDrug,2026-06-12
202401763,클로엠알파정,클로엠알파정,클로르족사존/에텐자미드/카페인수화물,(주)마더스제약,False,name_only,True,MFDS nedrug,nedrug.searchDrug,2026-06-12
202400843,클로하이정,클로하이정,클로르족사존/에텐자미드/카페인수화물,진양제약(주),False,name_only,True,MFDS nedrug,nedrug.searchDrug,2026-06-12
202401075,클리담정,클리담정,클로르족사존/에텐자미드/카페인수화물,삼진제약(주),False,name_only,True,MFDS nedrug,nedrug.searchDrug,2026-06-12
202400918,통케어정,통케어정,클로르족사존/에텐자미드/카페인수화물,일양바이오팜(주),False,name_only,True,MFDS nedrug,nedrug.searchDrug,2026-06-12
202400815,티엔클라젠정,티엔클라젠정,클로르족사존/에텐자미드/카페인수화물,(주)넥스팜코리아,False,name_only,True,MFDS nedrug,nedrug.searchDrug,2026-06-12
202501548,팜페인리렉스정,팜페인리렉스정,클로르족사존/에텐자미드/카페인수화물,이연제약(주),False,name_only,True,MFDS nedrug,nedrug.searchDrug,2026-06-12
202402769,패튼에스정,패튼에스정,클로르족사존/에텐자미드/카페인수화물,오스틴제약(주),False,name_only,True,MFDS nedrug,nedrug.searchDrug,2026-06-12
202401210,풀리시오정,풀리시오정,클로르족사존/에텐자미드/카페인수화물,(주)유유제약,False,name_only,True,MFDS nedrug,nedrug.searchDrug,2026-06-12
202401045,프리스담정,프리스담정,클로르족사존/에텐자미드/카페인수화물,(주)씨엠지제약,False,name_only,True,MFDS nedrug,nedrug.searchDrug,2026-06-12
202502878,프리이지정,프리이지정,클로르족사존/에텐자미드/카페인수화물,동국제약(주),False,name_only,True,MFDS nedrug,nedrug.searchDrug,2026-06-12
201106366,솝튼정(티자니딘염산염),솝튼정(티자니딘염산염),티자니딘염산염,(주)휴온스,False,name_only,True,MFDS nedrug,nedrug.searchDrug,2026-06-12
201001737,티자리드정1밀리그람(티자니딘염산염),티자리드정1밀리그람(티자니딘염산염),티자니딘염산염,광동제약(주),False,name_only,True,MFDS nedrug,nedrug.searchDrug,2026-06-12
199400569,대우바클로펜정10밀리그램,대우바클로펜정10밀리그램,바클로펜,대우제약(주),False,name_only,True,MFDS nedrug,nedrug.searchDrug,2026-06-12
199702412,바라파정10mg(바클로펜),바라파정10mg(바클로펜),바클로펜,하나제약(주),False,name_only,True,MFDS nedrug,nedrug.searchDrug,2026-06-12
200100133,바로판10밀리그람정(바클로펜),바로판10밀리그람정(바클로펜),바클로펜,동광제약(주),False,name_only,True,MFDS nedrug,nedrug.searchDrug,2026-06-12
199500647,바크라폰정10밀리그램(바클로펜),바크라폰정10밀리그램(바클로펜),바클로펜,알리코제약(주),False,name_only,True,MFDS nedrug,nedrug.searchDrug,2026-06-12
198701594,바크론정10밀리그람(바클로펜),바크론정10밀리그람(바클로펜),바클로펜,(주)태준제약,False,name_only,True,MFDS nedrug,nedrug.searchDrug,2026-06-12
198701585,바크론정5밀리그람(바클로펜),바크론정5밀리그람(바클로펜),바클로펜,(주)태준제약,False,name_only,True,MFDS nedrug,nedrug.searchDrug,2026-06-12
198501456,바클란정10밀리그램(바클로펜),바클란정10밀리그램(바클로펜),바클로펜,(주)유영제약,False,name_only,True,MFDS nedrug,nedrug.searchDrug,2026-06-12
201902057,바클펜정10밀리그램(바클로펜),바클펜정10밀리그램(바클로펜),바클로펜,(주)다산제약,False,name_only,True,MFDS nedrug,nedrug.searchDrug,2026-06-12
201908255,비엘바클로정10mg(바클로펜),비엘바클로정10mg(바클로펜),바클로펜,(주)라이트팜텍,False,name_only,True,MFDS nedrug,nedrug.searchDrug,2026-06-12
200000452,삼성바클로펜정,삼성바클로펜정,바클로펜,삼성제약(주),False,name_only,True,MFDS nedrug,nedrug.searchDrug,2026-06-12
201901838,와이바클로펜정10밀리그램,와이바클로펜정10밀리그램,바클로펜,(주)옵투스제약,False,name_only,True,MFDS nedrug,nedrug.searchDrug,2026-06-12
199602834,풍림바클로펜정,풍림바클로펜정,바클로펜,풍림무약(주),False,name_only,True,MFDS nedrug,nedrug.searchDrug,2026-06-12
199001340,프렉스정(바클로펜),프렉스정(바클로펜),바클로펜,한국유나이티드제약(주),False,name_only,True,MFDS nedrug,nedrug.searchDrug,2026-06-12
199101449,프렉스정10밀리그램(바클로펜),프렉스정10밀리그램(바클로펜),바클로펜,한국유나이티드제약(주),False,name_only,True,MFDS nedrug,nedrug.searchDrug,2026-06-12
199101450,프렉스정5밀리그램(바클로펜),프렉스정5밀리그램(바클로펜),바클로펜,한국유나이티드제약(주),False,name_only,True,MFDS nedrug,nedrug.searchDrug,2026-06-12
198800245,한독바클로펜정10밀리그램,한독바클로펜정10밀리그램,바클로펜,(주)한독,False,name_only,True,MFDS nedrug,nedrug.searchDrug,2026-06-12
199701147,캘코트정6밀리그람(데플라자코트(미분화)),캘코트정6밀리그람(데플라자코트(미분화)),데플라자코트(미분화),(주)한독,False,name_only,True,MFDS nedrug,nedrug.searchDrug,2026-06-12
201309846,니소론엠정(메틸프레드니솔론),니소론엠정(메틸프레드니솔론),메틸프레드니솔론,국제약품(주),False,name_only,True,MFDS nedrug,nedrug.searchDrug,2026-06-12
201900631,다솔론정(메틸프레드니솔론),다솔론정(메틸프레드니솔론),메틸프레드니솔론,(주)한국파비스제약,False,name_only,True,MFDS nedrug,nedrug.searchDrug,2026-06-12
200501723,더마스톤지크림,더마스톤지크림,네오마이신황산염/프레드니솔론,에이치엘비제약(주),False,name_only,True,MFDS nedrug,nedrug.searchDrug,2026-06-12
202100035,덴탈필크림,덴탈필크림,프레드니솔론/염화세틸피리디늄수화물,동화약품(주),False,name_only,True,MFDS nedrug,nedrug.searchDrug,2026-06-12
201903452,독립메틸프레드니솔론정,독립메틸프레드니솔론정,메틸프레드니솔론,독립바이오제약(주),False,name_only,True,MFDS nedrug,nedrug.searchDrug,2026-06-12
201507025,두두엔액,두두엔액,프레드니솔론발레로아세테이트/L-멘톨/dl-캄파/티몰/디펜히드라민염산염,(주)퍼슨,False,name_only,True,MFDS nedrug,nedrug.searchDrug,2026-06-12
201606648,두피나액,두피나액,프레드니솔론발레로아세테이트/l-멘톨/dl-캄파/티몰/디펜히드라민염산염,일양약품(주),False,name_only,True,MFDS nedrug,nedrug.searchDrug,2026-06-12
201803753,두피앤액,두피앤액,프레드니솔론발레로아세테이트/L-멘톨/티몰/크로타미톤/에녹솔론/알란토인,한미약품(주),False,name_only,True,MFDS nedrug,nedrug.searchDrug,2026-06-12
201506192,디솔린정(메틸프레드니솔론),디솔린정(메틸프레드니솔론),메틸프레드니솔론,구주제약(주),False,name_only,True,MFDS nedrug,nedrug.searchDrug,2026-06-12
202301098,래반포르테주입크림,래반포르테주입크림,프레드니솔론아세테이트/토코페롤아세테이트/리도카인/알란토인,(주)퍼슨,False,name_only,True,MFDS nedrug,nedrug.searchDrug,2026-06-12
202501780,리도프론크림(프레드니솔론발레로아세테이트),리도프론크림(프레드니솔론발레로아세테이트),프레드니솔론발레로아세테이트,에스케이케미칼(주),False,name_only,True,MFDS nedrug,nedrug.searchDrug,2026-06-12
201907800,메가메솔론정(메틸프레드니솔론),메가메솔론정(메틸프레드니솔론),메틸프레드니솔론,(주)엘앤씨바이오,False,name_only,True,MFDS nedrug,nedrug.searchDrug,2026-06-12
200201708,메가소프크림(프레드니솔론발레로아세테이트),메가소프크림(프레드니솔론발레로아세테이트),프레드니솔론발레로아세테이트,오스틴제약(주),False,name_only,True,MFDS nedrug,nedrug.searchDrug,2026-06-12
201604383,메니론정4밀리그램(메틸프레드니솔론),메니론정4밀리그램(메틸프레드니솔론),메틸프레드니솔론,정우신약(주),False,name_only,True,MFDS nedrug,nedrug.searchDrug,2026-06-12
199800324,메니솔론정4밀리그램(메틸프레드니솔론),메니솔론정4밀리그램(메틸프레드니솔론),메틸프레드니솔론,(주)에이프로젠바이오로직스,False,name_only,True,MFDS nedrug,nedrug.searchDrug,2026-06-12
201307854,메드닌정(메틸프레드니솔론),메드닌정(메틸프레드니솔론),메틸프레드니솔론(미분화),안국약품(주),False,name_only,True,MFDS nedrug,nedrug.searchDrug,2026-06-12
201207516,메드론정(메틸프레드니솔론),메드론정(메틸프레드니솔론),메틸프레드니솔론,(주)메디카코리아,False,name_only,True,MFDS nedrug,nedrug.searchDrug,2026-06-12
201302240,메디론정(메틸프레드니솔론),메디론정(메틸프레드니솔론),메틸프레드니솔론,화일약품(주),False,name_only,True,MFDS nedrug,nedrug.searchDrug,2026-06-12
201307227,메디소루정(메틸프레드니솔론),메디소루정(메틸프레드니솔론),메틸프레드니솔론,한올바이오파마(주),False,name_only,True,MFDS nedrug,nedrug.searchDrug,2026-06-12
198500227,메디소루주(메틸프레드니솔론숙시네이트나트륨),메디소루주(메틸프레드니솔론숙시네이트나트륨),메틸프레드니솔론숙시네이트나트륨,한올바이오파마(주),False,name_only,True,MFDS nedrug,nedrug.searchDrug,2026-06-12
201601609,메디손정4mg(메틸프레드니솔론),메디손정4mg(메틸프레드니솔론),메틸프레드니솔론,(주)넥스팜코리아,False,name_only,True,MFDS nedrug,nedrug.searchDrug,2026-06-12
201309807,메디솔론정(메틸프레드니솔론),메디솔론정(메틸프레드니솔론),메틸프레드니솔론,한국휴텍스제약(주),False,name_only,True,MFDS nedrug,nedrug.searchDrug,2026-06-12
201802448,메디솔정(메틸프레드니솔론),메디솔정(메틸프레드니솔론),메틸프레드니솔론,한국코러스(주),False,name_only,True,MFDS nedrug,nedrug.searchDrug,2026-06-12
201500149,메디원정(메틸프레드니솔론),메디원정(메틸프레드니솔론),메틸프레드니솔론,(주)하원제약,False,name_only,True,MFDS nedrug,nedrug.searchDrug,2026-06-12
201607126,메디퀵스프레이,메디퀵스프레이,크로타미톤/L-멘톨/프레드니솔론발레로아세테이트/티몰,(주)마더스제약,False,name_only,True,MFDS nedrug,nedrug.searchDrug,2026-06-12
201901631,메소론정(메틸프레드니솔론),메소론정(메틸프레드니솔론),메틸프레드니솔론,지엘파마(주),False,name_only,True,MFDS nedrug,nedrug.searchDrug,2026-06-12
200300111,메솔론정(메틸프레드니솔론),메솔론정(메틸프레드니솔론),메틸프레드니솔론,동광제약(주),False,name_only,True,MFDS nedrug,nedrug.searchDrug,2026-06-12
201601595,메솔롬정(메틸프레드니솔론),메솔롬정(메틸프레드니솔론),메틸프레드니솔론,아이큐어(주),False,name_only,True,MFDS nedrug,nedrug.searchDrug,2026-06-12
199701131,메치론정(메틸프레드니솔론),메치론정(메틸프레드니솔론),메틸프레드니솔론(미분화),알보젠코리아(주),False,name_only,True,MFDS nedrug,nedrug.searchDrug,2026-06-12
201309384,메치론정1밀리그램(메틸프레드니솔론),메치론정1밀리그램(메틸프레드니솔론),메틸프레드니솔론(미분화),알보젠코리아(주),False,name_only,True,MFDS nedrug,nedrug.searchDrug,2026-06-12
201306352,메치손정(메틸프레드니솔론),메치손정(메틸프레드니솔론),메틸프레드니솔론,(주)일화,False,name_only,True,MFDS nedrug,nedrug.searchDrug,2026-06-12
198500517,메치솔주125밀리그램(메틸프레드니솔론숙시네이트나트륨),메치솔주125밀리그램(메틸프레드니솔론숙시네이트나트륨),메틸프레드니솔론숙시네이트나트륨,알보젠코리아(주),False,name_only,True,MFDS nedrug,nedrug.searchDrug,2026-06-12
201404339,메칠정(메틸프레드니솔론),메칠정(메틸프레드니솔론),메틸프레드니솔론,(주)킵스바이오파마,False,name_only,True,MFDS nedrug,nedrug.searchDrug,2026-06-12
201903859,메티론정(메틸프레드니솔론),메티론정(메틸프레드니솔론),메틸프레드니솔론,(주)한풍제약,False,name_only,True,MFDS nedrug,nedrug.searchDrug,2026-06-12
201901841,메틸드정(메틸프레드니솔론),메틸드정(메틸프레드니솔론),메틸프레드니솔론,성원애드콕제약(주),False,name_only,True,MFDS nedrug,nedrug.searchDrug,2026-06-12
201801003,메틸론정4mg(메틸프레드니솔론),메틸론정4mg(메틸프레드니솔론),메틸프레드니솔론,(주)마더스제약,False,name_only,True,MFDS nedrug,nedrug.searchDrug,2026-06-12
201310901,메틸솔론정4mg(메틸프레드니솔론),메틸솔론정4mg(메틸프레드니솔론),메틸프레드니솔론,삼아제약(주),False,name_only,True,MFDS nedrug,nedrug.searchDrug,2026-06-12
201601112,메틸피디정(메틸프레드니솔론),메틸피디정(메틸프레드니솔론),메틸프레드니솔론,일양바이오팜(주),False,name_only,True,MFDS nedrug,nedrug.searchDrug,2026-06-12
201403627,메프나정(메틸프레드니솔론),메프나정(메틸프레드니솔론),메틸프레드니솔론,(주)휴비스트제약,False,name_only,True,MFDS nedrug,nedrug.searchDrug,2026-06-12
201903190,메프레정4mg(메틸프레드니솔론),메프레정4mg(메틸프레드니솔론),메틸프레드니솔론,(주)시어스제약,False,name_only,True,MFDS nedrug,nedrug.searchDrug,2026-06-12
201601608,메프솔정4mg(메틸프레드니솔론),메프솔정4mg(메틸프레드니솔론),메틸프레드니솔론(미분화),(주)이든파마,False,name_only,True,MFDS nedrug,nedrug.searchDrug,2026-06-12
201707939,메피론정4mg(메틸프레드니솔론),메피론정4mg(메틸프레드니솔론),메틸프레드니솔론,(주)옵투스제약,False,name_only,True,MFDS nedrug,nedrug.searchDrug,2026-06-12
201804861,메피솔론정(메틸프레드니솔론),메피솔론정(메틸프레드니솔론),메틸프레드니솔론,동국제약(주),False,name_only,True,MFDS nedrug,nedrug.searchDrug,2026-06-12
200300085,메피정(메틸프레드니솔론),메피정(메틸프레드니솔론),메틸프레드니솔론,맥널티제약(주),False,name_only,True,MFDS nedrug,nedrug.searchDrug,2026-06-12
202001615,미솔론정(메틸프레드니솔론),미솔론정(메틸프레드니솔론),메틸프레드니솔론,건일바이오팜주식회사,False,name_only,True,MFDS nedrug,nedrug.searchDrug,2026-06-12
201307924,미프론정4mg(메틸프레드니솔론),미프론정4mg(메틸프레드니솔론),메틸프레드니솔론,(주)팜젠사이언스,False,name_only,True,MFDS nedrug,nedrug.searchDrug,2026-06-12
201405584,베아솔론정(메틸프레드니솔론),베아솔론정(메틸프레드니솔론),메틸프레드니솔론,대웅바이오(주),False,name_only,True,MFDS nedrug,nedrug.searchDrug,2026-06-12
201901439,삼성메틸프레드니솔론정4밀리그램,삼성메틸프레드니솔론정4밀리그램,메틸프레드니솔론,삼성제약(주),False,name_only,True,MFDS nedrug,nedrug.searchDrug,2026-06-12
201401970,셀론드정(메틸프레드니솔론),셀론드정(메틸프레드니솔론),메틸프레드니솔론,(주)텔콘알에프제약,False,name_only,True,MFDS nedrug,nedrug.searchDrug,2026-06-12
201900656,셀코르정(메틸프레드니솔론),셀코르정(메틸프레드니솔론),메틸프레드니솔론,(주)셀트리온제약,False,name_only,True,MFDS nedrug,nedrug.searchDrug,2026-06-12
200102143,소메론정(메틸프레드니솔론),소메론정(메틸프레드니솔론),메틸프레드니솔론,(주)비씨월드제약,False,name_only,True,MFDS nedrug,nedrug.searchDrug,2026-06-12
201606376,솔레니론정4밀리그램(메틸프레드니솔론),솔레니론정4밀리그램(메틸프레드니솔론),메틸프레드니솔론,(주)서울제약,False,name_only,True,MFDS nedrug,nedrug.searchDrug,2026-06-12
200301323,솔로젠정(메틸프레드니솔론),솔로젠정(메틸프레드니솔론),메틸프레드니솔론,(주)셀릭스,False,name_only,True,MFDS nedrug,nedrug.searchDrug,2026-06-12
200502890,"네오덱스안연고(덱사메타손,네오마이신황산염,폴리믹신B황산염)","네오덱스안연고(덱사메타손,네오마이신황산염,폴리믹신b황산염)",덱사메타손/네오마이신황산염/폴리믹신B황산염,한림제약(주),False,name_only,True,MFDS nedrug,nedrug.searchDrug,2026-06-12
200201703,덱사톱크림(덱사메타손프로피오네이트),덱사톱크림(덱사메타손프로피오네이트),덱사메타손프로피오네이트,오스틴제약(주),False,name_only,True,MFDS nedrug,nedrug.searchDrug,2026-06-12
202203949,덱사하이정4밀리그램(덱사메타손),덱사하이정4밀리그램(덱사메타손),덱사메타손(미분화),(주)대웅제약,False,name_only,True,MFDS nedrug,nedrug.searchDrug,2026-06-12
201606899,라이트토덱스점안액,라이트토덱스점안액,토브라마이신/덱사메타손,(주)라이트팜텍,False,name_only,True,MFDS nedrug,nedrug.searchDrug,2026-06-12
199602099,리포타손주(덱사메타손팔미테이트),리포타손주(덱사메타손팔미테이트),덱사메타손팔미테이트,(주)킴스제약,False,name_only,True,MFDS nedrug,nedrug.searchDrug,2026-06-12
199403258,맥시덱스안연고(덱사메타손),맥시덱스안연고(덱사메타손),덱사메타손,한국노바티스(주),False,name_only,True,MFDS nedrug,nedrug.searchDrug,2026-06-12
199403242,맥시덱스점안액(덱사메타손),맥시덱스점안액(덱사메타손),덱사메타손,한국노바티스(주),False,name_only,True,MFDS nedrug,nedrug.searchDrug,2026-06-12
199403244,맥시트롤안연고,맥시트롤안연고,폴리믹신B황산염/네오마이신황산염/덱사메타손,한국노바티스(주),False,name_only,True,MFDS nedrug,nedrug.searchDrug,2026-06-12
199403245,맥시트롤점안액,맥시트롤점안액,폴리믹신B황산염/네오마이신황산염/덱사메타손,한국노바티스(주),False,name_only,True,MFDS nedrug,nedrug.searchDrug,2026-06-12
196300064,부광덱사메타손정,부광덱사메타손정,덱사메타손,부광약품(주),False,name_only,True,MFDS nedrug,nedrug.searchDrug,2026-06-12
199401023,삼남덱사메타손정,삼남덱사메타손정,덱사메타손,삼남제약(주),False,name_only,True,MFDS nedrug,nedrug.searchDrug,2026-06-12
197800388,신일덱사메타손정,신일덱사메타손정,덱사메타손,신일제약(주),False,name_only,True,MFDS nedrug,nedrug.searchDrug,2026-06-12
201101486,오저덱스이식제700㎍(덱사메타손),오저덱스이식제700㎍(덱사메타손),덱사메타손(미분화),한국애브비(주),False,name_only,True,MFDS nedrug,nedrug.searchDrug,2026-06-12
199602981,유한덱사메타손정,유한덱사메타손정,덱사메타손,(주)유한양행,False,name_only,True,MFDS nedrug,nedrug.searchDrug,2026-06-12
202004515,이바나파연고(덱사메타손),이바나파연고(덱사메타손),덱사메타손,태극제약(주),False,name_only,True,MFDS nedrug,nedrug.searchDrug,2026-06-12
197500145,제일덱사메타손주사액(덱사메타손포스페이트이나트륨),제일덱사메타손주사액(덱사메타손포스페이트이나트륨),덱사메타손포스페이트이나트륨,(주)제일제약,False,name_only,True,MFDS nedrug,nedrug.searchDrug,2026-06-12
200300491,"토베손점안액(토브라마이신,덱사메타손)","토베손점안액(토브라마이신,덱사메타손)",토브라마이신/덱사메타손,대우제약(주),False,name_only,True,MFDS nedrug,nedrug.searchDrug,2026-06-12
199403252,토브라덱스점안액,토브라덱스점안액,토브라마이신/덱사메타손,한국노바티스(주),False,name_only,True,MFDS nedrug,nedrug.searchDrug,2026-06-12
198902460,페리덱스연고(덱사메타손),페리덱스연고(덱사메타손),덱사메타손,(주)녹십자,False,name_only,True,MFDS nedrug,nedrug.searchDrug,2026-06-12
199500503,포러스안연고,포러스안연고,폴리믹신B황산염/네오마이신황산염/덱사메타손,삼일제약(주),False,name_only,True,MFDS nedrug,nedrug.searchDrug,2026-06-12
199700846,포러스점안액,포러스점안액,폴리믹신B황산염/네오마이신황산염/덱사메타손,삼일제약(주),False,name_only,True,MFDS nedrug,nedrug.searchDrug,2026-06-12
200603905,나자코트비액(트리암시놀론아세토니드),나자코트비액(트리암시놀론아세토니드),트리암시놀론아세토니드,오펠라헬스케어코리아(주),False,name_only,True,MFDS nedrug,nedrug.searchDrug,2026-06-12
200501789,레더코트정(트리암시놀론),레더코트정(트리암시놀론),트리암시놀론,에스케이케미칼(주),False,name_only,True,MFDS nedrug,nedrug.searchDrug,2026-06-12
201605133,마스원큐페이스트(트리암시놀론아세토니드),마스원큐페이스트(트리암시놀론아세토니드),트리암시놀론아세토니드,(주)일화,False,name_only,True,MFDS nedrug,nedrug.searchDrug,2026-06-12
201600837,마스클린페이스트(트리암시놀론아세토니드),마스클린페이스트(트리암시놀론아세토니드),트리암시놀론아세토니드,일양약품(주),False,name_only,True,MFDS nedrug,nedrug.searchDrug,2026-06-12
201500481,마카이드주(트리암시놀론아세토니드),마카이드주(트리암시놀론아세토니드),트리암시놀론아세토니드,한미약품(주),False,name_only,True,MFDS nedrug,nedrug.searchDrug,2026-06-12
201602393,삼성트리암시놀론주40mg(트리암시놀론아세토니드),삼성트리암시놀론주40mg(트리암시놀론아세토니드),트리암시놀론아세토니드,삼성제약(주),False,name_only,True,MFDS nedrug,nedrug.searchDrug,2026-06-12
198700657,아비나파스타(트리암시놀론아세토니드),아비나파스타(트리암시놀론아세토니드),트리암시놀론아세토니드,태극제약(주),False,name_only,True,MFDS nedrug,nedrug.searchDrug,2026-06-12
200804589,아프타치정(트리암시놀론아세토니드),아프타치정(트리암시놀론아세토니드),트리암시놀론아세토니드,동화약품(주),False,name_only,True,MFDS nedrug,nedrug.searchDrug,2026-06-12
198100222,에코나팬크림,에코나팬크림,에코나졸질산염/트리암시놀론아세토니드,안국약품(주),False,name_only,True,MFDS nedrug,nedrug.searchDrug,2026-06-12
198000453,"에코론크림(에코나졸,트리암시놀론아세토니드)","에코론크림(에코나졸,트리암시놀론아세토니드)",트리암시놀론아세토니드/에코나졸질산염,한미약품(주),False,name_only,True,MFDS nedrug,nedrug.searchDrug,2026-06-12
198000484,에코암시론크림,에코암시론크림,에코나졸질산염/트리암시놀론아세토니드,(주)씨엠지제약,False,name_only,True,MFDS nedrug,nedrug.searchDrug,2026-06-12
198100022,엔딕스크림,엔딕스크림,질산에코나졸/트리암시놀론아세토니드,동광제약(주),False,name_only,True,MFDS nedrug,nedrug.searchDrug,2026-06-12
198100080,유데노론주사(트리암시놀론아세토니드),유데노론주사(트리암시놀론아세토니드),트리암시놀론아세토니드,국제약품(주),False,name_only,True,MFDS nedrug,nedrug.searchDrug,2026-06-12
200501062,이벤탁연고(트리암시놀론아세토니드),이벤탁연고(트리암시놀론아세토니드),트리암시놀론아세토니드,태극제약(주),False,name_only,True,MFDS nedrug,nedrug.searchDrug,2026-06-12
198200139,탐세톤40주(트리암시놀론아세토니드),탐세톤40주(트리암시놀론아세토니드),트리암시놀론아세토니드,한올바이오파마(주),False,name_only,True,MFDS nedrug,nedrug.searchDrug,2026-06-12
198701725,트라시논정(트리암시놀론),트라시논정(트리암시놀론),트리암시놀론,초당약품공업(주),False,name_only,True,MFDS nedrug,nedrug.searchDrug,2026-06-12
199401972,트라시논정1밀리그램(트리암시놀론),트라시논정1밀리그램(트리암시놀론),트리암시놀론,초당약품공업(주),False,name_only,True,MFDS nedrug,nedrug.searchDrug,2026-06-12
199903340,트라시논정2밀리그램(트리암시놀론),트라시논정2밀리그램(트리암시놀론),트리암시놀론,초당약품공업(주),False,name_only,True,MFDS nedrug,nedrug.searchDrug,2026-06-12
197500023,트리암시놀론주사40밀리그램(트리암시놀론아세토니드),트리암시놀론주사40밀리그램(트리암시놀론아세토니드),트리암시놀론아세토니드,동광제약(주),False,name_only,True,MFDS nedrug,nedrug.searchDrug,2026-06-12
197800036,트리코트크림0.1%(트리암시놀론아세토니드),트리코트크림0.1%(트리암시놀론아세토니드),트리암시놀론아세토니드,동광제약(주),False,name_only,True,MFDS nedrug,nedrug.searchDrug,2026-06-12
198701854,메섹신정(메틸올세팔렉신리시네이트),메섹신정(메틸올세팔렉신리시네이트),메틸올세팔렉신리시네이트,한림제약(주),False,name_only,True,MFDS nedrug,nedrug.searchDrug,2026-06-12
199402215,메섹신캡슐500밀리그램(메틸올세팔렉신리시네이트),메섹신캡슐500밀리그램(메틸올세팔렉신리시네이트),메틸올세팔렉신리시네이트,한림제약(주),False,name_only,True,MFDS nedrug,nedrug.searchDrug,2026-06-12
199501552,세파메칠정(메틸올세팔렉신리시네이트),세파메칠정(메틸올세팔렉신리시네이트),메틸올세팔렉신리시네이트,대화제약(주),False,name_only,True,MFDS nedrug,nedrug.searchDrug,2026-06-12
198800426,케파신캡슐500밀리그램(세팔렉신수화물),케파신캡슐500밀리그램(세팔렉신수화물),세팔렉신수화물,(주)유한양행,False,name_only,True,MFDS nedrug,nedrug.searchDrug,2026-06-12
199900719,팔렉신캡슐500밀리그램(세팔렉신수화물),팔렉신캡슐500밀리그램(세팔렉신수화물),세팔렉신수화물,동화약품(주),False,name_only,True,MFDS nedrug,nedrug.searchDrug,2026-06-12
201507366,경보세프포독심프록세틸건조시럽,경보세프포독심프록세틸건조시럽,세프포독심프록세틸,(주)경보제약,False,name_only,True,MFDS nedrug,nedrug.searchDrug,2026-06-12
202003692,라독심정(세프포독심프록세틸),라독심정(세프포독심프록세틸),세프포독심프록세틸,(주)라이트팜텍,False,name_only,True,MFDS nedrug,nedrug.searchDrug,2026-06-12
201902330,로픽심정(세프포독심프록세틸),로픽심정(세프포독심프록세틸),세프포독심프록세틸,유니메드제약(주),False,name_only,True,MFDS nedrug,nedrug.searchDrug,2026-06-12
199400094,바난건조시럽50밀리그램(역가)/5ml(세프포독심프록세틸),바난건조시럽50밀리그램(역가)/5ml(세프포독심프록세틸),세프포독심프록세틸,에이치케이이노엔(주),False,name_only,True,MFDS nedrug,nedrug.searchDrug,2026-06-12
199300168,바난정(세프포독심프록세틸),바난정(세프포독심프록세틸),세프포독심프록세틸,에이치케이이노엔(주),False,name_only,True,MFDS nedrug,nedrug.searchDrug,2026-06-12
200300534,반틴건조시럽50밀리그람(역가)/5mL(세프포독심프록세틸),반틴건조시럽50밀리그람(역가)/5ml(세프포독심프록세틸),세프포독심프록세틸,건일제약(주),False,name_only,True,MFDS nedrug,nedrug.searchDrug,2026-06-12
202001314,세난건조시럽(세프포독심프록세틸),세난건조시럽(세프포독심프록세틸),세프포독심프록세틸,삼아제약(주),False,name_only,True,MFDS nedrug,nedrug.searchDrug,2026-06-12
200402685,세파난건조시럽(세프포독심프록세틸),세파난건조시럽(세프포독심프록세틸),세프포독심프록세틸,제이더블유신약(주),False,name_only,True,MFDS nedrug,nedrug.searchDrug,2026-06-12
201901723,세파난정(세프포독심프록세틸),세파난정(세프포독심프록세틸),세프포독심프록세틸,제이더블유신약(주),False,name_only,True,MFDS nedrug,nedrug.searchDrug,2026-06-12
201906344,세파독심건조시럽50밀리그램/5밀리리터(세프포독심프록세틸),세파독심건조시럽50밀리그램/5밀리리터(세프포독심프록세틸),세프포독심프록세틸,(주)보령바이오파마,False,name_only,True,MFDS nedrug,nedrug.searchDrug,2026-06-12
201900273,세파독심정(세프포독심프록세틸),세파독심정(세프포독심프록세틸),세프포독심프록세틸,(주)보령바이오파마,False,name_only,True,MFDS nedrug,nedrug.searchDrug,2026-06-12
201306378,세포독심건조시럽(세프포독심프록세틸),세포독심건조시럽(세프포독심프록세틸),세프포독심프록세틸,한미약품(주),False,name_only,True,MFDS nedrug,nedrug.searchDrug,2026-06-12
200003085,세포독심정100밀리그램(세프포독심프록세틸),세포독심정100밀리그램(세프포독심프록세틸),세프포독심프록세틸,한미약품(주),False,name_only,True,MFDS nedrug,nedrug.searchDrug,2026-06-12
200001190,세포세틸정(세프포독심프록세틸),세포세틸정(세프포독심프록세틸),세프포독심프록세틸,영진약품(주),False,name_only,True,MFDS nedrug,nedrug.searchDrug,2026-06-12
201406031,세포심건조시럽50mg/5mL(세프포독심프록세틸),세포심건조시럽50mg/5ml(세프포독심프록세틸),세프포독심프록세틸,(주)동구바이오제약,False,name_only,True,MFDS nedrug,nedrug.searchDrug,2026-06-12
202002236,세프독틴정(세프포독심프록세틸),세프독틴정(세프포독심프록세틸),세프포독심프록세틸,주식회사더유제약,False,name_only,True,MFDS nedrug,nedrug.searchDrug,2026-06-12
201500115,세프록틸건조시럽50mg/5mL(세프포독심프록세틸),세프록틸건조시럽50mg/5ml(세프포독심프록세틸),세프포독심프록세틸,대웅바이오(주),False,name_only,True,MFDS nedrug,nedrug.searchDrug,2026-06-12
201500113,세프록틸정(세프포독심프록세틸),세프록틸정(세프포독심프록세틸),세프포독심프록세틸,대웅바이오(주),False,name_only,True,MFDS nedrug,nedrug.searchDrug,2026-06-12
202003243,세프바건조시럽(세프포독심프록세틸),세프바건조시럽(세프포독심프록세틸),세프포독심프록세틸,이연제약(주),False,name_only,True,MFDS nedrug,nedrug.searchDrug,2026-06-12
202002913,세프바정(세프포독심프록세틸),세프바정(세프포독심프록세틸),세프포독심프록세틸,이연제약(주),False,name_only,True,MFDS nedrug,nedrug.searchDrug,2026-06-12
201904262,세프포정(세프포독심프록세틸),세프포정(세프포독심프록세틸),세프포독심프록세틸,위더스제약(주),False,name_only,True,MFDS nedrug,nedrug.searchDrug,2026-06-12
201904603,씨독심건조시럽(세프포독심프록세틸),씨독심건조시럽(세프포독심프록세틸),세프포독심프록세틸,일성아이에스(주),False,name_only,True,MFDS nedrug,nedrug.searchDrug,2026-06-12
201904599,씨독심정(세프포독심프록세틸),씨독심정(세프포독심프록세틸),세프포독심프록세틸,일성아이에스(주),False,name_only,True,MFDS nedrug,nedrug.searchDrug,2026-06-12
201404046,코프심건조시럽50mg/5mL(세프포독심프록세틸),코프심건조시럽50mg/5ml(세프포독심프록세틸),세프포독심프록세틸,코오롱제약(주),False,name_only,True,MFDS nedrug,nedrug.searchDrug,2026-06-12
201402880,코프심정(세프포독심프록세틸),코프심정(세프포독심프록세틸),세프포독심프록세틸,코오롱제약(주),False,name_only,True,MFDS nedrug,nedrug.searchDrug,2026-06-12
201505726,파독심건조시럽50mg/5mL(세프포독심프록세틸),파독심건조시럽50mg/5ml(세프포독심프록세틸),세프포독심프록세틸,(주)팜젠사이언스,False,name_only,True,MFDS nedrug,nedrug.searchDrug,2026-06-12
201507134,파독심정(세프포독심프록세틸),파독심정(세프포독심프록세틸),세프포독심프록세틸,(주)팜젠사이언스,False,name_only,True,MFDS nedrug,nedrug.searchDrug,2026-06-12
201505009,포독세틸건조시럽(세프포독심프록세틸),포독세틸건조시럽(세프포독심프록세틸),세프포독심프록세틸,조아제약(주),False,name_only,True,MFDS nedrug,nedrug.searchDrug,2026-06-12
200100114,포독스건조시럽(세프포독심프록세틸),포독스건조시럽(세프포독심프록세틸),세프포독심프록세틸,(주)종근당,False,name_only,True,MFDS nedrug,nedrug.searchDrug,2026-06-12
199806914,포독스정(세프포독심프록세틸),포독스정(세프포독심프록세틸),세프포독심프록세틸,(주)종근당,False,name_only,True,MFDS nedrug,nedrug.searchDrug,2026-06-12
201107505,레스카펜정100밀리그램(세프카펜피복실염산염수화물),레스카펜정100밀리그램(세프카펜피복실염산염수화물),세프카펜피복실염산염수화물,안국약품(주),False,name_only,True,MFDS nedrug,nedrug.searchDrug,2026-06-12
201110517,세로카펜세립(세프카펜피복실염산염수화물),세로카펜세립(세프카펜피복실염산염수화물),세프카펜피복실염산염수화물,영진약품(주),False,name_only,True,MFDS nedrug,nedrug.searchDrug,2026-06-12
201107522,세프피보정100밀리그램(세프카펜피복실염산염수화물),세프피보정100밀리그램(세프카펜피복실염산염수화물),세프카펜피복실염산염수화물,경동제약(주),False,name_only,True,MFDS nedrug,nedrug.searchDrug,2026-06-12
200500422,소아용후로목스세립(세프카펜피복실염산염수화물),소아용후로목스세립(세프카펜피복실염산염수화물),세프카펜피복실염산염수화물,일동제약(주),False,name_only,True,MFDS nedrug,nedrug.searchDrug,2026-06-12
200500421,후로목스정100밀리그램(세프카펜피복실염산염수화물),후로목스정100밀리그램(세프카펜피복실염산염수화물),세프카펜피복실염산염수화물,일동제약(주),False,name_only,True,MFDS nedrug,nedrug.searchDrug,2026-06-12
200500420,후로목스정75밀리그램(세프카펜피복실염산염수화물),후로목스정75밀리그램(세프카펜피복실염산염수화물),세프카펜피복실염산염수화물,일동제약(주),False,name_only,True,MFDS nedrug,nedrug.searchDrug,2026-06-12
202008182,디토렌세립(세프디토렌피복실),디토렌세립(세프디토렌피복실),세프디토렌피복실,국제약품(주),False,name_only,True,MFDS nedrug,nedrug.searchDrug,2026-06-12
199801215,보령메이액트세립(세프디토렌피복실),보령메이액트세립(세프디토렌피복실),세프디토렌피복실,(주)보령,False,name_only,True,MFDS nedrug,nedrug.searchDrug,2026-06-12
199500901,보령메이액트정100밀리그램(세프디토렌피복실),보령메이액트정100밀리그램(세프디토렌피복실),세프디토렌피복실,(주)보령,False,name_only,True,MFDS nedrug,nedrug.searchDrug,2026-06-12
202201222,세프토렌정100밀리그램(세프디토렌피복실),세프토렌정100밀리그램(세프디토렌피복실),세프디토렌피복실,경동제약(주),False,name_only,True,MFDS nedrug,nedrug.searchDrug,2026-06-12
201006942,영진세프디토렌피복실정100mg,영진세프디토렌피복실정100mg,세프디토렌피복실,영진약품(주),False,name_only,True,MFDS nedrug,nedrug.searchDrug,2026-06-12
197900578,루카신주사1.5그램(설박탐나트륨·암피실린나트륨),루카신주사1.5그램(설박탐나트륨·암피실린나트륨),암피실린나트륨/설박탐나트륨,삼진제약(주),False,name_only,True,MFDS nedrug,nedrug.searchDrug,2026-06-12
197900577,"루카신주사750밀리그램(설박탐나트륨,암피실린나트륨)","루카신주사750밀리그램(설박탐나트륨,암피실린나트륨)",암피실린나트륨/설박탐나트륨,삼진제약(주),False,name_only,True,MFDS nedrug,nedrug.searchDrug,2026-06-12
199700060,"박타신주1.5그램(설박탐나트륨,암피실린나트륨)","박타신주1.5그램(설박탐나트륨,암피실린나트륨)",암피실린나트륨/설박탐나트륨,신풍제약(주),False,name_only,True,MFDS nedrug,nedrug.searchDrug,2026-06-12
199700061,"박타신주750밀리그램(설박탐나트륨, 암피실린나트륨)","박타신주750밀리그램(설박탐나트륨, 암피실린나트륨)",암피실린나트륨/설박탐나트륨,신풍제약(주),False,name_only,True,MFDS nedrug,nedrug.searchDrug,2026-06-12
199700238,썰바신주750밀리그램(설박탐나트륨.암피실린나트륨),썰바신주750밀리그램(설박탐나트륨.암피실린나트륨),설박탐나트륨/암피실린나트륨,동광제약(주),False,name_only,True,MFDS nedrug,nedrug.searchDrug,2026-06-12
199700629,"암피박탐주1.5그람(설박탐나트륨,암피실린나트륨)","암피박탐주1.5그람(설박탐나트륨,암피실린나트륨)",암피실린나트륨/설박탐나트륨,건일제약(주),False,name_only,True,MFDS nedrug,nedrug.searchDrug,2026-06-12
199700630,"암피박탐주750밀리그람(설박탐나트륨,암피실리나트륨)","암피박탐주750밀리그람(설박탐나트륨,암피실리나트륨)",암피실린나트륨/설박탐나트륨,건일제약(주),False,name_only,True,MFDS nedrug,nedrug.searchDrug,2026-06-12
199701579,유니설암주750밀리그람(설박탐나트륨.암피실린나트륨),유니설암주750밀리그람(설박탐나트륨.암피실린나트륨),암피실린나트륨/설박탐나트륨,한국유니온제약(주),False,name_only,True,MFDS nedrug,nedrug.searchDrug,2026-06-12
199801270,유바실린주1.5그램(주사용설박탐나트륨·암피실린나트륨),유바실린주1.5그램(주사용설박탐나트륨·암피실린나트륨),암피실린나트륨/설박탐나트륨,환인제약(주),False,name_only,True,MFDS nedrug,nedrug.searchDrug,2026-06-12
199701363,유바실린주750밀리그램(주사용설박탐나트륨·암피실린나트륨),유바실린주750밀리그램(주사용설박탐나트륨·암피실린나트륨),암피실린나트륨/설박탐나트륨,환인제약(주),False,name_only,True,MFDS nedrug,nedrug.searchDrug,2026-06-12
201206189,유박신주1.5g(설박탐나트륨·암피실린나트륨),유박신주1.5g(설박탐나트륨·암피실린나트륨),암피실린나트륨/설박탐나트륨,제일약품(주),False,name_only,True,MFDS nedrug,nedrug.searchDrug,2026-06-12
201206190,유박신주750mg(설박탐나트륨·암피실린나트륨),유박신주750mg(설박탐나트륨·암피실린나트륨),암피실린나트륨/설박탐나트륨,제일약품(주),False,name_only,True,MFDS nedrug,nedrug.searchDrug,2026-06-12
199902728,유박탐주사750밀리그램(설박탐나트륨ㆍ암피실린나트륨),유박탐주사750밀리그램(설박탐나트륨ㆍ암피실린나트륨),암피실린나트륨/설박탐나트륨,한미약품(주),False,name_only,True,MFDS nedrug,nedrug.searchDrug,2026-06-12
199701207,유포신주(설박탐나트륨ㆍ암피실린나트륨),유포신주(설박탐나트륨ㆍ암피실린나트륨),암피실린나트륨/설박탐나트륨,삼천당제약(주),False,name_only,True,MFDS nedrug,nedrug.searchDrug,2026-06-12
197300121,펜브렉스주500mg(암피실린나트륨),펜브렉스주500mg(암피실린나트륨),암피실린나트륨,영진약품(주),False,name_only,True,MFDS nedrug,nedrug.searchDrug,2026-06-12
199201469,타이록신캡슐(세프록사딘수화물),타이록신캡슐(세프록사딘수화물),세프록사딘수화물,삼진제약(주),False,name_only,True,MFDS nedrug,nedrug.searchDrug,2026-06-12
200402368,넬슨세픽심캡슐(세픽심수화물),넬슨세픽심캡슐(세픽심수화물),세픽심수화물,한국넬슨제약(주),False,name_only,True,MFDS nedrug,nedrug.searchDrug,2026-06-12
201903307,대웅세픽심캡슐100밀리그램(세픽심수화물),대웅세픽심캡슐100밀리그램(세픽심수화물),세픽심수화물,대웅바이오(주),False,name_only,True,MFDS nedrug,nedrug.searchDrug,2026-06-12
200201179,동구세픽심수화물캡슐100밀리그램,동구세픽심수화물캡슐100밀리그램,세픽심수화물,(주)동구바이오제약,False,name_only,True,MFDS nedrug,nedrug.searchDrug,2026-06-12
198900222,동아슈프락스산(세픽심수화물),동아슈프락스산(세픽심수화물),세픽심수화물,동아에스티(주),False,name_only,True,MFDS nedrug,nedrug.searchDrug,2026-06-12
198900223,동아슈프락스캡슐100밀리그램(세픽심수화물),동아슈프락스캡슐100밀리그램(세픽심수화물),세픽심수화물,동아에스티(주),False,name_only,True,MFDS nedrug,nedrug.searchDrug,2026-06-12
201405348,마더스세픽심캡슐(세픽심수화물),마더스세픽심캡슐(세픽심수화물),세픽심수화물,(주)마더스제약,False,name_only,True,MFDS nedrug,nedrug.searchDrug,2026-06-12
200503793,명문세픽심캡슐100밀리그램(세픽심수화물),명문세픽심캡슐100밀리그램(세픽심수화물),세픽심수화물,명문제약(주),False,name_only,True,MFDS nedrug,nedrug.searchDrug,2026-06-12
200300461,바이넥스세픽심캡슐(세픽심수화물),바이넥스세픽심캡슐(세픽심수화물),세픽심수화물,(주)바이넥스,False,name_only,True,MFDS nedrug,nedrug.searchDrug,2026-06-12
201903043,서울세픽심캡슐(세픽심수화물),서울세픽심캡슐(세픽심수화물),세픽심수화물,(주)서울제약,False,name_only,True,MFDS nedrug,nedrug.searchDrug,2026-06-12
200100037,세라신캡슐(세픽심수화물),세라신캡슐(세픽심수화물),세픽심수화물,신풍제약(주),False,name_only,True,MFDS nedrug,nedrug.searchDrug,2026-06-12
201900728,세프리온캡슐(세픽심수화물),세프리온캡슐(세픽심수화물),세픽심수화물,(주)셀트리온제약,False,name_only,True,MFDS nedrug,nedrug.searchDrug,2026-06-12
199802436,세픽스산(세픽심수화물),세픽스산(세픽심수화물),세픽심수화물,한미약품(주),False,name_only,True,MFDS nedrug,nedrug.searchDrug,2026-06-12
199702588,세픽스캡슐100밀리그램(세픽심수화물),세픽스캡슐100밀리그램(세픽심수화물),세픽심수화물,한미약품(주),False,name_only,True,MFDS nedrug,nedrug.searchDrug,2026-06-12
200404644,세픽캡슐(세픽심수화물),세픽캡슐(세픽심수화물),세픽심수화물,주식회사제뉴원사이언스,False,name_only,True,MFDS nedrug,nedrug.searchDrug,2026-06-12
202003172,슈프릭캡슐(세픽심수화물),슈프릭캡슐(세픽심수화물),세픽심수화물,주식회사케이에스제약,False,name_only,True,MFDS nedrug,nedrug.searchDrug,2026-06-12
201402513,쎄팍심캡슐(세픽심수화물),쎄팍심캡슐(세픽심수화물),세픽심수화물,한국휴텍스제약(주),False,name_only,True,MFDS nedrug,nedrug.searchDrug,2026-06-12
200400969,에이프로젠세픽심캡슐,에이프로젠세픽심캡슐,세픽심수화물,(주)에이프로젠바이오로직스,False,name_only,True,MFDS nedrug,nedrug.searchDrug,2026-06-12
201906571,엔티픽심캡슐100밀리그램(세픽심수화물),엔티픽심캡슐100밀리그램(세픽심수화물),세픽심수화물,한국신텍스제약(주),False,name_only,True,MFDS nedrug,nedrug.searchDrug,2026-06-12
201902296,엘픽심캡슐100밀리그램(세픽심수화물),엘픽심캡슐100밀리그램(세픽심수화물),세픽심수화물,에이치엘비제약(주),False,name_only,True,MFDS nedrug,nedrug.searchDrug,2026-06-12
201901752,오스픽심캡슐100밀리그램(세픽심수화물),오스픽심캡슐100밀리그램(세픽심수화물),세픽심수화물,(주)오스코리아제약,False,name_only,True,MFDS nedrug,nedrug.searchDrug,2026-06-12
200402835,위더스세픽심캡슐100밀리그램,위더스세픽심캡슐100밀리그램,세픽심수화물,위더스제약(주),False,name_only,True,MFDS nedrug,nedrug.searchDrug,2026-06-12
200203030,유닉심캡슐(세픽심수화물),유닉심캡슐(세픽심수화물),세픽심수화물,유니메드제약(주),False,name_only,True,MFDS nedrug,nedrug.searchDrug,2026-06-12
201402883,이연세픽심캡슐(세픽심수화물),이연세픽심캡슐(세픽심수화물),세픽심수화물,이연제약(주),False,name_only,True,MFDS nedrug,nedrug.searchDrug,2026-06-12
200402439,이텍스세픽심캡슐,이텍스세픽심캡슐,세픽심수화물,(주)테라젠이텍스,False,name_only,True,MFDS nedrug,nedrug.searchDrug,2026-06-12
199700160,포세프캡슐(세픽심수화물),포세프캡슐(세픽심수화물),세픽심수화물,(주)종근당,False,name_only,True,MFDS nedrug,nedrug.searchDrug,2026-06-12
201802112,픽시마캡슐100밀리그램(세픽심수화물),픽시마캡슐100밀리그램(세픽심수화물),세픽심수화물,(주)다산제약,False,name_only,True,MFDS nedrug,nedrug.searchDrug,2026-06-12
199000358,일동후루마린주사0.5그램(플로목세프나트륨),일동후루마린주사0.5그램(플로목세프나트륨),플로목세프나트륨,일동제약(주),False,name_only,True,MFDS nedrug,nedrug.searchDrug,2026-06-12
201206852,일동후루마린주사1그램(플로목세프나트륨),일동후루마린주사1그램(플로목세프나트륨),플로목세프나트륨,일동제약(주),False,name_only,True,MFDS nedrug,nedrug.searchDrug,2026-06-12
199702165,넬슨세프라딘캡슐500밀리그램(세프라딘수화물),넬슨세프라딘캡슐500밀리그램(세프라딘수화물),세프라딘수화물,한국넬슨제약(주),False,name_only,True,MFDS nedrug,nedrug.searchDrug,2026-06-12
200503314,뉴프라딘캡슐(세프라딘수화물),뉴프라딘캡슐(세프라딘수화물),세프라딘수화물,(주)넥스팜코리아,False,name_only,True,MFDS nedrug,nedrug.searchDrug,2026-06-12
200500614,바이넥스세프라딘주,바이넥스세프라딘주,세프라딘수화물,(주)바이넥스,False,name_only,True,MFDS nedrug,nedrug.searchDrug,2026-06-12
199703551,"사프딘캡슐500밀리그램
(세프라딘수화물)",사프딘캡슐500밀리그램 (세프라딘수화물),세프라딘수화물,대한뉴팜(주),False,name_only,True,MFDS nedrug,nedrug.searchDrug,2026-06-12
200708270,세라딘캡슐(세프라딘수화물),세라딘캡슐(세프라딘수화물),세프라딘수화물,화일약품(주),False,name_only,True,MFDS nedrug,nedrug.searchDrug,2026-06-12
201508285,세파라딘캡슐500밀리그램(세프라딘수화물),세파라딘캡슐500밀리그램(세프라딘수화물),세프라딘수화물,조아제약(주),False,name_only,True,MFDS nedrug,nedrug.searchDrug,2026-06-12
200402051,세프젠캡슐500밀리그램(세프라딘수화물),세프젠캡슐500밀리그램(세프라딘수화물),세프라딘수화물,오스틴제약(주),False,name_only,True,MFDS nedrug,nedrug.searchDrug,2026-06-12
201906154,세프칼캡슐(세프라딘수화물),세프칼캡슐(세프라딘수화물),세프라딘수화물,(주)제뉴파마,False,name_only,True,MFDS nedrug,nedrug.searchDrug,2026-06-12
200402718,세피론캡슐(세프라딘수화물),세피론캡슐(세프라딘수화물),세프라딘수화물,(주)한국파비스제약,False,name_only,True,MFDS nedrug,nedrug.searchDrug,2026-06-12
200400397,위더스세프라딘캡슐500밀리그램(세프라딘수화물),위더스세프라딘캡슐500밀리그램(세프라딘수화물),세프라딘수화물,위더스제약(주),False,name_only,True,MFDS nedrug,nedrug.searchDrug,2026-06-12
198900493,유한세프라딘캡슐250밀리그램,유한세프라딘캡슐250밀리그램,세프라딘수화물,(주)유한양행,False,name_only,True,MFDS nedrug,nedrug.searchDrug,2026-06-12
198100081,트리세프캡슐(세프라딘수화물),트리세프캡슐(세프라딘수화물),세프라딘수화물,국제약품(주),False,name_only,True,MFDS nedrug,nedrug.searchDrug,2026-06-12
198300132,트리세프캡슐500밀리그람(세프라딘수화물),트리세프캡슐500밀리그람(세프라딘수화물),세프라딘수화물,국제약품(주),False,name_only,True,MFDS nedrug,nedrug.searchDrug,2026-06-12
200805217,판제딘주(세프라딘),판제딘주(세프라딘),세프라딘·L-아르기닌,한국코러스(주),False,name_only,True,MFDS nedrug,nedrug.searchDrug,2026-06-12
198601223,한미세프라딘캡슐500밀리그램,한미세프라딘캡슐500밀리그램,세프라딘수화물,한미약품(주),False,name_only,True,MFDS nedrug,nedrug.searchDrug,2026-06-12
200400363,한올세프라딘수화물캡슐500밀리그램,한올세프라딘수화물캡슐500밀리그램,세프라딘수화물,한올바이오파마(주),False,name_only,True,MFDS nedrug,nedrug.searchDrug,2026-06-12
201504713,동광반코마이신주1g(반코마이신염산염),동광반코마이신주1g(반코마이신염산염),반코마이신염산염,동광제약(주),False,name_only,True,MFDS nedrug,nedrug.searchDrug,2026-06-12
202106709,명문반코마이신주1그램,명문반코마이신주1그램,반코마이신염산염,명문제약(주),False,name_only,True,MFDS nedrug,nedrug.searchDrug,2026-06-12
202106710,명문반코마이신주500밀리그램,명문반코마이신주500밀리그램,반코마이신염산염,명문제약(주),False,name_only,True,MFDS nedrug,nedrug.searchDrug,2026-06-12
201801964,바이신주1그램(반코마이신염산염),바이신주1그램(반코마이신염산염),반코마이신염산염,(주)다산제약,False,name_only,True,MFDS nedrug,nedrug.searchDrug,2026-06-12
202106426,반코브이주1그램(반코마이신염산염),반코브이주1그램(반코마이신염산염),반코마이신염산염,구주제약(주),False,name_only,True,MFDS nedrug,nedrug.searchDrug,2026-06-12
202106421,반코브이주500밀리그램(반코마이신염산염),반코브이주500밀리그램(반코마이신염산염),반코마이신염산염,구주제약(주),False,name_only,True,MFDS nedrug,nedrug.searchDrug,2026-06-12
201606765,반코신시피1그람정주(반코마이신염산염),반코신시피1그람정주(반코마이신염산염),반코마이신염산염,(주)펜믹스,False,name_only,True,MFDS nedrug,nedrug.searchDrug,2026-06-12
201606764,반코신시피500밀리그람정주(반코마이신염산염),반코신시피500밀리그람정주(반코마이신염산염),반코마이신염산염,(주)펜믹스,False,name_only,True,MFDS nedrug,nedrug.searchDrug,2026-06-12
202300471,반코신주0.5g(반코마이신염산염),반코신주0.5g(반코마이신염산염),반코마이신염산염,한국코러스(주),False,name_only,True,MFDS nedrug,nedrug.searchDrug,2026-06-12
202300520,반코신주1g(반코마이신염산염),반코신주1g(반코마이신염산염),반코마이신염산염,한국코러스(주),False,name_only,True,MFDS nedrug,nedrug.searchDrug,2026-06-12
202006034,반코진캡슐125밀리그램(반코마이신염산염),반코진캡슐125밀리그램(반코마이신염산염),반코마이신염산염,한국유나이티드제약(주),False,name_only,True,MFDS nedrug,nedrug.searchDrug,2026-06-12
199801540,반코진캡슐250밀리그램(반코마이신염산염),반코진캡슐250밀리그램(반코마이신염산염),반코마이신염산염,한국유나이티드제약(주),False,name_only,True,MFDS nedrug,nedrug.searchDrug,2026-06-12
200512341,반코키트주,반코키트주,반코마이신염산염,(주)유케이케미팜,False,name_only,True,MFDS nedrug,nedrug.searchDrug,2026-06-12
202101349,반코트리신주1그램(반코마이신염산염),반코트리신주1그램(반코마이신염산염),반코마이신염산염,주식회사제뉴원사이언스,False,name_only,True,MFDS nedrug,nedrug.searchDrug,2026-06-12
202101348,반코트리신주500밀리그램(반코마이신염산염),반코트리신주500밀리그램(반코마이신염산염),반코마이신염산염,주식회사제뉴원사이언스,False,name_only,True,MFDS nedrug,nedrug.searchDrug,2026-06-12
199200352,반코트린주(반코마이신염산염),반코트린주(반코마이신염산염),반코마이신염산염,(주)에이프로젠바이오로직스,False,name_only,True,MFDS nedrug,nedrug.searchDrug,2026-06-12
199800357,반코트린주1g(반코마이신염산염),반코트린주1g(반코마이신염산염),반코마이신염산염,(주)에이프로젠바이오로직스,False,name_only,True,MFDS nedrug,nedrug.searchDrug,2026-06-12
200608008,비씨반코마이신염산염주1그램,비씨반코마이신염산염주1그램,반코마이신염산염,(주)비씨월드제약,False,name_only,True,MFDS nedrug,nedrug.searchDrug,2026-06-12
200606769,비씨반코마이신염산염주500밀리그램,비씨반코마이신염산염주500밀리그램,반코마이신염산염,(주)비씨월드제약,False,name_only,True,MFDS nedrug,nedrug.searchDrug,2026-06-12
199401145,오스코반코마이신주0.5g(반코마이신염산염),오스코반코마이신주0.5g(반코마이신염산염),반코마이신염산염,(주)오스코리아제약,False,name_only,True,MFDS nedrug,nedrug.searchDrug,2026-06-12
200806049,유니온반코마이신주1그램(반코마이신염산염),유니온반코마이신주1그램(반코마이신염산염),반코마이신염산염,한국유니온제약(주),False,name_only,True,MFDS nedrug,nedrug.searchDrug,2026-06-12
199202573,유영반코마이신염산염주,유영반코마이신염산염주,반코마이신염산염,(주)유영제약,False,name_only,True,MFDS nedrug,nedrug.searchDrug,2026-06-12
199101306,이노엔반코마이신염산염주500밀리그램,이노엔반코마이신염산염주500밀리그램,반코마이신염산염,에이치케이이노엔(주),False,name_only,True,MFDS nedrug,nedrug.searchDrug,2026-06-12
199801381,이노엔반코마이신염산염주1그램,이노엔반코마이신염산염주1그램,반코마이신염산염,에이치케이이노엔(주),False,name_only,True,MFDS nedrug,nedrug.searchDrug,2026-06-12
200600815,타고닌키트주(테이코플라닌),타고닌키트주(테이코플라닌),테이코플라닌,(주)유케이케미팜,False,name_only,True,MFDS nedrug,nedrug.searchDrug,2026-06-12
199907030,타고시드주200밀리그램(테이코플라닌),타고시드주200밀리그램(테이코플라닌),테이코플라닌/주사용수,(주)사노피-아벤티스코리아,False,name_only,True,MFDS nedrug,nedrug.searchDrug,2026-06-12
200100419,타고신주(테이코플라닌),타고신주(테이코플라닌),테이코플라닌,한올바이오파마(주),False,name_only,True,MFDS nedrug,nedrug.searchDrug,2026-06-12
200400149,타이코닌주400밀리그램(테이코플라닌),타이코닌주400밀리그램(테이코플라닌),테이코플라닌,이연제약(주),False,name_only,True,MFDS nedrug,nedrug.searchDrug,2026-06-12
200608037,타이코신주(테이코플라닌),타이코신주(테이코플라닌),테이코플라닌,(주)대웅제약,False,name_only,True,MFDS nedrug,nedrug.searchDrug,2026-06-12
200300056,타이콘주사(테이코플라닌),타이콘주사(테이코플라닌),테이코플라닌,동국제약(주),False,name_only,True,MFDS nedrug,nedrug.searchDrug,2026-06-12
201601696,타이콘주사400밀리그램(테이코플라닌),타이콘주사400밀리그램(테이코플라닌),테이코플라닌,동국제약(주),False,name_only,True,MFDS nedrug,nedrug.searchDrug,2026-06-12
200201200,타포신주(테이코플라닌),타포신주(테이코플라닌),테이코플라닌,에이치케이이노엔(주),False,name_only,True,MFDS nedrug,nedrug.searchDrug,2026-06-12
200709021,타포신주400밀리그램(테이코플라닌),타포신주400밀리그램(테이코플라닌),테이코플라닌,에이치케이이노엔(주),False,name_only,True,MFDS nedrug,nedrug.searchDrug,2026-06-12
200200325,테이코신주(테이코플라닌),테이코신주(테이코플라닌),테이코플라닌,일동제약(주),False,name_only,True,MFDS nedrug,nedrug.searchDrug,2026-06-12
200709856,테이코신주400밀리그램(테이코플라닌),테이코신주400밀리그램(테이코플라닌),테이코플라닌,일동제약(주),False,name_only,True,MFDS nedrug,nedrug.searchDrug,2026-06-12
200302166,테코닌주(테이코플라닌),테코닌주(테이코플라닌),테이코플라닌,명문제약(주),False,name_only,True,MFDS nedrug,nedrug.searchDrug,2026-06-12
201505151,리네졸린정300밀리그램(리네졸리드),리네졸린정300밀리그램(리네졸리드),리네졸리드,영진약품(주),False,name_only,True,MFDS nedrug,nedrug.searchDrug,2026-06-12
201402365,리네졸린정600밀리그램(리네졸리드),리네졸린정600밀리그램(리네졸리드),리네졸리드,영진약품(주),False,name_only,True,MFDS nedrug,nedrug.searchDrug,2026-06-12
201402416,씨네졸리드정600밀리그램(리네졸리드),씨네졸리드정600밀리그램(리네졸리드),리네졸리드,에이치케이이노엔(주),False,name_only,True,MFDS nedrug,nedrug.searchDrug,2026-06-12
201402275,씨네졸리드주2밀리그램/밀리리터(리네졸리드),씨네졸리드주2밀리그램/밀리리터(리네졸리드),리네졸리드,에이치케이이노엔(주),False,name_only,True,MFDS nedrug,nedrug.searchDrug,2026-06-12
200008571,자이복스정600밀리그람(리네졸리드),자이복스정600밀리그람(리네졸리드),리네졸리드,한국화이자제약(주),False,name_only,True,MFDS nedrug,nedrug.searchDrug,2026-06-12
200705482,자이복스주2밀리그람/밀리리터(리네졸리드),자이복스주2밀리그람/밀리리터(리네졸리드),리네졸리드,한국화이자제약(주),False,name_only,True,MFDS nedrug,nedrug.searchDrug,2026-06-12
201803344,마이포신산(포스포마이신트로메탐올),마이포신산(포스포마이신트로메탐올),포스포마이신트로메탐올,(주)마더스제약,False,name_only,True,MFDS nedrug,nedrug.searchDrug,2026-06-12
200700410,모누롤산(포스포마이신트로메탐올),모누롤산(포스포마이신트로메탐올),포스포마이신트로메탐올혼합분말,(주)한국팜비오,False,name_only,True,MFDS nedrug,nedrug.searchDrug,2026-06-12
201802452,포스포산(포스포마이신트로메탐올),포스포산(포스포마이신트로메탐올),포스포마이신트로메탐올,(주)넥스팜코리아,False,name_only,True,MFDS nedrug,nedrug.searchDrug,2026-06-12
201801271,보령니트로푸란토인캡슐,보령니트로푸란토인캡슐,니트로푸란토인,(주)보령,False,name_only,True,MFDS nedrug,nedrug.searchDrug,2026-06-12
196000001,테라싸이클린캅셀250밀리그람(염산테트라싸이클린),테라싸이클린캅셀250밀리그람(염산테트라싸이클린),테트라사이클린염산염,(주)종근당,False,name_only,True,MFDS nedrug,nedrug.searchDrug,2026-06-12
197000049,셉트린정,셉트린정,트리메토프림/설파메톡사졸,삼일제약(주),False,name_only,True,MFDS nedrug,nedrug.searchDrug,2026-06-12
201207536,글로지딤주1g(세프타지딤수화물*건조탄산나트륨),글로지딤주1g(세프타지딤수화물*건조탄산나트륨),세프타지딤수화물*건조탄산나트륨,(주)킵스바이오파마,False,name_only,True,MFDS nedrug,nedrug.searchDrug,2026-06-12
199700178,딤세프주0.5그람(세프타지딤수화물),딤세프주0.5그람(세프타지딤수화물),세프타지딤수화물*건조탄산나트륨,(주)종근당,False,name_only,True,MFDS nedrug,nedrug.searchDrug,2026-06-12
199301527,세파짐주1그램(세프타지딤수화물),세파짐주1그램(세프타지딤수화물),세프타지딤수화물*건조탄산나트륨,에이치케이이노엔(주),False,name_only,True,MFDS nedrug,nedrug.searchDrug,2026-06-12
199801013,알보젠세프타지딤수화물주1그램,알보젠세프타지딤수화물주1그램,세프타지딤수화물*건조탄산나트륨,알보젠코리아(주),False,name_only,True,MFDS nedrug,nedrug.searchDrug,2026-06-12
199300964,영진세프타지딤주1.0그람,영진세프타지딤주1.0그람,세프타지딤수화물·건조탄산나트륨/세프타지딤수화물,영진약품(주),False,name_only,True,MFDS nedrug,nedrug.searchDrug,2026-06-12
200103559,유니세파주1그램(세프타지딤수화물·건조탄산나트륨),유니세파주1그램(세프타지딤수화물·건조탄산나트륨),세프타지딤수화물·건조탄산나트륨,유니메드제약(주),False,name_only,True,MFDS nedrug,nedrug.searchDrug,2026-06-12
200800072,유영세프타지딤주1g(세프타지딤수화물),유영세프타지딤주1g(세프타지딤수화물),세프타지딤수화물·건조탄산나트륨/세프타지딤수화물,(주)유영제약,False,name_only,True,MFDS nedrug,nedrug.searchDrug,2026-06-12
201308427,이연세프타지딤주1g,이연세프타지딤주1g,세프타지딤수화물*건조탄산나트륨,이연제약(주),False,name_only,True,MFDS nedrug,nedrug.searchDrug,2026-06-12
202204614,자비쎄프타주 2g/0.5g (세프타지딤/아비박탐),자비쎄프타주 2g/0.5g (세프타지딤/아비박탐),세프타지딤수화물·건조탄산나트륨/아비박탐나트륨,한국화이자제약(주),False,name_only,True,MFDS nedrug,nedrug.searchDrug,2026-06-12
199400005,타지세프주1그램(세프타지딤수화물),타지세프주1그램(세프타지딤수화물),세프타지딤수화물,신풍제약(주),False,name_only,True,MFDS nedrug,nedrug.searchDrug,2026-06-12
199302365,타짐주1그램(세프타지딤수화물·건조탄산나트륨),타짐주1그램(세프타지딤수화물·건조탄산나트륨),세프타지딤수화물·건조탄산나트륨,한미약품(주),False,name_only,True,MFDS nedrug,nedrug.searchDrug,2026-06-12
200102581,타짐주2그램(세프타지딤수화물·건조탄산나트륨),타짐주2그램(세프타지딤수화물·건조탄산나트륨),세프타지딤수화물·건조탄산나트륨,한미약품(주),False,name_only,True,MFDS nedrug,nedrug.searchDrug,2026-06-12
200600605,한림세프타지딤수화물주1그램,한림세프타지딤수화물주1그램,세프타지딤수화물·건조탄산나트륨,한림제약(주),False,name_only,True,MFDS nedrug,nedrug.searchDrug,2026-06-12
199800354,나니실크림(테르비나핀염산염),나니실크림(테르비나핀염산염),테르비나핀염산염,(주)에이프로젠바이오로직스,False,name_only,True,MFDS nedrug,nedrug.searchDrug,2026-06-12
199701981,나르비크림1%(테르비나핀염산염),나르비크림1%(테르비나핀염산염),테르비나핀염산염,영일제약(주),False,name_only,True,MFDS nedrug,nedrug.searchDrug,2026-06-12
200102644,나무졸정(테르비나핀염산염),나무졸정(테르비나핀염산염),테르비나핀염산염,제이더블유신약(주),False,name_only,True,MFDS nedrug,nedrug.searchDrug,2026-06-12
200202212,나무졸크림(테르비나핀염산염),나무졸크림(테르비나핀염산염),테르비나핀염산염,제이더블유신약(주),False,name_only,True,MFDS nedrug,nedrug.searchDrug,2026-06-12
199701567,나미솔크림(테르비나핀염산염),나미솔크림(테르비나핀염산염),테르비나핀염산염,경남제약(주),False,name_only,True,MFDS nedrug,nedrug.searchDrug,2026-06-12
199802633,나미진크림(테르비나핀염산염),나미진크림(테르비나핀염산염),테르비나핀염산염,(주)씨엠지제약,False,name_only,True,MFDS nedrug,nedrug.searchDrug,2026-06-12
201706355,나토실정(테르비나핀염산염),나토실정(테르비나핀염산염),테르비나핀염산염,진양제약(주),False,name_only,True,MFDS nedrug,nedrug.searchDrug,2026-06-12
202302141,넬클리어외용액(테르비나핀염산염),넬클리어외용액(테르비나핀염산염),테르비나핀염산염,코오롱제약(주),False,name_only,True,MFDS nedrug,nedrug.searchDrug,2026-06-12
200403030,노무졸크림(테르비나핀염산염),노무졸크림(테르비나핀염산염),테르비나핀염산염,원광제약(주),False,name_only,True,MFDS nedrug,nedrug.searchDrug,2026-06-12
200902986,노바론크림(테르비나핀염산염),노바론크림(테르비나핀염산염),테르비나핀염산염,한솔신약(주),False,name_only,True,MFDS nedrug,nedrug.searchDrug,2026-06-12
201800949,더모메디큐액,더모메디큐액,테르비나핀염산염/리도카인/에녹솔론/디펜히드라민염산염/이소프로필메틸페놀,부광약품(주),False,name_only,True,MFDS nedrug,nedrug.searchDrug,2026-06-12
199802142,데나실크림(테르비나핀염산염),데나실크림(테르비나핀염산염),테르비나핀염산염,(주)테라젠이텍스,False,name_only,True,MFDS nedrug,nedrug.searchDrug,2026-06-12
202202597,두루피나크림(테르비나핀염산염),두루피나크림(테르비나핀염산염),테르비나핀염산염,(주)시어스제약,False,name_only,True,MFDS nedrug,nedrug.searchDrug,2026-06-12
201901480,라니텐정125mg(테르비나핀염산염),라니텐정125mg(테르비나핀염산염),테르비나핀염산염,한국휴텍스제약(주),False,name_only,True,MFDS nedrug,nedrug.searchDrug,2026-06-12
199700124,라니텐크림(테르비나핀염산염),라니텐크림(테르비나핀염산염),테르비나핀염산염,한국휴텍스제약(주),False,name_only,True,MFDS nedrug,nedrug.searchDrug,2026-06-12
200301101,라모난정(테르비나핀염산염),라모난정(테르비나핀염산염),테르비나핀염산염,(주)동구바이오제약,False,name_only,True,MFDS nedrug,nedrug.searchDrug,2026-06-12
202001714,라미가드정(테르비나핀염산염),라미가드정(테르비나핀염산염),테르비나핀염산염,(주)다산제약,False,name_only,True,MFDS nedrug,nedrug.searchDrug,2026-06-12
201501740,라미나핀정(테르비나핀염산염),라미나핀정(테르비나핀염산염),테르비나핀염산염,주식회사더유제약,False,name_only,True,MFDS nedrug,nedrug.searchDrug,2026-06-12
199806465,라미실덤겔1%(테르비나핀),라미실덤겔1%(테르비나핀),테르비나핀,지피테라퓨틱스코리아주식회사,False,name_only,True,MFDS nedrug,nedrug.searchDrug,2026-06-12
199806461,라미실외용액(테르비나핀염산염),라미실외용액(테르비나핀염산염),테르비나핀염산염,지피테라퓨틱스코리아주식회사,False,name_only,True,MFDS nedrug,nedrug.searchDrug,2026-06-12
200710625,라미실원스외용액(테르비나핀염산염),라미실원스외용액(테르비나핀염산염),테르비나핀염산염,지피테라퓨틱스코리아주식회사,False,name_only,True,MFDS nedrug,nedrug.searchDrug,2026-06-12
200307812,라미실정125밀리그램(테르비나핀염산염),라미실정125밀리그램(테르비나핀염산염),테르비나핀염산염,한국노바티스(주),False,name_only,True,MFDS nedrug,nedrug.searchDrug,2026-06-12
199304286,라미실크림1%(테르비나핀염산염),라미실크림1%(테르비나핀염산염),테르비나핀염산염,지피테라퓨틱스코리아주식회사,False,name_only,True,MFDS nedrug,nedrug.searchDrug,2026-06-12
202601499,라미엠정250밀리그램(테르비나핀염산염),라미엠정250밀리그램(테르비나핀염산염),테르비나핀염산염,원광제약(주),False,name_only,True,MFDS nedrug,nedrug.searchDrug,2026-06-12
200806414,라미틴정(테르비나핀염산염),라미틴정(테르비나핀염산염),테르비나핀염산염,(주)킵스바이오파마,False,name_only,True,MFDS nedrug,nedrug.searchDrug,2026-06-12
201402707,라미핀정(테르비나핀염산염),라미핀정(테르비나핀염산염),테르비나핀염산염,코오롱제약(주),False,name_only,True,MFDS nedrug,nedrug.searchDrug,2026-06-12
201606934,라미핀쿨크림,라미핀쿨크림,테르비나핀염산염/글리시리진산이칼륨/리도카인/L-멘톨,코오롱제약(주),False,name_only,True,MFDS nedrug,nedrug.searchDrug,2026-06-12
199800765,라미핀크림(테르비나핀염산염),라미핀크림(테르비나핀염산염),테르비나핀염산염,코오롱제약(주),False,name_only,True,MFDS nedrug,nedrug.searchDrug,2026-06-12
201404590,라미휴정(테르비나핀염산염),라미휴정(테르비나핀염산염),테르비나핀염산염,(주)휴비스트제약,False,name_only,True,MFDS nedrug,nedrug.searchDrug,2026-06-12
199801146,라비진크림(테르비나핀염산염),라비진크림(테르비나핀염산염),테르비나핀염산염,(주)비보존제약,False,name_only,True,MFDS nedrug,nedrug.searchDrug,2026-06-12
199202073,나졸액(케토코나졸),나졸액(케토코나졸),케토코나졸,한미약품(주),False,name_only,True,MFDS nedrug,nedrug.searchDrug,2026-06-12
202502089,니조랄1%마일드액(케토코나졸),니조랄1%마일드액(케토코나졸),케토코나졸,(주)휴온스,False,name_only,True,MFDS nedrug,nedrug.searchDrug,2026-06-12
201802157,니조랄2%액(케토코나졸),니조랄2%액(케토코나졸),케토코나졸,(주)휴온스,False,name_only,True,MFDS nedrug,nedrug.searchDrug,2026-06-12
199702130,니트나졸크림(케토코나졸),니트나졸크림(케토코나졸),케토코나졸,한국넬슨제약(주),False,name_only,True,MFDS nedrug,nedrug.searchDrug,2026-06-12
200303274,댄스탑외용액(케토코나졸),댄스탑외용액(케토코나졸),케토코나졸,주식회사제뉴원사이언스,False,name_only,True,MFDS nedrug,nedrug.searchDrug,2026-06-12
202302848,모모졸액(케토코나졸),모모졸액(케토코나졸),케토코나졸,주식회사더유제약,False,name_only,True,MFDS nedrug,nedrug.searchDrug,2026-06-12
199600829,비가졸액(케토코나졸),비가졸액(케토코나졸),케토코나졸,동성제약(주),False,name_only,True,MFDS nedrug,nedrug.searchDrug,2026-06-12
199602425,케스나졸크림(케토코나졸),케스나졸크림(케토코나졸),케토코나졸,알파제약(주),False,name_only,True,MFDS nedrug,nedrug.searchDrug,2026-06-12
199501118,키노랄액(케토코나졸),키노랄액(케토코나졸),케토코나졸,경남제약(주),False,name_only,True,MFDS nedrug,nedrug.searchDrug,2026-06-12
199301086,태극케토코나졸크림,태극케토코나졸크림,케토코나졸,태극제약(주),False,name_only,True,MFDS nedrug,nedrug.searchDrug,2026-06-12
201605349,보리코주200밀리그램(보리코나졸),보리코주200밀리그램(보리코나졸),보리코나졸,(주)종근당,False,name_only,True,MFDS nedrug,nedrug.searchDrug,2026-06-12
200108817,브이펜드정200밀리그람(보리코나졸),브이펜드정200밀리그람(보리코나졸),보리코나졸,한국화이자제약(주),False,name_only,True,MFDS nedrug,nedrug.searchDrug,2026-06-12
200108818,브이펜드주사200밀리그람(보리코나졸)(주사용),브이펜드주사200밀리그람(보리코나졸)(주사용),보리코나졸,한국화이자제약(주),False,name_only,True,MFDS nedrug,nedrug.searchDrug,2026-06-12
198700024,겐트리손크림,겐트리손크림,베타메타손디프로피오네이트/클로트리마졸/겐타마이신황산염,신풍제약(주),False,name_only,True,MFDS nedrug,nedrug.searchDrug,2026-06-12
199001931,나미야지크림,나미야지크림,베타메타손디프로피오네이트/클로트리마졸/겐타마이신황산염,(주)씨엠지제약,False,name_only,True,MFDS nedrug,nedrug.searchDrug,2026-06-12
202102183,내바렌큐액,내바렌큐액,클로트리마졸/크로타미톤/리도카인/l-멘톨,부광약품(주),False,name_only,True,MFDS nedrug,nedrug.searchDrug,2026-06-12
202006196,데일리질정(클로트리마졸),데일리질정(클로트리마졸),클로트리마졸,아이큐어(주),False,name_only,True,MFDS nedrug,nedrug.searchDrug,2026-06-12
198500528,라벤다크림,라벤다크림,베타메타손디프로피오네이트/클로트리마졸/겐타마이신황산염,(주)에이프로젠바이오로직스,False,name_only,True,MFDS nedrug,nedrug.searchDrug,2026-06-12
202106045,레디클로질정(클로트리마졸),레디클로질정(클로트리마졸),클로트리마졸,태극제약(주),False,name_only,True,MFDS nedrug,nedrug.searchDrug,2026-06-12
201508135,로마졸질정100mg(클로트리마졸),로마졸질정100mg(클로트리마졸),클로트리마졸,(주)씨엠지제약,False,name_only,True,MFDS nedrug,nedrug.searchDrug,2026-06-12
200003399,로마졸크림(클로트리마졸),로마졸크림(클로트리마졸),클로트리마졸,(주)씨엠지제약,False,name_only,True,MFDS nedrug,nedrug.searchDrug,2026-06-12
200600106,무조메큐액,무조메큐액,클로트리마졸/크로타미톤/리도카인/L-멘톨,(주)퍼슨,False,name_only,True,MFDS nedrug,nedrug.searchDrug,2026-06-12
201501249,무조멘액,무조멘액,클로트리마졸/크로타미톤/리도카인/L-멘톨,(주)마더스제약,False,name_only,True,MFDS nedrug,nedrug.searchDrug,2026-06-12
199702131,베데스타크림,베데스타크림,베타메타손디프로피오네이트/클로트리마졸/겐타마이신황산염,한국넬슨제약(주),False,name_only,True,MFDS nedrug,nedrug.searchDrug,2026-06-12
201708218,스프레덤크림,스프레덤크림,베타메타손디프로피오네이트/클로트리마졸/겐타마이신황산염,시믹씨엠오코리아주식회사,False,name_only,True,MFDS nedrug,nedrug.searchDrug,2026-06-12
202501683,실크론크림,실크론크림,베타메타손디프로피오네이트/클로트리마졸/겐타마이신황산염,동광제약(주),False,name_only,True,MFDS nedrug,nedrug.searchDrug,2026-06-12
200300836,엘린플러스크림,엘린플러스크림,히드로코르티손/클로트리마졸,태극제약(주),False,name_only,True,MFDS nedrug,nedrug.searchDrug,2026-06-12
201506002,카네덤플러스크림,카네덤플러스크림,클로트리마졸/히드로코르티손,에이치엘비제약(주),False,name_only,True,MFDS nedrug,nedrug.searchDrug,2026-06-12
199600201,카네마졸질정100mg(클로트리마졸),카네마졸질정100mg(클로트리마졸),클로트리마졸,동광제약(주),False,name_only,True,MFDS nedrug,nedrug.searchDrug,2026-06-12
201707150,카네손크림,카네손크림,히드로코르티손/클로트리마졸,일양바이오팜(주),False,name_only,True,MFDS nedrug,nedrug.searchDrug,2026-06-12
202002443,카네스졸플러스크림,카네스졸플러스크림,히드로코르티손/클로트리마졸,주식회사더유제약,False,name_only,True,MFDS nedrug,nedrug.searchDrug,2026-06-12
200008589,카네스텐1질정(클로트리마졸),카네스텐1질정(클로트리마졸),클로트리마졸,바이엘코리아(주),False,name_only,True,MFDS nedrug,nedrug.searchDrug,2026-06-12
200008588,카네스텐산제(클로트리마졸),카네스텐산제(클로트리마졸),클로트리마졸,바이엘코리아(주),False,name_only,True,MFDS nedrug,nedrug.searchDrug,2026-06-12
200008590,카네스텐질정(클로트리마졸),카네스텐질정(클로트리마졸),클로트리마졸,바이엘코리아(주),False,name_only,True,MFDS nedrug,nedrug.searchDrug,2026-06-12
199906850,카네스텐크림(클로트리마졸),카네스텐크림(클로트리마졸),클로트리마졸,바이엘코리아(주),False,name_only,True,MFDS nedrug,nedrug.searchDrug,2026-06-12
202303278,카네클로질정(클로트리마졸),카네클로질정(클로트리마졸),클로트리마졸,일양약품(주),False,name_only,True,MFDS nedrug,nedrug.searchDrug,2026-06-12
198802349,카로마스텐질정100밀리그램(클로트리마졸),카로마스텐질정100밀리그램(클로트리마졸),클로트리마졸,영풍제약(주),False,name_only,True,MFDS nedrug,nedrug.searchDrug,2026-06-12
198400399,카마졸질정(클로트리마졸),카마졸질정(클로트리마졸),클로트리마졸,알보젠코리아(주),False,name_only,True,MFDS nedrug,nedrug.searchDrug,2026-06-12
198400401,카마졸크림(클로트리마졸),카마졸크림(클로트리마졸),클로트리마졸,알보젠코리아(주),False,name_only,True,MFDS nedrug,nedrug.searchDrug,2026-06-12
201908230,칸디스텐질정100밀리그램(클로트리마졸),칸디스텐질정100밀리그램(클로트리마졸),클로트리마졸,주식회사더유제약,False,name_only,True,MFDS nedrug,nedrug.searchDrug,2026-06-12
200103131,크로마졸질정100밀리그람(클로트리마졸),크로마졸질정100밀리그람(클로트리마졸),클로트리마졸,초당약품공업(주),False,name_only,True,MFDS nedrug,nedrug.searchDrug,2026-06-12
200103132,크로마졸질정500밀리그람(클로트리마졸),크로마졸질정500밀리그람(클로트리마졸),클로트리마졸,초당약품공업(주),False,name_only,True,MFDS nedrug,nedrug.searchDrug,2026-06-12
201310681,클리마졸질정(클로트리마졸),클리마졸질정(클로트리마졸),클로트리마졸,에이치엘비제약(주),False,name_only,True,MFDS nedrug,nedrug.searchDrug,2026-06-12
201906925,건플루캡슐30밀리그램(오셀타미비르인산염),건플루캡슐30밀리그램(오셀타미비르인산염),오셀타미비르인산염,건일바이오팜주식회사,False,name_only,True,MFDS nedrug,nedrug.searchDrug,2026-06-12
201906927,건플루캡슐45밀리그램(오셀타미비르인산염),건플루캡슐45밀리그램(오셀타미비르인산염),오셀타미비르인산염,건일바이오팜주식회사,False,name_only,True,MFDS nedrug,nedrug.searchDrug,2026-06-12
201906926,건플루캡슐75밀리그램(오셀타미비르인산염),건플루캡슐75밀리그램(오셀타미비르인산염),오셀타미비르인산염,건일바이오팜주식회사,False,name_only,True,MFDS nedrug,nedrug.searchDrug,2026-06-12
201708038,넥스플루캡슐30mg(오셀타미비르인산염),넥스플루캡슐30mg(오셀타미비르인산염),오셀타미비르인산염,(주)넥스팜코리아,False,name_only,True,MFDS nedrug,nedrug.searchDrug,2026-06-12
201708039,넥스플루캡슐45mg(오셀타미비르인산염),넥스플루캡슐45mg(오셀타미비르인산염),오셀타미비르인산염,(주)넥스팜코리아,False,name_only,True,MFDS nedrug,nedrug.searchDrug,2026-06-12
201708037,넥스플루캡슐75mg(오셀타미비르인산염),넥스플루캡슐75mg(오셀타미비르인산염),오셀타미비르인산염,(주)넥스팜코리아,False,name_only,True,MFDS nedrug,nedrug.searchDrug,2026-06-12
201907527,보령타미산제30밀리그램(오셀타미비르인산염),보령타미산제30밀리그램(오셀타미비르인산염),오셀타미비르인산염,(주)보령,False,name_only,True,MFDS nedrug,nedrug.searchDrug,2026-06-12
201907526,보령타미산제45밀리그램(오셀타미비르인산염),보령타미산제45밀리그램(오셀타미비르인산염),오셀타미비르인산염,(주)보령,False,name_only,True,MFDS nedrug,nedrug.searchDrug,2026-06-12
201907525,보령타미산제75밀리그램(오셀타미비르인산염),보령타미산제75밀리그램(오셀타미비르인산염),오셀타미비르인산염,(주)보령,False,name_only,True,MFDS nedrug,nedrug.searchDrug,2026-06-12
201802247,보령타미캡슐30밀리그램(오셀타미비르인산염),보령타미캡슐30밀리그램(오셀타미비르인산염),오셀타미비르인산염,(주)보령,False,name_only,True,MFDS nedrug,nedrug.searchDrug,2026-06-12
201802245,보령타미캡슐45밀리그램(오셀타미비르인산염),보령타미캡슐45밀리그램(오셀타미비르인산염),오셀타미비르인산염,(주)보령,False,name_only,True,MFDS nedrug,nedrug.searchDrug,2026-06-12
201802246,보령타미캡슐75밀리그램(오셀타미비르인산염),보령타미캡슐75밀리그램(오셀타미비르인산염),오셀타미비르인산염,(주)보령,False,name_only,True,MFDS nedrug,nedrug.searchDrug,2026-06-12
201707300,보령플루현탁용분말6mg/mL(오셀타미비르인산염),보령플루현탁용분말6mg/ml(오셀타미비르인산염),오셀타미비르인산염,(주)보령바이오파마,False,name_only,True,MFDS nedrug,nedrug.searchDrug,2026-06-12
201706363,비셀플루캡슐75mg(오셀타미비르인산염),비셀플루캡슐75mg(오셀타미비르인산염),오셀타미비르인산염,(주)팜젠사이언스,False,name_only,True,MFDS nedrug,nedrug.searchDrug,2026-06-12
201907483,비셀플루현탁용분말6mg/mL(오셀타미비르인산염),비셀플루현탁용분말6mg/ml(오셀타미비르인산염),오셀타미비르인산염,(주)팜젠사이언스,False,name_only,True,MFDS nedrug,nedrug.searchDrug,2026-06-12
201702624,비야플루캡슐75밀리그램(오셀타미비르인산염),비야플루캡슐75밀리그램(오셀타미비르인산염),오셀타미비르인산염,경동제약(주),False,name_only,True,MFDS nedrug,nedrug.searchDrug,2026-06-12
201707638,삼진플루현탁용분말6mg/mL(오셀타미비르인산염),삼진플루현탁용분말6mg/ml(오셀타미비르인산염),오셀타미비르인산염,삼진제약(주),False,name_only,True,MFDS nedrug,nedrug.searchDrug,2026-06-12
201702220,셀타플루캡슐30mg(오셀타미비르인산염),셀타플루캡슐30mg(오셀타미비르인산염),오셀타미비르인산염,(주)비보존제약,False,name_only,True,MFDS nedrug,nedrug.searchDrug,2026-06-12
201702222,셀타플루캡슐45mg(오셀타미비르인산염),셀타플루캡슐45mg(오셀타미비르인산염),오셀타미비르인산염,(주)비보존제약,False,name_only,True,MFDS nedrug,nedrug.searchDrug,2026-06-12
201702221,셀타플루캡슐75mg(오셀타미비르인산염),셀타플루캡슐75mg(오셀타미비르인산염),오셀타미비르인산염,(주)비보존제약,False,name_only,True,MFDS nedrug,nedrug.searchDrug,2026-06-12
201704847,셀타플루현탁용분말6mg/mL(오셀타미비르인산염),셀타플루현탁용분말6mg/ml(오셀타미비르인산염),오셀타미비르인산염,(주)비보존제약,False,name_only,True,MFDS nedrug,nedrug.searchDrug,2026-06-12
201702563,신풍플루캡슐30밀리그램(오셀타미비르인산염),신풍플루캡슐30밀리그램(오셀타미비르인산염),오셀타미비르인산염,신풍제약(주),False,name_only,True,MFDS nedrug,nedrug.searchDrug,2026-06-12
201702561,신풍플루캡슐45밀리그램(오셀타미비르인산염),신풍플루캡슐45밀리그램(오셀타미비르인산염),오셀타미비르인산염,신풍제약(주),False,name_only,True,MFDS nedrug,nedrug.searchDrug,2026-06-12
201702562,신풍플루캡슐75밀리그램(오셀타미비르인산염),신풍플루캡슐75밀리그램(오셀타미비르인산염),오셀타미비르인산염,신풍제약(주),False,name_only,True,MFDS nedrug,nedrug.searchDrug,2026-06-12
201802255,아나플루캡슐75밀리그램(오셀타미비르인산염),아나플루캡슐75밀리그램(오셀타미비르인산염),오셀타미비르인산염,아주약품(주),False,name_only,True,MFDS nedrug,nedrug.searchDrug,2026-06-12
201708437,아나플루현탁용분말6mg/mL(오셀타미비르인산염),아나플루현탁용분말6mg/ml(오셀타미비르인산염),오셀타미비르인산염,아주약품(주),False,name_only,True,MFDS nedrug,nedrug.searchDrug,2026-06-12
201907519,애니플루산제75밀리그램(오셀타미비르인산염),애니플루산제75밀리그램(오셀타미비르인산염),오셀타미비르인산염,안국약품(주),False,name_only,True,MFDS nedrug,nedrug.searchDrug,2026-06-12
201702457,애니플루캡슐30밀리그램(오셀타미비르인산염),애니플루캡슐30밀리그램(오셀타미비르인산염),오셀타미비르인산염,안국뉴팜(주),False,name_only,True,MFDS nedrug,nedrug.searchDrug,2026-06-12
201702455,애니플루캡슐45밀리그램(오셀타미비르인산염),애니플루캡슐45밀리그램(오셀타미비르인산염),오셀타미비르인산염,안국뉴팜(주),False,name_only,True,MFDS nedrug,nedrug.searchDrug,2026-06-12
201702456,애니플루캡슐75밀리그램(오셀타미비르인산염),애니플루캡슐75밀리그램(오셀타미비르인산염),오셀타미비르인산염,안국뉴팜(주),False,name_only,True,MFDS nedrug,nedrug.searchDrug,2026-06-12
201502568,명문엔테카비르정0.5밀리그램,명문엔테카비르정0.5밀리그램,엔테카비르,명문제약(주),False,name_only,True,MFDS nedrug,nedrug.searchDrug,2026-06-12
201502569,명문엔테카비르정1.0밀리그램,명문엔테카비르정1.0밀리그램,엔테카비르,명문제약(주),False,name_only,True,MFDS nedrug,nedrug.searchDrug,2026-06-12
201501534,바라리버정0.5밀리그램(엔테카비르),바라리버정0.5밀리그램(엔테카비르),엔테카비르,풍림무약(주),False,name_only,True,MFDS nedrug,nedrug.searchDrug,2026-06-12
201501535,바라리버정1.0밀리그램(엔테카비르),바라리버정1.0밀리그램(엔테카비르),엔테카비르,풍림무약(주),False,name_only,True,MFDS nedrug,nedrug.searchDrug,2026-06-12
201403550,바라큐정0.5밀리그램(엔테카비르수화물),바라큐정0.5밀리그램(엔테카비르수화물),엔테카비르,(주)서흥,False,name_only,True,MFDS nedrug,nedrug.searchDrug,2026-06-12
201207015,바라크로스정0.5밀리그램(엔테카비르),바라크로스정0.5밀리그램(엔테카비르),엔테카비르,(주)대웅제약,False,name_only,True,MFDS nedrug,nedrug.searchDrug,2026-06-12
201207014,바라크로스정1밀리그램(엔테카비르),바라크로스정1밀리그램(엔테카비르),엔테카비르,(주)대웅제약,False,name_only,True,MFDS nedrug,nedrug.searchDrug,2026-06-12
200605262,바라크루드정0.5밀리그램(엔테카비르),바라크루드정0.5밀리그램(엔테카비르),엔테카비르,(유)한국비엠에스제약,False,name_only,True,MFDS nedrug,nedrug.searchDrug,2026-06-12
200605263,바라크루드정1.0밀리그램(엔테카비르),바라크루드정1.0밀리그램(엔테카비르),엔테카비르,(유)한국비엠에스제약,False,name_only,True,MFDS nedrug,nedrug.searchDrug,2026-06-12
201306404,바라클정0.5밀리그램(엔테카비르),바라클정0.5밀리그램(엔테카비르),엔테카비르,동아에스티(주),False,name_only,True,MFDS nedrug,nedrug.searchDrug,2026-06-12
201306425,바라클정1밀리그램(엔테카비르),바라클정1밀리그램(엔테카비르),엔테카비르,동아에스티(주),False,name_only,True,MFDS nedrug,nedrug.searchDrug,2026-06-12
201504927,바라티스구강용해필름1밀리그램(엔테카비르일수화물),바라티스구강용해필름1밀리그램(엔테카비르일수화물),엔테카비르일수화물,대화제약(주),False,name_only,True,MFDS nedrug,nedrug.searchDrug,2026-06-12
201504926,바라티스구강용해필름0.5밀리그램(엔테카비르일수화물),바라티스구강용해필름0.5밀리그램(엔테카비르일수화물),엔테카비르일수화물,대화제약(주),False,name_only,True,MFDS nedrug,nedrug.searchDrug,2026-06-12
201310913,바라티스정0.5밀리그램(엔테카비르),바라티스정0.5밀리그램(엔테카비르),엔테카비르,대화제약(주),False,name_only,True,MFDS nedrug,nedrug.searchDrug,2026-06-12
201404377,바이큐어정0.5밀리그램(엔테카비르),바이큐어정0.5밀리그램(엔테카비르),엔테카비르,일동제약(주),False,name_only,True,MFDS nedrug,nedrug.searchDrug,2026-06-12
201403953,바카비정0.5밀리그램(엔테카비르),바카비정0.5밀리그램(엔테카비르),엔테카비르,삼진제약(주),False,name_only,True,MFDS nedrug,nedrug.searchDrug,2026-06-12
201403954,바카비정1.0밀리그램(엔테카비르),바카비정1.0밀리그램(엔테카비르),엔테카비르,삼진제약(주),False,name_only,True,MFDS nedrug,nedrug.searchDrug,2026-06-12
201309426,부광엔테카비르정0.5밀리그램(엔테카비르수화물),부광엔테카비르정0.5밀리그램(엔테카비르수화물),엔테카비르수화물,부광약품(주),False,name_only,True,MFDS nedrug,nedrug.searchDrug,2026-06-12
201309423,부광엔테카비르정1.0밀리그램(엔테카비르수화물),부광엔테카비르정1.0밀리그램(엔테카비르수화물),엔테카비르수화물,부광약품(주),False,name_only,True,MFDS nedrug,nedrug.searchDrug,2026-06-12
201500083,안타빌정0.5밀리그램(엔테카비르),안타빌정0.5밀리그램(엔테카비르),엔테카비르,아주약품(주),False,name_only,True,MFDS nedrug,nedrug.searchDrug,2026-06-12
201405472,엔비어정0.5mg(엔테카비르),엔비어정0.5mg(엔테카비르),엔테카비르,한국휴텍스제약(주),False,name_only,True,MFDS nedrug,nedrug.searchDrug,2026-06-12
201308187,엔카비어정0.5밀리그램(엔테카비르),엔카비어정0.5밀리그램(엔테카비르),엔테카비르,제일약품(주),False,name_only,True,MFDS nedrug,nedrug.searchDrug,2026-06-12
201308188,엔카비어정1밀리그램(엔테카비르),엔카비어정1밀리그램(엔테카비르),엔테카비르,제일약품(주),False,name_only,True,MFDS nedrug,nedrug.searchDrug,2026-06-12
201502000,엔타이정0.5밀리그램(엔테카비르),엔타이정0.5밀리그램(엔테카비르),엔테카비르,(주)킵스바이오파마,False,name_only,True,MFDS nedrug,nedrug.searchDrug,2026-06-12
201403512,엔테비르정0.5mg(엔테카비르),엔테비르정0.5mg(엔테카비르),엔테카비르,화일약품(주),False,name_only,True,MFDS nedrug,nedrug.searchDrug,2026-06-12
201207404,엔테원정0.5밀리그램(엔테카비르),엔테원정0.5밀리그램(엔테카비르),엔테카비르,에이치케이이노엔(주),False,name_only,True,MFDS nedrug,nedrug.searchDrug,2026-06-12
201207405,엔테원정1.0밀리그램(엔테카비르),엔테원정1.0밀리그램(엔테카비르),엔테카비르,에이치케이이노엔(주),False,name_only,True,MFDS nedrug,nedrug.searchDrug,2026-06-12
201501658,엔테카벨구강붕해정0.5밀리그램(엔테카비르),엔테카벨구강붕해정0.5밀리그램(엔테카비르),엔테카비르,(주)종근당,False,name_only,True,MFDS nedrug,nedrug.searchDrug,2026-06-12
201501657,엔테카벨구강붕해정1밀리그램(엔테카비르),엔테카벨구강붕해정1밀리그램(엔테카비르),엔테카비르,(주)종근당,False,name_only,True,MFDS nedrug,nedrug.searchDrug,2026-06-12
201208630,엔테카벨정0.5밀리그램(엔테카비르),엔테카벨정0.5밀리그램(엔테카비르),엔테카비르,(주)종근당,False,name_only,True,MFDS nedrug,nedrug.searchDrug,2026-06-12
202300927,가네리드정(테노포비르알라페나미드헤미말산염),가네리드정(테노포비르알라페나미드헤미말산염),테노포비르알라페나미드헤미말산염,한국휴텍스제약(주),False,name_only,True,MFDS nedrug,nedrug.searchDrug,2026-06-12
201701115,데스코비정 200/25 mg,데스코비정 200/25 mg,엠트리시타빈/테노포비르알라페나미드헤미푸마르산염,길리어드사이언스코리아(유),False,name_only,True,MFDS nedrug,nedrug.searchDrug,2026-06-12
201701116,데스코비정 200/10 mg,데스코비정 200/10 mg,엠트리시타빈/테노포비르알라페나미드헤미푸마르산염,길리어드사이언스코리아(유),False,name_only,True,MFDS nedrug,nedrug.searchDrug,2026-06-12
202000448,델스트리고정,델스트리고정,도라비린/라미부딘/테노포비르디소프록실푸마르산염,한국엠에스디(주),False,name_only,True,MFDS nedrug,nedrug.searchDrug,2026-06-12
201706560,리노페드정(테노포비르디소프록실),리노페드정(테노포비르디소프록실),테노포비르디소프록실,삼일제약(주),False,name_only,True,MFDS nedrug,nedrug.searchDrug,2026-06-12
201706566,리버리드정(테노포비르디소프록실),리버리드정(테노포비르디소프록실),테노포비르디소프록실,한국휴텍스제약(주),False,name_only,True,MFDS nedrug,nedrug.searchDrug,2026-06-12
201900258,리버포딘정(테노포비르디소프록실),리버포딘정(테노포비르디소프록실),테노포비르디소프록실,진양제약(주),False,name_only,True,MFDS nedrug,nedrug.searchDrug,2026-06-12
201706565,바이리프정(테노포비르디소프록실),바이리프정(테노포비르디소프록실),테노포비르디소프록실,한화제약(주),False,name_only,True,MFDS nedrug,nedrug.searchDrug,2026-06-12
202300928,베믈리노정(테노포비르알라페나미드헤미말산염),베믈리노정(테노포비르알라페나미드헤미말산염),테노포비르알라페나미드헤미말산염,삼일제약(주),False,name_only,True,MFDS nedrug,nedrug.searchDrug,2026-06-12
201702418,베믈리디정(테노포비르알라페나미드헤미푸마르산염),베믈리디정(테노포비르알라페나미드헤미푸마르산염),테노포비르알라페나미드헤미푸마르산염,길리어드사이언스코리아(유),False,name_only,True,MFDS nedrug,nedrug.searchDrug,2026-06-12
202300226,베믈리버정(테노포비르알라페나미드헤미타르타르산염),베믈리버정(테노포비르알라페나미드헤미타르타르산염),테노포비르알라페나미드헤미타르타르산염,(주)대웅제약,False,name_only,True,MFDS nedrug,nedrug.searchDrug,2026-06-12
202204504,베믈리아정(테노포비르알라페나미드시트르산염),베믈리아정(테노포비르알라페나미드시트르산염),테노포비르알라페나미드시트르산염,동아에스티(주),False,name_only,True,MFDS nedrug,nedrug.searchDrug,2026-06-12
201802720,비리바정(테노포비르디소프록실푸마르산염),비리바정(테노포비르디소프록실푸마르산염),테노포비르디소프록실푸마르산염,(주)대웅제약,False,name_only,True,MFDS nedrug,nedrug.searchDrug,2026-06-12
201004172,비리어드정(테노포비르디소프록실푸마르산염),비리어드정(테노포비르디소프록실푸마르산염),테노포비르디소프록실푸마르산염,길리어드사이언스코리아(유),False,name_only,True,MFDS nedrug,nedrug.searchDrug,2026-06-12
201706553,비리얼정(테노포비르디소프록실오로트산염),비리얼정(테노포비르디소프록실오로트산염),테노포비르디소프록실오로트산염,동아에스티(주),False,name_only,True,MFDS nedrug,nedrug.searchDrug,2026-06-12
201706562,비리헤파정(테노포비르디소프록실),비리헤파정(테노포비르디소프록실),테노포비르디소프록실,(주)대웅제약,False,name_only,True,MFDS nedrug,nedrug.searchDrug,2026-06-12
201900267,빅타비정,빅타비정,빅테그라비르나트륨/엠트리시타빈/테노포비르알라페나미드헤미푸마르산염,길리어드사이언스코리아(유),False,name_only,True,MFDS nedrug,nedrug.searchDrug,2026-06-12
202300929,알포테린정(테노포비르알라페나미드헤미말산염),알포테린정(테노포비르알라페나미드헤미말산염),테노포비르알라페나미드헤미말산염,동국제약(주),False,name_only,True,MFDS nedrug,nedrug.searchDrug,2026-06-12
201707649,에스헤파정(테노포비르디소프록실헤미에디실산염),에스헤파정(테노포비르디소프록실헤미에디실산염),테노포비르디소프록실헤미에디실산염,삼천당제약(주),False,name_only,True,MFDS nedrug,nedrug.searchDrug,2026-06-12
201605531,젠보야정,젠보야정,엘비테그라비르(미분화)/엠트리시타빈/테노포비르알라페나미드헤미푸마르산염/이산화규소흡착코비시스타트,길리어드사이언스코리아(유),False,name_only,True,MFDS nedrug,nedrug.searchDrug,2026-06-12
201708125,컴팩테노정(테노포비르디소프록실푸마르산염),컴팩테노정(테노포비르디소프록실푸마르산염),테노포비르디소프록실푸마르산염,신풍제약(주),False,name_only,True,MFDS nedrug,nedrug.searchDrug,2026-06-12
202300925,타프리드정(테노포비르알라페나미드헤미말산염),타프리드정(테노포비르알라페나미드헤미말산염),테노포비르알라페나미드헤미말산염,삼진제약(주),False,name_only,True,MFDS nedrug,nedrug.searchDrug,2026-06-12
201708448,테노리드에프정(테노포비르디소프록실푸마르산염),테노리드에프정(테노포비르디소프록실푸마르산염),테노포비르디소프록실푸마르산염,삼진제약(주),False,name_only,True,MFDS nedrug,nedrug.searchDrug,2026-06-12
201706559,테노리드정(테노포비르디소프록실),테노리드정(테노포비르디소프록실),테노포비르디소프록실,삼진제약(주),False,name_only,True,MFDS nedrug,nedrug.searchDrug,2026-06-12
201706586,테노브이정(테노포비르디소프록실푸마르산염),테노브이정(테노포비르디소프록실푸마르산염),테노포비르디소프록실푸마르산염,신일제약(주),False,name_only,True,MFDS nedrug,nedrug.searchDrug,2026-06-12
201706821,테노비르정(테노포비르디소프록실푸마르산염),테노비르정(테노포비르디소프록실푸마르산염),테노포비르디소프록실푸마르산염,한국유니온제약(주),False,name_only,True,MFDS nedrug,nedrug.searchDrug,2026-06-12
201706551,테노원정(테노포비르디소프록실),테노원정(테노포비르디소프록실),테노포비르디소프록실,(주)보령,False,name_only,True,MFDS nedrug,nedrug.searchDrug,2026-06-12
201706557,테노펙션정(테노포비르디소프록실헤미에디실산염),테노펙션정(테노포비르디소프록실헤미에디실산염),테노포비르디소프록실헤미에디실산염,제이더블유중외제약(주),False,name_only,True,MFDS nedrug,nedrug.searchDrug,2026-06-12
201706564,테노포린정(테노포비르디소프록실),테노포린정(테노포비르디소프록실),테노포비르디소프록실,동국제약(주),False,name_only,True,MFDS nedrug,nedrug.searchDrug,2026-06-12
202003605,테노포버정(테노포비르디소프록실푸마르산염),테노포버정(테노포비르디소프록실푸마르산염),테노포비르디소프록실푸마르산염,(주)메디카코리아,False,name_only,True,MFDS nedrug,nedrug.searchDrug,2026-06-12
202501260,니페디온CR서방정40밀리그램(니페디핀),니페디온cr서방정40밀리그램(니페디핀),니페디핀,알리코제약(주),False,name_only,True,MFDS nedrug,nedrug.searchDrug,2026-06-12
200502319,니페딕스지속정(니페디핀),니페딕스지속정(니페디핀),니페디핀,광동제약(주),False,name_only,True,MFDS nedrug,nedrug.searchDrug,2026-06-12
202500925,니페론씨알서방정20밀리그램(니페디핀),니페론씨알서방정20밀리그램(니페디핀),니페디핀,에리슨제약(주),False,name_only,True,MFDS nedrug,nedrug.searchDrug,2026-06-12
200400999,니페론씨알서방정40밀리그램(니페디핀),니페론씨알서방정40밀리그램(니페디핀),니페디핀,에리슨제약(주),False,name_only,True,MFDS nedrug,nedrug.searchDrug,2026-06-12
201504227,아다핀오스모서방정30밀리그램(니페디핀),아다핀오스모서방정30밀리그램(니페디핀),니페디핀,에리슨제약(주),False,name_only,True,MFDS nedrug,nedrug.searchDrug,2026-06-12
199604622,아달라트오로스정30(니페디핀),아달라트오로스정30(니페디핀),니페디핀(미분화),바이엘코리아(주),False,name_only,True,MFDS nedrug,nedrug.searchDrug,2026-06-12
200402342,디로핀지속정2.5밀리그람(펠로디핀),디로핀지속정2.5밀리그람(펠로디핀),펠로디핀,경동제약(주),False,name_only,True,MFDS nedrug,nedrug.searchDrug,2026-06-12
201308457,디크리핀서방정5밀리그램(펠로디핀),디크리핀서방정5밀리그램(펠로디핀),펠로디핀,(주)제뉴파마,False,name_only,True,MFDS nedrug,nedrug.searchDrug,2026-06-12
200200775,무노발정2.5밀리그람(펠로디핀),무노발정2.5밀리그람(펠로디핀),펠로디핀(미분화),(주)한독,False,name_only,True,MFDS nedrug,nedrug.searchDrug,2026-06-12
199000893,무노발정5밀리그람(펠로디핀),무노발정5밀리그람(펠로디핀),펠로디핀(미분화),(주)한독,False,name_only,True,MFDS nedrug,nedrug.searchDrug,2026-06-12
200410890,바스핀지속정(펠로디핀),바스핀지속정(펠로디핀),펠로디핀,한국휴텍스제약(주),False,name_only,True,MFDS nedrug,nedrug.searchDrug,2026-06-12
200400538,바이넥스펠로디핀정,바이넥스펠로디핀정,펠로디핀,(주)바이넥스,False,name_only,True,MFDS nedrug,nedrug.searchDrug,2026-06-12
200403415,삼익펠로디핀정,삼익펠로디핀정,펠로디핀,삼익제약(주),False,name_only,True,MFDS nedrug,nedrug.searchDrug,2026-06-12
200202093,스타핀지속정(펠로디핀),스타핀지속정(펠로디핀),펠로디핀,하나제약(주),False,name_only,True,MFDS nedrug,nedrug.searchDrug,2026-06-12
200500959,에이프로젠펠로디핀정(펠로디핀),에이프로젠펠로디핀정(펠로디핀),펠로디핀,(주)에이프로젠바이오로직스,False,name_only,True,MFDS nedrug,nedrug.searchDrug,2026-06-12
200300253,엘디핀지속정(펠로디핀),엘디핀지속정(펠로디핀),펠로디핀,국제약품(주),False,name_only,True,MFDS nedrug,nedrug.searchDrug,2026-06-12
199000550,유한스프렌딜지속정5밀리그램(펠로디핀),유한스프렌딜지속정5밀리그램(펠로디핀),펠로디핀,(주)유한양행,False,name_only,True,MFDS nedrug,nedrug.searchDrug,2026-06-12
200403270,지로디핀지속정(펠로디핀),지로디핀지속정(펠로디핀),펠로디핀,케이엠에스제약(주),False,name_only,True,MFDS nedrug,nedrug.searchDrug,2026-06-12
200503731,펠로덴지속정(펠로디핀),펠로덴지속정(펠로디핀),펠로디핀,(주)킵스바이오파마,False,name_only,True,MFDS nedrug,nedrug.searchDrug,2026-06-12
201706825,펠로디온지속정5밀리그램(펠로디핀),펠로디온지속정5밀리그램(펠로디핀),펠로디핀,(주)셀트리온제약,False,name_only,True,MFDS nedrug,nedrug.searchDrug,2026-06-12
201308906,펠로딥정(펠로디핀),펠로딥정(펠로디핀),펠로디핀,(주)일화,False,name_only,True,MFDS nedrug,nedrug.searchDrug,2026-06-12
200501997,펠로핀지속정(펠로디핀),펠로핀지속정(펠로디핀),펠로디핀,한국넬슨제약(주),False,name_only,True,MFDS nedrug,nedrug.searchDrug,2026-06-12
200402830,펠론정(펠로디핀),펠론정(펠로디핀),펠로디핀,위더스제약(주),False,name_only,True,MFDS nedrug,nedrug.searchDrug,2026-06-12
200202118,하이드로핀정(펠로디핀),하이드로핀정(펠로디핀),펠로디핀,미래바이오제약(주),False,name_only,True,MFDS nedrug,nedrug.searchDrug,2026-06-12
200501947,하이퍼지속정5밀리그램(펠로디핀),하이퍼지속정5밀리그램(펠로디핀),펠로디핀,영일제약(주),False,name_only,True,MFDS nedrug,nedrug.searchDrug,2026-06-12
200301834,한미펠로디핀지속정5밀리그램,한미펠로디핀지속정5밀리그램,펠로디핀,한미약품(주),False,name_only,True,MFDS nedrug,nedrug.searchDrug,2026-06-12
200404199,할로핀정(펠로디핀),할로핀정(펠로디핀),펠로디핀,(주)넥스팜코리아,False,name_only,True,MFDS nedrug,nedrug.searchDrug,2026-06-12
201803197,레니디핀정(레르카니디핀염산염),레니디핀정(레르카니디핀염산염),레르카니디핀염산염,(주)일화,False,name_only,True,MFDS nedrug,nedrug.searchDrug,2026-06-12
200512301,레니딥정(레르카니디핀염산염),레니딥정(레르카니디핀염산염),레르카니디핀염산염,동화약품(주),False,name_only,True,MFDS nedrug,nedrug.searchDrug,2026-06-12
200805235,레도핀정(레르카니디핀염산염),레도핀정(레르카니디핀염산염),레르카니디핀염산염,(주)한국파비스제약,False,name_only,True,MFDS nedrug,nedrug.searchDrug,2026-06-12
201308426,레바캄정10/160밀리그램,레바캄정10/160밀리그램,레르카니디핀염산염/발사르탄,(주)엘지화학,False,name_only,True,MFDS nedrug,nedrug.searchDrug,2026-06-12
201308391,레바캄정10/80밀리그램,레바캄정10/80밀리그램,레르카니디핀염산염/발사르탄,(주)엘지화학,False,name_only,True,MFDS nedrug,nedrug.searchDrug,2026-06-12
201308392,레바캄정20/160밀리그램,레바캄정20/160밀리그램,레르카니디핀염산염/발사르탄,(주)엘지화학,False,name_only,True,MFDS nedrug,nedrug.searchDrug,2026-06-12
200501291,레자딥정(레르카니디핀염산염),레자딥정(레르카니디핀염산염),레르카니디핀염산염,진양제약(주),False,name_only,True,MFDS nedrug,nedrug.searchDrug,2026-06-12
200500320,레카니딥정(레르카니디핀염산염),레카니딥정(레르카니디핀염산염),레르카니디핀염산염,삼성제약(주),False,name_only,True,MFDS nedrug,nedrug.searchDrug,2026-06-12
200503246,레카니정(레르카니디핀염산염),레카니정(레르카니디핀염산염),레르카니디핀염산염,한국프라임제약(주),False,name_only,True,MFDS nedrug,nedrug.searchDrug,2026-06-12
200502315,레카디핀정(레르카니디핀염산염),레카디핀정(레르카니디핀염산염),레르카니디핀염산염,광동제약(주),False,name_only,True,MFDS nedrug,nedrug.searchDrug,2026-06-12
200500659,레카딘정(레르카니디핀염산염),레카딘정(레르카니디핀염산염),레르카니디핀염산염,대우제약(주),False,name_only,True,MFDS nedrug,nedrug.searchDrug,2026-06-12
200502742,레카딥정(레르카니디핀염산염),레카딥정(레르카니디핀염산염),레르카니디핀염산염,알보젠코리아(주),False,name_only,True,MFDS nedrug,nedrug.searchDrug,2026-06-12
200502588,레카핀정(레르카니디핀염산염),레카핀정(레르카니디핀염산염),레르카니디핀염산염,(주)휴온스,False,name_only,True,MFDS nedrug,nedrug.searchDrug,2026-06-12
200500424,레칼핀정10밀리그램(레르카니디핀염산염),레칼핀정10밀리그램(레르카니디핀염산염),레르카니디핀염산염,일동제약(주),False,name_only,True,MFDS nedrug,nedrug.searchDrug,2026-06-12
200501243,로카딘정(레르카니디핀염산염),로카딘정(레르카니디핀염산염),레르카니디핀염산염,(주)메디카코리아,False,name_only,True,MFDS nedrug,nedrug.searchDrug,2026-06-12
200500694,아나딥정10밀리그람(레르카니디핀염산염),아나딥정10밀리그람(레르카니디핀염산염),레르카니디핀염산염,아주약품(주),False,name_only,True,MFDS nedrug,nedrug.searchDrug,2026-06-12
200500134,에르카핀정(레르카니디핀염산염),에르카핀정(레르카니디핀염산염),레르카니디핀염산염,(주)종근당,False,name_only,True,MFDS nedrug,nedrug.searchDrug,2026-06-12
200500280,유니딥정(레르카니디핀염산염),유니딥정(레르카니디핀염산염),레르카니디핀염산염,(주)유유제약,False,name_only,True,MFDS nedrug,nedrug.searchDrug,2026-06-12
199803145,자니딥정(레르카니디핀염산염),자니딥정(레르카니디핀염산염),레르카니디핀염산염,(주)엘지화학,False,name_only,True,MFDS nedrug,nedrug.searchDrug,2026-06-12
201603713,자니엠정(레르카니디핀염산염),자니엠정(레르카니디핀염산염),레르카니디핀염산염,맥널티제약(주),False,name_only,True,MFDS nedrug,nedrug.searchDrug,2026-06-12
200502557,제나딥정(레르카니디핀염산염),제나딥정(레르카니디핀염산염),레르카니디핀염산염,구주제약(주),False,name_only,True,MFDS nedrug,nedrug.searchDrug,2026-06-12
200501239,카디아핀정10밀리그램(레르카니디핀염산염),카디아핀정10밀리그램(레르카니디핀염산염),레르카니디핀염산염,환인제약(주),False,name_only,True,MFDS nedrug,nedrug.searchDrug,2026-06-12
200500482,칼딥정(레르카니디핀염산염),칼딥정(레르카니디핀염산염),레르카니디핀염산염,(주)셀트리온제약,False,name_only,True,MFDS nedrug,nedrug.searchDrug,2026-06-12
199801202,시나롱정5밀리그램(실니디핀),시나롱정5밀리그램(실니디핀),실니디핀,(주)보령,False,name_only,True,MFDS nedrug,nedrug.searchDrug,2026-06-12
200400613,날프릴정(에날라프릴말레산염),날프릴정(에날라프릴말레산염),에날라프릴말레산염,화일약품(주),False,name_only,True,MFDS nedrug,nedrug.searchDrug,2026-06-12
200404610,라프릴정(에날라프릴말레산염),라프릴정(에날라프릴말레산염),에날라프릴말레산염,성원애드콕제약(주),False,name_only,True,MFDS nedrug,nedrug.searchDrug,2026-06-12
200100264,레니프릴정10밀리그램(에날라프릴말레산염),레니프릴정10밀리그램(에날라프릴말레산염),에날라프릴말레산염,제이더블유신약(주),False,name_only,True,MFDS nedrug,nedrug.searchDrug,2026-06-12
200110053,레니프릴정5밀리그램(에날라프릴말레산염),레니프릴정5밀리그램(에날라프릴말레산염),에날라프릴말레산염,제이더블유신약(주),False,name_only,True,MFDS nedrug,nedrug.searchDrug,2026-06-12
200003432,씨엠지말레인산에날라프릴정10mg,씨엠지말레인산에날라프릴정10mg,에날라프릴말레산염,(주)씨엠지제약,False,name_only,True,MFDS nedrug,nedrug.searchDrug,2026-06-12
198800153,에나프린정10밀리그램(에날라프릴말레산염),에나프린정10밀리그램(에날라프릴말레산염),에날라프릴말레산염,(주)종근당,False,name_only,True,MFDS nedrug,nedrug.searchDrug,2026-06-12
198900125,에나프린정5밀리그램(에날라프릴말레산염),에나프린정5밀리그램(에날라프릴말레산염),에날라프릴말레산염,(주)종근당,False,name_only,True,MFDS nedrug,nedrug.searchDrug,2026-06-12
199100749,에날린정(에날라프릴말레산염),에날린정(에날라프릴말레산염),에날라프릴말레산염,동화약품(주),False,name_only,True,MFDS nedrug,nedrug.searchDrug,2026-06-12
199001919,에날정(에날라프릴말레산염),에날정(에날라프릴말레산염),에날라프릴말레산염,위더스제약(주),False,name_only,True,MFDS nedrug,nedrug.searchDrug,2026-06-12
200404866,에날프릴정(에날라프릴말레산염),에날프릴정(에날라프릴말레산염),에날라프릴말레산염,(주)킵스바이오파마,False,name_only,True,MFDS nedrug,nedrug.searchDrug,2026-06-12
199302812,에프린정(에날라프릴말레산염),에프린정(에날라프릴말레산염),에날라프릴말레산염,명문제약(주),False,name_only,True,MFDS nedrug,nedrug.searchDrug,2026-06-12
199502167,엘포날정10밀리그램(에날라프릴말레산염),엘포날정10밀리그램(에날라프릴말레산염),에날라프릴말레산염,영풍제약(주),False,name_only,True,MFDS nedrug,nedrug.searchDrug,2026-06-12
200402607,엘프린정(에날라프릴말레산염),엘프린정(에날라프릴말레산염),에날라프릴말레산염,(주)아리제약,False,name_only,True,MFDS nedrug,nedrug.searchDrug,2026-06-12
199002095,현대제스트릴정10밀리그램(리시노프릴),현대제스트릴정10밀리그램(리시노프릴),리시노프릴,현대약품(주),False,name_only,True,MFDS nedrug,nedrug.searchDrug,2026-06-12
198900577,대우아테놀올정,대우아테놀올정,아테놀롤,대우제약(주),False,name_only,True,MFDS nedrug,nedrug.searchDrug,2026-06-12
200600225,레보테놀정12.5밀리그람(에스아테놀롤),레보테놀정12.5밀리그람(에스아테놀롤),S-아테놀롤,안국약품(주),False,name_only,True,MFDS nedrug,nedrug.searchDrug,2026-06-12
200600221,레보테놀정25밀리그람(에스아테놀롤),레보테놀정25밀리그람(에스아테놀롤),에스-아테놀롤,안국약품(주),False,name_only,True,MFDS nedrug,nedrug.searchDrug,2026-06-12
200401353,베테놀정(아테놀롤),베테놀정(아테놀롤),아테놀롤,(주)메디카코리아,False,name_only,True,MFDS nedrug,nedrug.searchDrug,2026-06-12
199501939,신일아테놀올정(아테놀롤),신일아테놀올정(아테놀롤),아테놀롤,신일제약(주),False,name_only,True,MFDS nedrug,nedrug.searchDrug,2026-06-12
201301654,신일아테놀올정25밀리그램(아테놀롤),신일아테놀올정25밀리그램(아테놀롤),아테놀롤,신일제약(주),False,name_only,True,MFDS nedrug,nedrug.searchDrug,2026-06-12
198601273,아놀렉스정50밀리그램(아테놀롤),아놀렉스정50밀리그램(아테놀롤),아테놀롤,(주)씨엠지제약,False,name_only,True,MFDS nedrug,nedrug.searchDrug,2026-06-12
200403982,아소틴정(아테놀롤),아소틴정(아테놀롤),아테놀롤/아테놀올,한국프라임제약(주),False,name_only,True,MFDS nedrug,nedrug.searchDrug,2026-06-12
200402399,아테나정50밀리그램(아테놀롤),아테나정50밀리그램(아테놀롤),아테놀롤,(주)테라젠이텍스,False,name_only,True,MFDS nedrug,nedrug.searchDrug,2026-06-12
200404611,아테날정(아테놀롤),아테날정(아테놀롤),아테놀롤,성원애드콕제약(주),False,name_only,True,MFDS nedrug,nedrug.searchDrug,2026-06-12
200404669,아테놀민정50밀리그램(아테놀롤),아테놀민정50밀리그램(아테놀롤),아테놀롤,주식회사제뉴원사이언스,False,name_only,True,MFDS nedrug,nedrug.searchDrug,2026-06-12
201907423,알파아테놀올정(아테놀롤),알파아테놀올정(아테놀롤),아테놀롤,알파제약(주),False,name_only,True,MFDS nedrug,nedrug.searchDrug,2026-06-12
200301771,엠테놀정(아테놀롤),엠테놀정(아테놀롤),아테놀롤,미래바이오제약(주),False,name_only,True,MFDS nedrug,nedrug.searchDrug,2026-06-12
201601054,올테놀정50mg(아테놀롤),올테놀정50mg(아테놀롤),아테놀롤,익수제약(주),False,name_only,True,MFDS nedrug,nedrug.searchDrug,2026-06-12
200403255,케이엠에스아테놀올정50mg,케이엠에스아테놀올정50mg,아테놀롤/아테놀올,케이엠에스제약(주),False,name_only,True,MFDS nedrug,nedrug.searchDrug,2026-06-12
200403223,테나롤정(아테놀롤),테나롤정(아테놀롤),아테놀롤,명문제약(주),False,name_only,True,MFDS nedrug,nedrug.searchDrug,2026-06-12
198301004,현대테노레틱정,현대테노레틱정,아테놀롤/클로르탈리돈,현대약품(주),False,name_only,True,MFDS nedrug,nedrug.searchDrug,2026-06-12
199504318,현대테놀민정25밀리그램(아테놀롤),현대테놀민정25밀리그램(아테놀롤),아테놀롤,현대약품(주),False,name_only,True,MFDS nedrug,nedrug.searchDrug,2026-06-12
198100700,현대테놀민정50밀리그램(아테놀롤),현대테놀민정50밀리그램(아테놀롤),아테놀롤,현대약품(주),False,name_only,True,MFDS nedrug,nedrug.searchDrug,2026-06-12
198100126,베타록정(메토프롤롤타르타르산염),베타록정(메토프롤롤타르타르산염),메토프롤롤타르타르산염,(주)유한양행,False,name_only,True,MFDS nedrug,nedrug.searchDrug,2026-06-12
197400040,인데놀정10mg(프로프라놀롤염산염),인데놀정10mg(프로프라놀롤염산염),프로프라놀롤염산염,동광제약(주),False,name_only,True,MFDS nedrug,nedrug.searchDrug,2026-06-12
197600046,인데놀정40mg(프로프라놀롤염산염),인데놀정40mg(프로프라놀롤염산염),프로프라놀롤염산염,동광제약(주),False,name_only,True,MFDS nedrug,nedrug.searchDrug,2026-06-12
198100091,테프라정40밀리그램(프로프라놀롤염산염),테프라정40밀리그램(프로프라놀롤염산염),프로프라놀롤염산염,한올바이오파마(주),False,name_only,True,MFDS nedrug,nedrug.searchDrug,2026-06-12
201506664,헤만지올액(프로프라놀롤염산염),헤만지올액(프로프라놀롤염산염),프로프라놀롤염산염,한미약품(주),False,name_only,True,MFDS nedrug,nedrug.searchDrug,2026-06-12
199302795,라베신주사20밀리그람(라베탈롤염산염),라베신주사20밀리그람(라베탈롤염산염),라베탈롤염산염,명문제약(주),False,name_only,True,MFDS nedrug,nedrug.searchDrug,2026-06-12
202502799,"이달디핀정40/10밀리그램(아질사르탄메독소밀칼륨,암로디핀베실산염)","이달디핀정40/10밀리그램(아질사르탄메독소밀칼륨,암로디핀베실산염)",아질사르탄메독소밀칼륨/암로디핀베실산염,(주)셀트리온,False,name_only,True,MFDS nedrug,nedrug.searchDrug,2026-06-12
202502800,"이달디핀정40/5밀리그램(아질사르탄메독소밀칼륨,암로디핀베실산염)","이달디핀정40/5밀리그램(아질사르탄메독소밀칼륨,암로디핀베실산염)",아질사르탄메독소밀칼륨/암로디핀베실산염,(주)셀트리온,False,name_only,True,MFDS nedrug,nedrug.searchDrug,2026-06-12
202502797,"이달디핀정80/10밀리그램(아질사르탄메독소밀칼륨,암로디핀베실산염)","이달디핀정80/10밀리그램(아질사르탄메독소밀칼륨,암로디핀베실산염)",아질사르탄메독소밀칼륨/암로디핀베실산염,(주)셀트리온,False,name_only,True,MFDS nedrug,nedrug.searchDrug,2026-06-12
202502798,"이달디핀정80/5밀리그램(아질사르탄메독소밀칼륨,암로디핀베실산염)","이달디핀정80/5밀리그램(아질사르탄메독소밀칼륨,암로디핀베실산염)",아질사르탄메독소밀칼륨/암로디핀베실산염,(주)셀트리온,False,name_only,True,MFDS nedrug,nedrug.searchDrug,2026-06-12
202401116,이달비정20밀리그램(아질사르탄메독소밀칼륨),이달비정20밀리그램(아질사르탄메독소밀칼륨),아질사르탄메독소밀칼륨,(주)셀트리온제약,False,name_only,True,MFDS nedrug,nedrug.searchDrug,2026-06-12
202303419,이달비정40밀리그램(아질사르탄메독소밀칼륨),이달비정40밀리그램(아질사르탄메독소밀칼륨),아질사르탄메독소밀칼륨,(주)셀트리온제약,False,name_only,True,MFDS nedrug,nedrug.searchDrug,2026-06-12
202303420,이달비정80밀리그램(아질사르탄메독소밀칼륨),이달비정80밀리그램(아질사르탄메독소밀칼륨),아질사르탄메독소밀칼륨,(주)셀트리온제약,False,name_only,True,MFDS nedrug,nedrug.searchDrug,2026-06-12
202400975,"이달비클로정40/12.5밀리그램(아질사르탄메독소밀칼륨,클로르탈리돈)","이달비클로정40/12.5밀리그램(아질사르탄메독소밀칼륨,클로르탈리돈)",아질사르탄메독소밀칼륨/클로르탈리돈,(주)셀트리온제약,False,name_only,True,MFDS nedrug,nedrug.searchDrug,2026-06-12
202400976,"이달비클로정40/25밀리그램(아질사르탄메독소밀칼륨,클로르탈리돈)","이달비클로정40/25밀리그램(아질사르탄메독소밀칼륨,클로르탈리돈)",아질사르탄메독소밀칼륨/클로르탈리돈,(주)셀트리온제약,False,name_only,True,MFDS nedrug,nedrug.searchDrug,2026-06-12
202204666,"듀나브정30/2.5밀리그램(피마사르탄칼륨, 에스암로디핀)","듀나브정30/2.5밀리그램(피마사르탄칼륨, 에스암로디핀)",에스암로디핀베실산염이수화물/피마사르탄칼륨삼수화물,한국휴텍스제약(주),False,name_only,True,MFDS nedrug,nedrug.searchDrug,2026-06-12
202204667,"듀나브정60/2.5밀리그램(피마사르탄칼륨, 에스암로디핀)","듀나브정60/2.5밀리그램(피마사르탄칼륨, 에스암로디핀)",에스암로디핀베실산염이수화물/피마사르탄칼륨삼수화물,한국휴텍스제약(주),False,name_only,True,MFDS nedrug,nedrug.searchDrug,2026-06-12
202300087,"듀라브정30/2.5밀리그램(피마사르탄칼륨,에스암로디핀)","듀라브정30/2.5밀리그램(피마사르탄칼륨,에스암로디핀)",피마사르탄칼륨삼수화물/에스암로디핀베실산염2.5수화물,(주)넥스팜코리아,False,name_only,True,MFDS nedrug,nedrug.searchDrug,2026-06-12
202300109,"듀라브정60/2.5밀리그램(피마사르탄칼륨,에스암로디핀)","듀라브정60/2.5밀리그램(피마사르탄칼륨,에스암로디핀)",피마사르탄칼륨삼수화물/에스암로디핀베실산염2.5수화물,(주)넥스팜코리아,False,name_only,True,MFDS nedrug,nedrug.searchDrug,2026-06-12
202300090,"듀라브정60/5밀리그램(피마사르탄칼륨,에스암로디핀)","듀라브정60/5밀리그램(피마사르탄칼륨,에스암로디핀)",피마사르탄칼륨삼수화물/에스암로디핀베실산염2.5수화물,(주)넥스팜코리아,False,name_only,True,MFDS nedrug,nedrug.searchDrug,2026-06-12
202300132,듀얼로우정30/2.5밀리그램,듀얼로우정30/2.5밀리그램,피마사르탄칼륨삼수화물/에스암로디핀베실산염2.5수화물,한국유니온제약(주),False,name_only,True,MFDS nedrug,nedrug.searchDrug,2026-06-12
202300123,듀얼로우정60/2.5밀리그램,듀얼로우정60/2.5밀리그램,피마사르탄칼륨삼수화물/에스암로디핀베실산염2.5수화물,한국유니온제약(주),False,name_only,True,MFDS nedrug,nedrug.searchDrug,2026-06-12
202300131,듀카나젠정30/2.5밀리그램,듀카나젠정30/2.5밀리그램,피마사르탄칼륨삼수화물/에스암로디핀베실산염2.5수화물,(주)테라젠이텍스,False,name_only,True,MFDS nedrug,nedrug.searchDrug,2026-06-12
202300110,듀카나젠정60/2.5밀리그램,듀카나젠정60/2.5밀리그램,피마사르탄칼륨삼수화물/에스암로디핀베실산염2.5수화물,(주)테라젠이텍스,False,name_only,True,MFDS nedrug,nedrug.searchDrug,2026-06-12
202300130,"듀카노바정30/2.5밀리그램(피마사르탄, 에스암로디핀)","듀카노바정30/2.5밀리그램(피마사르탄, 에스암로디핀)",피마사르탄칼륨삼수화물/에스암로디핀베실산염2.5수화물,대웅바이오(주),False,name_only,True,MFDS nedrug,nedrug.searchDrug,2026-06-12
202300115,"듀카노바정60/2.5밀리그램(피마사르탄, 에스암로디핀)","듀카노바정60/2.5밀리그램(피마사르탄, 에스암로디핀)",피마사르탄칼륨삼수화물/에스암로디핀베실산염2.5수화물,대웅바이오(주),False,name_only,True,MFDS nedrug,nedrug.searchDrug,2026-06-12
202300096,"듀카노바정60/5밀리그램(피마사르탄, 에스암로디핀)","듀카노바정60/5밀리그램(피마사르탄, 에스암로디핀)",피마사르탄칼륨삼수화물/에스암로디핀베실산염2.5수화물,대웅바이오(주),False,name_only,True,MFDS nedrug,nedrug.searchDrug,2026-06-12
202300136,듀카디핀정30/2.5밀리그램,듀카디핀정30/2.5밀리그램,피마사르탄칼륨삼수화물/에스암로디핀베실산염2.5수화물,(주)일화,False,name_only,True,MFDS nedrug,nedrug.searchDrug,2026-06-12
202300119,듀카디핀정60/2.5밀리그램,듀카디핀정60/2.5밀리그램,피마사르탄칼륨삼수화물/에스암로디핀베실산염2.5수화물,(주)일화,False,name_only,True,MFDS nedrug,nedrug.searchDrug,2026-06-12
201907897,"듀카로정30/5/10밀리그램(피마사르탄칼륨,암로디핀,로수바스타틴)","듀카로정30/5/10밀리그램(피마사르탄칼륨,암로디핀,로수바스타틴)",피마사르탄칼륨삼수화물과립/암로디핀베실산염/로수바스타틴칼슘(미분화),(주)보령,False,name_only,True,MFDS nedrug,nedrug.searchDrug,2026-06-12
201907894,"듀카로정30/5/5밀리그램 (피마사르탄칼륨, 암로디핀, 로수바스타틴)","듀카로정30/5/5밀리그램 (피마사르탄칼륨, 암로디핀, 로수바스타틴)",피마사르탄칼륨삼수화물과립/암로디핀베실산염/로수바스타틴칼슘(미분화),(주)보령,False,name_only,True,MFDS nedrug,nedrug.searchDrug,2026-06-12
201907896,"듀카로정60/10/20밀리그램(피마사르탄칼륨,암로디핀,로수바스타틴)","듀카로정60/10/20밀리그램(피마사르탄칼륨,암로디핀,로수바스타틴)",피마사르탄칼륨삼수화물과립/암로디핀베실산염/로수바스타틴칼슘(미분화),(주)보령,False,name_only,True,MFDS nedrug,nedrug.searchDrug,2026-06-12
201907895,"듀카로정60/5/10밀리그램(피마사르탄칼륨,암로디핀,로수바스타틴)","듀카로정60/5/10밀리그램(피마사르탄칼륨,암로디핀,로수바스타틴)",피마사르탄칼륨삼수화물 과립/암로디핀베실산염/로수바스타틴칼슘(미분화),(주)보령,False,name_only,True,MFDS nedrug,nedrug.searchDrug,2026-06-12
201907893,"듀카로정60/5/5밀리그램(피마사르탄칼륨,암로디핀,로수바스타틴)","듀카로정60/5/5밀리그램(피마사르탄칼륨,암로디핀,로수바스타틴)",피마사르탄칼륨삼수화물과립/암로디핀베실산염/로수바스타틴칼슘(미분화),(주)보령,False,name_only,True,MFDS nedrug,nedrug.searchDrug,2026-06-12
201603069,듀카브정30/10밀리그램,듀카브정30/10밀리그램,피마사르탄칼륨삼수화물과립/암로디핀베실산염,(주)보령,False,name_only,True,MFDS nedrug,nedrug.searchDrug,2026-06-12
201603068,듀카브정30/5밀리그램,듀카브정30/5밀리그램,피마사르탄칼륨삼수화물과립/암로디핀베실산염,(주)보령,False,name_only,True,MFDS nedrug,nedrug.searchDrug,2026-06-12
201603072,듀카브정60/10밀리그램,듀카브정60/10밀리그램,피마사르탄칼륨삼수화물과립/암로디핀베실산염,(주)보령,False,name_only,True,MFDS nedrug,nedrug.searchDrug,2026-06-12
201603070,듀카브정60/5밀리그램,듀카브정60/5밀리그램,피마사르탄칼륨삼수화물과립/암로디핀베실산염,(주)보령,False,name_only,True,MFDS nedrug,nedrug.searchDrug,2026-06-12
202300129,듀카엘비정30/2.5밀리그램,듀카엘비정30/2.5밀리그램,피마사르탄칼륨삼수화물/에스암로디핀베실산염2.5수화물,에이치엘비제약(주),False,name_only,True,MFDS nedrug,nedrug.searchDrug,2026-06-12
202300114,듀카엘비정60/2.5밀리그램,듀카엘비정60/2.5밀리그램,피마사르탄칼륨삼수화물/에스암로디핀베실산염2.5수화물,에이치엘비제약(주),False,name_only,True,MFDS nedrug,nedrug.searchDrug,2026-06-12
202300097,듀카엘비정60/5밀리그램,듀카엘비정60/5밀리그램,피마사르탄칼륨삼수화물/에스암로디핀베실산염2.5수화물,에이치엘비제약(주),False,name_only,True,MFDS nedrug,nedrug.searchDrug,2026-06-12
202300086,듀카엠정30/2.5밀리그램,듀카엠정30/2.5밀리그램,피마사르탄칼륨삼수화물/에스암로디핀베실산염2.5수화물,(주)마더스제약,False,name_only,True,MFDS nedrug,nedrug.searchDrug,2026-06-12
202300127,듀카엠정60/2.5밀리그램,듀카엠정60/2.5밀리그램,피마사르탄칼륨삼수화물/에스암로디핀베실산염2.5수화물,(주)마더스제약,False,name_only,True,MFDS nedrug,nedrug.searchDrug,2026-06-12
202300106,"듀카엠정60/5밀리그램(피마사르탄칼륨,에스암로디핀)","듀카엠정60/5밀리그램(피마사르탄칼륨,에스암로디핀)",피마사르탄칼륨삼수화물/에스암로디핀베실산염2.5수화물,(주)마더스제약,False,name_only,True,MFDS nedrug,nedrug.searchDrug,2026-06-12
202300135,듀카포지정30/2.5밀리그램,듀카포지정30/2.5밀리그램,피마사르탄칼륨삼수화물/에스암로디핀베실산염2.5수화물,환인제약(주),False,name_only,True,MFDS nedrug,nedrug.searchDrug,2026-06-12
199500184,동아페르디핀주사액(니카르디핀염산염),동아페르디핀주사액(니카르디핀염산염),니카르디핀염산염,동아에스티(주),False,name_only,True,MFDS nedrug,nedrug.searchDrug,2026-06-12
201101033,비니카핀주(니카르디핀염산염),비니카핀주(니카르디핀염산염),니카르디핀염산염,(주)비씨월드제약,False,name_only,True,MFDS nedrug,nedrug.searchDrug,2026-06-12
200307976,바스티난엠알서방정(트리메타지딘염산염),바스티난엠알서방정(트리메타지딘염산염),트리메타지딘염산염,한국세르비에(주),False,name_only,True,MFDS nedrug,nedrug.searchDrug,2026-06-12
200808802,바스티난정(트리메타지딘염산염),바스티난정(트리메타지딘염산염),트리메타지딘염산염,한국세르비에(주),False,name_only,True,MFDS nedrug,nedrug.searchDrug,2026-06-12
199501093,삼남염산트리메타지딘정20밀리그람,삼남염산트리메타지딘정20밀리그람,트리메타지딘염산염,삼남제약(주),False,name_only,True,MFDS nedrug,nedrug.searchDrug,2026-06-12
200906066,프로코라란정5밀리그램(이바브라딘염산염),프로코라란정5밀리그램(이바브라딘염산염),이바브라딘염산염,한국세르비에(주),False,name_only,True,MFDS nedrug,nedrug.searchDrug,2026-06-12
200906065,프로코라란정7.5밀리그램(이바브라딘염산염),프로코라란정7.5밀리그램(이바브라딘염산염),이바브라딘염산염,한국세르비에(주),False,name_only,True,MFDS nedrug,nedrug.searchDrug,2026-06-12
201310935,니코란정(니코란딜),니코란정(니코란딜),니코란딜,주식회사제뉴원사이언스,False,name_only,True,MFDS nedrug,nedrug.searchDrug,2026-06-12
198901319,바딜정(니코란딜),바딜정(니코란딜),니코란딜,한국유나이티드제약(주),False,name_only,True,MFDS nedrug,nedrug.searchDrug,2026-06-12
198500125,시그마트정5밀리그램(니코란딜),시그마트정5밀리그램(니코란딜),니코란딜,제이더블유중외제약(주),False,name_only,True,MFDS nedrug,nedrug.searchDrug,2026-06-12
200008882,시그마트주48밀리그램(니코란딜),시그마트주48밀리그램(니코란딜),니코란딜,제이더블유중외제약(주),False,name_only,True,MFDS nedrug,nedrug.searchDrug,2026-06-12
199501832,몰시톤정2밀리그램(몰시도민),몰시톤정2밀리그램(몰시도민),몰시도민,에리슨제약(주),False,name_only,True,MFDS nedrug,nedrug.searchDrug,2026-06-12
199802244,몰시톤정4밀리그램(몰시도민),몰시톤정4밀리그램(몰시도민),몰시도민,에리슨제약(주),False,name_only,True,MFDS nedrug,nedrug.searchDrug,2026-06-12
198300603,부광이소맥지속성캡슐(이소소르비드이질산염지속과립),부광이소맥지속성캡슐(이소소르비드이질산염지속과립),이소소르비드이질산염지속과립,부광약품(주),False,name_only,True,MFDS nedrug,nedrug.searchDrug,2026-06-12
199700798,앤지비드서방정40mg(묽은이소소르비드이질산염),앤지비드서방정40mg(묽은이소소르비드이질산염),묽은이소소르비드이질산염,코오롱제약(주),False,name_only,True,MFDS nedrug,nedrug.searchDrug,2026-06-12
199002097,엘로톤서방캡슐50밀리그램(이소소르비드일질산염서방과립),엘로톤서방캡슐50밀리그램(이소소르비드일질산염서방과립),이소소르비드일질산염서방과립,현대약품(주),False,name_only,True,MFDS nedrug,nedrug.searchDrug,2026-06-12
198601383,엘로톤정20밀리그램(이소소르비드일질산염),엘로톤정20밀리그램(이소소르비드일질산염),이소소르비드일질산염,현대약품(주),False,name_only,True,MFDS nedrug,nedrug.searchDrug,2026-06-12
198902253,엘로톤정40밀리그램(이소소르비드일질산염),엘로톤정40밀리그램(이소소르비드일질산염),이소소르비드일질산염,현대약품(주),False,name_only,True,MFDS nedrug,nedrug.searchDrug,2026-06-12
202301694,엘탄서방정30밀리그램(묽은이소소르비드일질산염),엘탄서방정30밀리그램(묽은이소소르비드일질산염),묽은이소소르비드일질산염,에리슨제약(주),False,name_only,True,MFDS nedrug,nedrug.searchDrug,2026-06-12
202301088,엘탄서방정60밀리그램(묽은이소소르비드일질산염),엘탄서방정60밀리그램(묽은이소소르비드일질산염),묽은이소소르비드일질산염,에리슨제약(주),False,name_only,True,MFDS nedrug,nedrug.searchDrug,2026-06-12
200801848,이소바이드액(이소소르비드액),이소바이드액(이소소르비드액),이소소르비드액,알보젠코리아(주),False,name_only,True,MFDS nedrug,nedrug.searchDrug,2026-06-12
200308344,이소켓서방캡슐120밀리그램(묽은이소소르비드이질산염),이소켓서방캡슐120밀리그램(묽은이소소르비드이질산염),묽은이소소르비드이질산염,에리슨제약(주),False,name_only,True,MFDS nedrug,nedrug.searchDrug,2026-06-12
202500385,이소트릴지속정30밀리그람(이소소르비드-5-모노니트레이트),이소트릴지속정30밀리그람(이소소르비드-5-모노니트레이트),이소소르비드-5-모노니트레이트90%,코오롱제약(주),False,name_only,True,MFDS nedrug,nedrug.searchDrug,2026-06-12
199700808,이소트릴지속정60밀리그람(이소소르비드-5-모노니트레이트),이소트릴지속정60밀리그람(이소소르비드-5-모노니트레이트),이소소르비드5모노니트레이트90%,코오롱제약(주),False,name_only,True,MFDS nedrug,nedrug.searchDrug,2026-06-12
199500442,임듈지속정60밀리그램(이소소르비드-5-모노니트레이트),임듈지속정60밀리그램(이소소르비드-5-모노니트레이트),이소소르비드5모노니트레이트,(주)유한양행,False,name_only,True,MFDS nedrug,nedrug.searchDrug,2026-06-12
199202070,임프란타연질캡슐100밀리그램(사이클로스포린),임프란타연질캡슐100밀리그램(사이클로스포린),사이클로스포린,한미약품(주),False,name_only,True,MFDS nedrug,nedrug.searchDrug,2026-06-12
199202069,임프란타연질캡슐25밀리그램(사이클로스포린),임프란타연질캡슐25밀리그램(사이클로스포린),사이클로스포린,한미약품(주),False,name_only,True,MFDS nedrug,nedrug.searchDrug,2026-06-12
199900835,나트릭스서방정(인다파미드),나트릭스서방정(인다파미드),인다파미드,영진약품(주),False,name_only,True,MFDS nedrug,nedrug.searchDrug,2026-06-12
199501023,다피드정2.5밀리그램(인다파미드),다피드정2.5밀리그램(인다파미드),인다파미드,진양제약(주),False,name_only,True,MFDS nedrug,nedrug.searchDrug,2026-06-12
202601270,"레보살탄플러스정2.5/80/1.25밀리그램(에스암로디핀,발사르탄,인다파미드)","레보살탄플러스정2.5/80/1.25밀리그램(에스암로디핀,발사르탄,인다파미드)",S-암로디핀베실산염2.5수화물/발사르탄/인다파미드,안국약품(주),False,name_only,True,MFDS nedrug,nedrug.searchDrug,2026-06-12
202601269,"레보살탄플러스정2.5/160/1.25밀리그램(에스암로디핀,발사르탄,인다파미드)","레보살탄플러스정2.5/160/1.25밀리그램(에스암로디핀,발사르탄,인다파미드)",S-암로디핀베실산염2.5수화물/발사르탄/인다파미드,안국약품(주),False,name_only,True,MFDS nedrug,nedrug.searchDrug,2026-06-12
202601268,"레보살탄플러스정2.5/160/2.5밀리그램(에스암로디핀,발사르탄,인다파미드)","레보살탄플러스정2.5/160/2.5밀리그램(에스암로디핀,발사르탄,인다파미드)",S-암로디핀베실산염2.5수화물/발사르탄/인다파미드,안국약품(주),False,name_only,True,MFDS nedrug,nedrug.searchDrug,2026-06-12
202601335,"브이포지플러스정2.5/160/1.25밀리그램(에스암로디핀,발사르탄,인다파미드)","브이포지플러스정2.5/160/1.25밀리그램(에스암로디핀,발사르탄,인다파미드)",S-암로디핀베실산염2.5수화물/발사르탄/인다파미드,대웅바이오(주),False,name_only,True,MFDS nedrug,nedrug.searchDrug,2026-06-12
202601334,"브이포지플러스정2.5/160/2.5밀리그램(에스암로디핀,발사르탄,인다파미드)","브이포지플러스정2.5/160/2.5밀리그램(에스암로디핀,발사르탄,인다파미드)",S-암로디핀베실산염2.5수화물/발사르탄/인다파미드,대웅바이오(주),False,name_only,True,MFDS nedrug,nedrug.searchDrug,2026-06-12
202601333,"브이포지플러스정2.5/80/1.25밀리그램(에스암로디핀,발사르탄,인다파미드)","브이포지플러스정2.5/80/1.25밀리그램(에스암로디핀,발사르탄,인다파미드)",S-암로디핀베실산염2.5수화물/발사르탄/인다파미드,대웅바이오(주),False,name_only,True,MFDS nedrug,nedrug.searchDrug,2026-06-12
202601337,"엑스듀오플러스정2.5/160/2.5밀리그램(에스암로디핀,발사르탄,인다파미드)","엑스듀오플러스정2.5/160/2.5밀리그램(에스암로디핀,발사르탄,인다파미드)",S-암로디핀베실산염2.5수화물/발사르탄/인다파미드,국제약품(주),False,name_only,True,MFDS nedrug,nedrug.searchDrug,2026-06-12
202601338,"엑스듀오플러스정2.5/160/1.25밀리그램(에스암로디핀,발사르탄,인다파미드)","엑스듀오플러스정2.5/160/1.25밀리그램(에스암로디핀,발사르탄,인다파미드)",S-암로디핀베실산염2.5수화물/발사르탄/인다파미드,국제약품(주),False,name_only,True,MFDS nedrug,nedrug.searchDrug,2026-06-12
202601336,"엑스듀오플러스정2.5/80/1.25밀리그램(에스암로디핀,발사르탄,인다파미드)","엑스듀오플러스정2.5/80/1.25밀리그램(에스암로디핀,발사르탄,인다파미드)",S-암로디핀베실산염2.5수화물/발사르탄/인다파미드,국제약품(주),False,name_only,True,MFDS nedrug,nedrug.searchDrug,2026-06-12
202601281,"카포트리정2.5/160/2.5밀리그램(에스암로디핀, 발사르탄, 인다파미드)","카포트리정2.5/160/2.5밀리그램(에스암로디핀, 발사르탄, 인다파미드)",S-암로디핀베실산염2.5수화물/발사르탄/인다파미드,대화제약(주),False,name_only,True,MFDS nedrug,nedrug.searchDrug,2026-06-12
202601282,"카포트리정2.5/160/1.25밀리그램(에스암로디핀, 발사르탄, 인다파미드)","카포트리정2.5/160/1.25밀리그램(에스암로디핀, 발사르탄, 인다파미드)",S-암로디핀베실산염2.5수화물/발사르탄/인다파미드,대화제약(주),False,name_only,True,MFDS nedrug,nedrug.searchDrug,2026-06-12
202601280,"카포트리정2.5/80/1.25밀리그램(에스암로디핀, 발사르탄, 인다파미드)","카포트리정2.5/80/1.25밀리그램(에스암로디핀, 발사르탄, 인다파미드)",S-암로디핀베실산염2.5수화물/발사르탄/인다파미드,대화제약(주),False,name_only,True,MFDS nedrug,nedrug.searchDrug,2026-06-12
200805114,후루덱스서방정(인다파미드),후루덱스서방정(인다파미드),인다파미드,한국세르비에(주),False,name_only,True,MFDS nedrug,nedrug.searchDrug,2026-06-12
202502785,"로디엔셋정40/2.5/12.5밀리그램(텔미사르탄, 에스암로디핀니코틴산염, 클로르탈리돈)","로디엔셋정40/2.5/12.5밀리그램(텔미사르탄, 에스암로디핀니코틴산염, 클로르탈리돈)",텔미사르탄/에스암로디핀니코틴산염/클로르탈리돈,한림제약(주),False,name_only,True,MFDS nedrug,nedrug.searchDrug,2026-06-12
202502783,"로디엔셋정80/2.5/25밀리그램(텔미사르탄, 에스암로디핀니코틴산염, 클로르탈리돈)","로디엔셋정80/2.5/25밀리그램(텔미사르탄, 에스암로디핀니코틴산염, 클로르탈리돈)",텔미사르탄/에스암로디핀니코틴산염/클로르탈리돈,한림제약(주),False,name_only,True,MFDS nedrug,nedrug.searchDrug,2026-06-12
202502784,"로디엔셋정80/2.5/12.5밀리그램(텔미사르탄, 에스암로디핀니코틴산염, 클로르탈리돈)","로디엔셋정80/2.5/12.5밀리그램(텔미사르탄, 에스암로디핀니코틴산염, 클로르탈리돈)",텔미사르탄/에스암로디핀니코틴산염/클로르탈리돈,한림제약(주),False,name_only,True,MFDS nedrug,nedrug.searchDrug,2026-06-12
202600660,"미카클로정40/12.5밀리그램(텔미사르탄, 클로르탈리돈)","미카클로정40/12.5밀리그램(텔미사르탄, 클로르탈리돈)",텔미사르탄/클로르탈리돈,(주)유한양행,False,name_only,True,MFDS nedrug,nedrug.searchDrug,2026-06-12
202600659,"미카클로정40/6.25밀리그램(텔미사르탄, 클로르탈리돈)","미카클로정40/6.25밀리그램(텔미사르탄, 클로르탈리돈)",텔미사르탄/클로르탈리돈,(주)유한양행,False,name_only,True,MFDS nedrug,nedrug.searchDrug,2026-06-12
202502995,"바로셋정10/160/12.5밀리그램(암로디핀베실산염,발사르탄,클로르탈리돈)","바로셋정10/160/12.5밀리그램(암로디핀베실산염,발사르탄,클로르탈리돈)",암로디핀베실산염/발사르탄/클로르탈리돈,동광제약(주),False,name_only,True,MFDS nedrug,nedrug.searchDrug,2026-06-12
202502996,"바로셋정10/160/25밀리그램(암로디핀베실산염,발사르탄,클로르탈리돈)","바로셋정10/160/25밀리그램(암로디핀베실산염,발사르탄,클로르탈리돈)",암로디핀베실산염/발사르탄/클로르탈리돈,동광제약(주),False,name_only,True,MFDS nedrug,nedrug.searchDrug,2026-06-12
202502994,"바로셋정5/160/12.5밀리그램(암로디핀베실산염,발사르탄,클로르탈리돈)","바로셋정5/160/12.5밀리그램(암로디핀베실산염,발사르탄,클로르탈리돈)",암로디핀베실산염/발사르탄/클로르탈리돈,동광제약(주),False,name_only,True,MFDS nedrug,nedrug.searchDrug,2026-06-12
202502993,"바로셋정5/80/12.5밀리그램(암로디핀베실산염,발사르탄,클로르탈리돈)","바로셋정5/80/12.5밀리그램(암로디핀베실산염,발사르탄,클로르탈리돈)",암로디핀베실산염/발사르탄/클로르탈리돈,동광제약(주),False,name_only,True,MFDS nedrug,nedrug.searchDrug,2026-06-12
202502893,"발디핀플러스정10/160/12.5밀리그램(암로디핀,발사르탄,클로르탈리돈)","발디핀플러스정10/160/12.5밀리그램(암로디핀,발사르탄,클로르탈리돈)",암로디핀베실산염/발사르탄/클로르탈리돈,경동제약(주),False,name_only,True,MFDS nedrug,nedrug.searchDrug,2026-06-12
202502892,"발디핀플러스정10/160/25밀리그램(암로디핀,발사르탄,클로르탈리돈)","발디핀플러스정10/160/25밀리그램(암로디핀,발사르탄,클로르탈리돈)",암로디핀베실산염/발사르탄/클로르탈리돈,경동제약(주),False,name_only,True,MFDS nedrug,nedrug.searchDrug,2026-06-12
202502891,"발디핀플러스정5/160/12.5밀리그램(암로디핀,발사르탄,클로르탈리돈)","발디핀플러스정5/160/12.5밀리그램(암로디핀,발사르탄,클로르탈리돈)",암로디핀베실산염/발사르탄/클로르탈리돈,경동제약(주),False,name_only,True,MFDS nedrug,nedrug.searchDrug,2026-06-12
202502890,"발디핀플러스정5/80/12.5밀리그램(암로디핀,발사르탄,클로르탈리돈)","발디핀플러스정5/80/12.5밀리그램(암로디핀,발사르탄,클로르탈리돈)",암로디핀베실산염/발사르탄/클로르탈리돈,경동제약(주),False,name_only,True,MFDS nedrug,nedrug.searchDrug,2026-06-12
202503164,"셀미트리정40/5/12.5밀리그램(텔미사르탄,암로디핀,클로르탈리돈)","셀미트리정40/5/12.5밀리그램(텔미사르탄,암로디핀,클로르탈리돈)",텔미사르탄/클로르탈리돈/암로디핀베실산염,(주)셀트리온제약,False,name_only,True,MFDS nedrug,nedrug.searchDrug,2026-06-12
202503162,"셀미트리정80/5/25밀리그램(텔미사르탄,암로디핀,클로르탈리돈)","셀미트리정80/5/25밀리그램(텔미사르탄,암로디핀,클로르탈리돈)",텔미사르탄/클로르탈리돈/암로디핀베실산염,(주)셀트리온제약,False,name_only,True,MFDS nedrug,nedrug.searchDrug,2026-06-12
202503163,"셀미트리정80/5/12.5밀리그램(텔미사르탄,암로디핀,클로르탈리돈)","셀미트리정80/5/12.5밀리그램(텔미사르탄,암로디핀,클로르탈리돈)",텔미사르탄/클로르탈리돈/암로디핀베실산염,(주)셀트리온제약,False,name_only,True,MFDS nedrug,nedrug.searchDrug,2026-06-12
201705043,"아모잘탄플러스정5/100/12.5밀리그램(암로디핀,로사르탄,클로르탈리돈)","아모잘탄플러스정5/100/12.5밀리그램(암로디핀,로사르탄,클로르탈리돈)",암로디핀캄실산염/클로르탈리돈/로사르탄칼륨,한미약품(주),False,name_only,True,MFDS nedrug,nedrug.searchDrug,2026-06-12
201705042,"아모잘탄플러스정5/100/25밀리그램(암로디핀,로사르탄,클로르탈리돈)","아모잘탄플러스정5/100/25밀리그램(암로디핀,로사르탄,클로르탈리돈)",암로디핀캄실산염/클로르탈리돈/로사르탄칼륨,한미약품(주),False,name_only,True,MFDS nedrug,nedrug.searchDrug,2026-06-12
201705044,"아모잘탄플러스정5/50/12.5밀리그램(암로디핀,로사르탄,클로르탈리돈)","아모잘탄플러스정5/50/12.5밀리그램(암로디핀,로사르탄,클로르탈리돈)",암로디핀캄실산염/클로르탈리돈/로사르탄칼륨,한미약품(주),False,name_only,True,MFDS nedrug,nedrug.searchDrug,2026-06-12
202501344,"아모프렐정1.67/16.67/4.17밀리그램(암로디핀,로사르탄,클로르탈리돈)","아모프렐정1.67/16.67/4.17밀리그램(암로디핀,로사르탄,클로르탈리돈)",암로디핀베실산염/클로르탈리돈/로사르탄칼륨,한미약품(주),False,name_only,True,MFDS nedrug,nedrug.searchDrug,2026-06-12
202502989,엑스원플러스정10/160/12.5밀리그램(암로디핀/발사르탄/클로르탈리돈),엑스원플러스정10/160/12.5밀리그램(암로디핀/발사르탄/클로르탈리돈),암로디핀베실산염/발사르탄/클로르탈리돈,에이치케이이노엔(주),False,name_only,True,MFDS nedrug,nedrug.searchDrug,2026-06-12
202502990,엑스원플러스정10/160/25밀리그램(암로디핀/발사르탄/클로르탈리돈),엑스원플러스정10/160/25밀리그램(암로디핀/발사르탄/클로르탈리돈),암로디핀베실산염/발사르탄/클로르탈리돈,에이치케이이노엔(주),False,name_only,True,MFDS nedrug,nedrug.searchDrug,2026-06-12
202502991,엑스원플러스정5/160/12.5밀리그램(암로디핀/발사르탄/클로르탈리돈),엑스원플러스정5/160/12.5밀리그램(암로디핀/발사르탄/클로르탈리돈),암로디핀베실산염/발사르탄/클로르탈리돈,에이치케이이노엔(주),False,name_only,True,MFDS nedrug,nedrug.searchDrug,2026-06-12
202502992,엑스원플러스정5/80/12.5밀리그램(암로디핀/발사르탄/클로르탈리돈),엑스원플러스정5/80/12.5밀리그램(암로디핀/발사르탄/클로르탈리돈),암로디핀베실산염/발사르탄/클로르탈리돈,에이치케이이노엔(주),False,name_only,True,MFDS nedrug,nedrug.searchDrug,2026-06-12
202500118,클로베네정25밀리그램(클로르탈리돈),클로베네정25밀리그램(클로르탈리돈),클로르탈리돈,(주)다림바이오텍,False,name_only,True,MFDS nedrug,nedrug.searchDrug,2026-06-12
202202296,"클로잘탄정100/12.5밀리그램(로사르탄,클로르탈리돈)","클로잘탄정100/12.5밀리그램(로사르탄,클로르탈리돈)",클로르탈리돈/로사르탄칼륨,한미약품(주),False,name_only,True,MFDS nedrug,nedrug.searchDrug,2026-06-12
202202297,"클로잘탄정50/12.5밀리그램(로사르탄,클로르탈리돈)","클로잘탄정50/12.5밀리그램(로사르탄,클로르탈리돈)",클로르탈리돈/로사르탄칼륨,한미약품(주),False,name_only,True,MFDS nedrug,nedrug.searchDrug,2026-06-12
202301412,"클로잘탄정50/6.25밀리그램(로사르탄,클로르탈리돈)","클로잘탄정50/6.25밀리그램(로사르탄,클로르탈리돈)",클로르탈리돈/로사르탄칼륨,한미약품(주),False,name_only,True,MFDS nedrug,nedrug.searchDrug,2026-06-12
202600187,"텔로셋정40/5/12.5밀리그램(텔미사르탄, 암로디핀베실산염, 클로르탈리돈)","텔로셋정40/5/12.5밀리그램(텔미사르탄, 암로디핀베실산염, 클로르탈리돈)",텔미사르탄/암로디핀베실산염/클로르탈리돈,동광제약(주),False,name_only,True,MFDS nedrug,nedrug.searchDrug,2026-06-12
202600186,"텔로셋정80/5/12.5밀리그램(텔미사르탄, 암로디핀베실산염, 클로르탈리돈)","텔로셋정80/5/12.5밀리그램(텔미사르탄, 암로디핀베실산염, 클로르탈리돈)",텔미사르탄/암로디핀베실산염/클로르탈리돈,동광제약(주),False,name_only,True,MFDS nedrug,nedrug.searchDrug,2026-06-12
198900123,베자립서방정(베자피브레이트),베자립서방정(베자피브레이트),베자피브레이트,(주)종근당,False,name_only,True,MFDS nedrug,nedrug.searchDrug,2026-06-12
198100015,베자립정(베자피브레이트),베자립정(베자피브레이트),베자피브레이트,(주)종근당,False,name_only,True,MFDS nedrug,nedrug.searchDrug,2026-06-12
200806455,글리보스정0.3밀리그램(보글리보스),글리보스정0.3밀리그램(보글리보스),보글리보스,동국제약(주),False,name_only,True,MFDS nedrug,nedrug.searchDrug,2026-06-12
200500230,다이보스정(보글리보스),다이보스정(보글리보스),보글리보스,이연제약(주),False,name_only,True,MFDS nedrug,nedrug.searchDrug,2026-06-12
200500545,대웅보글리보스정0.3밀리그램(보글리보스),대웅보글리보스정0.3밀리그램(보글리보스),보글리보스,(주)대웅제약,False,name_only,True,MFDS nedrug,nedrug.searchDrug,2026-06-12
200500400,베글리스정(보글리보스),베글리스정(보글리보스),보글리보스,국제약품(주),False,name_only,True,MFDS nedrug,nedrug.searchDrug,2026-06-12
200708426,베이보스정(보글리보스),베이보스정(보글리보스),보글리보스,(주)킵스바이오파마,False,name_only,True,MFDS nedrug,nedrug.searchDrug,2026-06-12
199501072,베이슨정0.2밀리그램(보글리보스),베이슨정0.2밀리그램(보글리보스),보글리보스,에이치케이이노엔(주),False,name_only,True,MFDS nedrug,nedrug.searchDrug,2026-06-12
199501073,베이슨정0.3밀리그램(보글리보스),베이슨정0.3밀리그램(보글리보스),보글리보스,에이치케이이노엔(주),False,name_only,True,MFDS nedrug,nedrug.searchDrug,2026-06-12
201603248,보글스타정(보글리보스),보글스타정(보글리보스),보글리보스,한국신텍스제약(주),False,name_only,True,MFDS nedrug,nedrug.searchDrug,2026-06-12
200706569,삼천당보글리보스정0.3밀리그램,삼천당보글리보스정0.3밀리그램,보글리보스,삼천당제약(주),False,name_only,True,MFDS nedrug,nedrug.searchDrug,2026-06-12
202303030,네시나정12.5밀리그램(알로글립틴벤조산염),네시나정12.5밀리그램(알로글립틴벤조산염),알로글립틴벤조산염,(주)셀트리온제약,False,name_only,True,MFDS nedrug,nedrug.searchDrug,2026-06-12
202303031,네시나정25밀리그램(알로글립틴벤조산염),네시나정25밀리그램(알로글립틴벤조산염),알로글립틴벤조산염,(주)셀트리온제약,False,name_only,True,MFDS nedrug,nedrug.searchDrug,2026-06-12
201205933,제미글로정50밀리그램(제미글립틴타르타르산염1.5수화물),제미글로정50밀리그램(제미글립틴타르타르산염1.5수화물),제미글립틴타르타르산염1.5수화물,(주)엘지화학,False,name_only,True,MFDS nedrug,nedrug.searchDrug,2026-06-12
202202588,제미다파정,제미다파정,제미글립틴타르타르산염1.5수화물/다파글리플로진,(주)엘지화학,False,name_only,True,MFDS nedrug,nedrug.searchDrug,2026-06-12
201706395,제미로우정50/10밀리그램,제미로우정50/10밀리그램,제미글립틴타르타르산염1.5수화물/로수바스타틴칼슘(미분화),(주)엘지화학,False,name_only,True,MFDS nedrug,nedrug.searchDrug,2026-06-12
201706397,제미로우정50/20밀리그램,제미로우정50/20밀리그램,제미글립틴타르타르산염1.5수화물/로수바스타틴칼슘(미분화),(주)엘지화학,False,name_only,True,MFDS nedrug,nedrug.searchDrug,2026-06-12
201706396,제미로우정50/5밀리그램,제미로우정50/5밀리그램,제미글립틴타르타르산염1.5수화물/로수바스타틴칼슘(미분화),(주)엘지화학,False,name_only,True,MFDS nedrug,nedrug.searchDrug,2026-06-12
202100781,다낼리아정20밀리그램(테네리글립틴염산염수화물),다낼리아정20밀리그램(테네리글립틴염산염수화물),테네리글립틴염산염수화물,한국휴텍스제약(주),False,name_only,True,MFDS nedrug,nedrug.searchDrug,2026-06-12
202100997,디포테리정20밀리그램(테네리글립틴염산염수화물),디포테리정20밀리그램(테네리글립틴염산염수화물),테네리글립틴염산염수화물,이연제약(주),False,name_only,True,MFDS nedrug,nedrug.searchDrug,2026-06-12
202200546,에이테넬정20밀리그램(테네리글립틴염산염수화물),에이테넬정20밀리그램(테네리글립틴염산염수화물),테네리글립틴염산염수화물,안국약품(주),False,name_only,True,MFDS nedrug,nedrug.searchDrug,2026-06-12
202101090,유테네정20밀리그램(테네리글립틴염산염수화물),유테네정20밀리그램(테네리글립틴염산염수화물),테네리글립틴염산염수화물,(주)유영제약,False,name_only,True,MFDS nedrug,nedrug.searchDrug,2026-06-12
202100976,테글리정20밀리그램(테네리글립틴염산염수화물),테글리정20밀리그램(테네리글립틴염산염수화물),테네리글립틴염산염수화물,신일제약(주),False,name_only,True,MFDS nedrug,nedrug.searchDrug,2026-06-12
202107033,테네그린정(테네리글립틴염산염수화물),테네그린정(테네리글립틴염산염수화물),테네리글립틴염산염수화물,진양제약(주),False,name_only,True,MFDS nedrug,nedrug.searchDrug,2026-06-12
202202517,테네글로정20밀리그램(테네리글립틴염산염수화물),테네글로정20밀리그램(테네리글립틴염산염수화물),테네리글립틴염산염수화물,(주)일화,False,name_only,True,MFDS nedrug,nedrug.searchDrug,2026-06-12
202102858,테네글리정20밀리그램(테네리글립틴이토실산염이수화물),테네글리정20밀리그램(테네리글립틴이토실산염이수화물),테네리글립틴이토실산염이수화물,주식회사제뉴원사이언스,False,name_only,True,MFDS nedrug,nedrug.searchDrug,2026-06-12
202007625,테네글리틴정20밀리그램(테네리글립틴염산염수화물),테네글리틴정20밀리그램(테네리글립틴염산염수화물),테네리글립틴염산염수화물,(주)한국파비스제약,False,name_only,True,MFDS nedrug,nedrug.searchDrug,2026-06-12
202007621,테네글립정20밀리그램(테네리글립틴염산염수화물),테네글립정20밀리그램(테네리글립틴염산염수화물),테네리글립틴염산염수화물,(주)마더스제약,False,name_only,True,MFDS nedrug,nedrug.searchDrug,2026-06-12
202101028,테네글정20밀리그램(테네리글립틴염산염수화물),테네글정20밀리그램(테네리글립틴염산염수화물),테네리글립틴염산염수화물,(주)한풍제약,False,name_only,True,MFDS nedrug,nedrug.searchDrug,2026-06-12
202007624,테네로정20밀리그램(테네리글립틴염산염수화물),테네로정20밀리그램(테네리글립틴염산염수화물),테네리글립틴염산염수화물,한림제약(주),False,name_only,True,MFDS nedrug,nedrug.searchDrug,2026-06-12
202102860,테네로틴정20밀리그램(테네리글립틴이토실산염이수화물),테네로틴정20밀리그램(테네리글립틴이토실산염이수화물),테네리글립틴이토실산염이수화물,케이엠에스제약(주),False,name_only,True,MFDS nedrug,nedrug.searchDrug,2026-06-12
202106511,테네론정20밀리그램(테네리글립틴염산염수화물),테네론정20밀리그램(테네리글립틴염산염수화물),테네리글립틴염산염수화물,한국프라임제약(주),False,name_only,True,MFDS nedrug,nedrug.searchDrug,2026-06-12
202102864,테네리칸정20밀리그램(테네리글립틴이토실산염이수화물),테네리칸정20밀리그램(테네리글립틴이토실산염이수화물),테네리글립틴이토실산염이수화물,동국제약(주),False,name_only,True,MFDS nedrug,nedrug.searchDrug,2026-06-12
202006180,테네리틴정20밀리그램(테네리글립틴염산염수화물),테네리틴정20밀리그램(테네리글립틴염산염수화물),테네리글립틴염산염수화물,경동제약(주),False,name_only,True,MFDS nedrug,nedrug.searchDrug,2026-06-12
202101085,테네린정20밀리그램(테네리글립틴염산염수화물),테네린정20밀리그램(테네리글립틴염산염수화물),테네리글립틴염산염수화물,(주)넥스팜코리아,False,name_only,True,MFDS nedrug,nedrug.searchDrug,2026-06-12
202101121,테네립틴정20밀리그램(테네리글립틴염산염수화물),테네립틴정20밀리그램(테네리글립틴염산염수화물),테네리글립틴염산염수화물,에이치엘비제약(주),False,name_only,True,MFDS nedrug,nedrug.searchDrug,2026-06-12
201507014,슈가논정5밀리그램(에보글립틴타르타르산염),슈가논정5밀리그램(에보글립틴타르타르산염),에보글립틴타르타르산염,동아에스티(주),False,name_only,True,MFDS nedrug,nedrug.searchDrug,2026-06-12
202300827,슈가다파정,슈가다파정,다파글리플로진프로판디올수화물/에보글립틴타르타르산염,동아에스티(주),False,name_only,True,MFDS nedrug,nedrug.searchDrug,2026-06-12
202102182,가브빌다정50밀리그램(빌다글립틴),가브빌다정50밀리그램(빌다글립틴),빌다글립틴,(주)화이트생명과학,False,name_only,True,MFDS nedrug,nedrug.searchDrug,2026-06-12
200713803,가브스정50밀리그램(빌다글립틴),가브스정50밀리그램(빌다글립틴),빌다글립틴(미분화),한국노바티스(주),False,name_only,True,MFDS nedrug,nedrug.searchDrug,2026-06-12
202200347,가블리정(빌다글립틴),가블리정(빌다글립틴),빌다글립틴,신풍제약(주),False,name_only,True,MFDS nedrug,nedrug.searchDrug,2026-06-12
202103149,동구빌다글립틴정50밀리그램,동구빌다글립틴정50밀리그램,빌다글립틴,(주)동구바이오제약,False,name_only,True,MFDS nedrug,nedrug.searchDrug,2026-06-12
202200365,빌가드정50밀리그램(빌다글립틴),빌가드정50밀리그램(빌다글립틴),빌다글립틴,삼진제약(주),False,name_only,True,MFDS nedrug,nedrug.searchDrug,2026-06-12
202102255,빌다글립엠정50밀리그램(빌다글립틴),빌다글립엠정50밀리그램(빌다글립틴),빌다글립틴,(주)마더스제약,False,name_only,True,MFDS nedrug,nedrug.searchDrug,2026-06-12
202101225,빌다글정50밀리그램(빌다글립틴염산염),빌다글정50밀리그램(빌다글립틴염산염),빌다글립틴염산염,한미약품(주),False,name_only,True,MFDS nedrug,nedrug.searchDrug,2026-06-12
202102288,빌다브스정50밀리그램(빌다글립틴),빌다브스정50밀리그램(빌다글립틴),빌다글립틴,대웅바이오(주),False,name_only,True,MFDS nedrug,nedrug.searchDrug,2026-06-12
202106501,빌다정50밀리그램(빌다글립틴질산염),빌다정50밀리그램(빌다글립틴질산염),빌다글립틴질산염,(주)경보제약,False,name_only,True,MFDS nedrug,nedrug.searchDrug,2026-06-12
201908042,빌다틴정50밀리그램(빌다글립틴),빌다틴정50밀리그램(빌다글립틴),빌다글립틴,안국뉴팜(주),False,name_only,True,MFDS nedrug,nedrug.searchDrug,2026-06-12
202101878,빌다포트정50밀리그램(빌다글립틴),빌다포트정50밀리그램(빌다글립틴),빌다글립틴,주식회사제뉴원사이언스,False,name_only,True,MFDS nedrug,nedrug.searchDrug,2026-06-12
202200077,빌브스정50밀리그램(빌다글립틴),빌브스정50밀리그램(빌다글립틴),빌다글립틴,건일바이오팜주식회사,False,name_only,True,MFDS nedrug,nedrug.searchDrug,2026-06-12
202102037,빌탁스정50밀리그램(빌다글립틴),빌탁스정50밀리그램(빌다글립틴),빌다글립틴,(주)라이트팜텍,False,name_only,True,MFDS nedrug,nedrug.searchDrug,2026-06-12
201908043,에이브스정50밀리그램(빌다글립틴),에이브스정50밀리그램(빌다글립틴),빌다글립틴,안국약품(주),False,name_only,True,MFDS nedrug,nedrug.searchDrug,2026-06-12
202200087,엠빌다글립틴정50밀리그램(빌다글립틴),엠빌다글립틴정50밀리그램(빌다글립틴),빌다글립틴,맥널티제약(주),False,name_only,True,MFDS nedrug,nedrug.searchDrug,2026-06-12
202200168,힐러스정(빌다글립틴),힐러스정(빌다글립틴),빌다글립틴,한국유나이티드제약(주),False,name_only,True,MFDS nedrug,nedrug.searchDrug,2026-06-12
201100374,온글라이자정2.5밀리그램(삭사글립틴수화물),온글라이자정2.5밀리그램(삭사글립틴수화물),삭사글립틴수화물,한국아스트라제네카(주),False,name_only,True,MFDS nedrug,nedrug.searchDrug,2026-06-12
201100373,온글라이자정5밀리그램(삭사글립틴수화물),온글라이자정5밀리그램(삭사글립틴수화물),삭사글립틴수화물,한국아스트라제네카(주),False,name_only,True,MFDS nedrug,nedrug.searchDrug,2026-06-12
201701576,큐턴정5/10밀리그램,큐턴정5/10밀리그램,다파글리플로진프로판디올수화물/삭사글립틴수화물,한국아스트라제네카(주),False,name_only,True,MFDS nedrug,nedrug.searchDrug,2026-06-12
199907081,노보넘정1.0밀리그람(레파글리니드),노보넘정1.0밀리그람(레파글리니드),레파글리니드,노보노디스크제약(주),False,name_only,True,MFDS nedrug,nedrug.searchDrug,2026-06-12
199907080,노보넘정2.0밀리그람(레파글리니드),노보넘정2.0밀리그람(레파글리니드),레파글리니드,노보노디스크제약(주),False,name_only,True,MFDS nedrug,nedrug.searchDrug,2026-06-12
201112299,레파넘정0.5밀리그램(레파글리니드),레파넘정0.5밀리그램(레파글리니드),레파글리니드,(주)다림바이오텍,False,name_only,True,MFDS nedrug,nedrug.searchDrug,2026-06-12
201103607,레파넘정1밀리그램(레파글리니드),레파넘정1밀리그램(레파글리니드),레파글리니드,(주)다림바이오텍,False,name_only,True,MFDS nedrug,nedrug.searchDrug,2026-06-12
201102762,레파넘정2밀리그람(레파글리니드),레파넘정2밀리그람(레파글리니드),레파글리니드,(주)다림바이오텍,False,name_only,True,MFDS nedrug,nedrug.searchDrug,2026-06-12
197000068,다오닐정(글리벤클라미드),다오닐정(글리벤클라미드),글리벤클라미드,(주)한독,False,name_only,True,MFDS nedrug,nedrug.searchDrug,2026-06-12
197700114,다이그린정(글리피지드),다이그린정(글리피지드),글리피지드,(주)유한양행,False,name_only,True,MFDS nedrug,nedrug.searchDrug,2026-06-12
202106231,메티졸정2.5밀리그램(메티마졸),메티졸정2.5밀리그램(메티마졸),메티마졸,(주)다림바이오텍,False,name_only,True,MFDS nedrug,nedrug.searchDrug,2026-06-12
202106230,메티졸정5밀리그램(메티마졸),메티졸정5밀리그램(메티마졸),메티마졸,(주)다림바이오텍,False,name_only,True,MFDS nedrug,nedrug.searchDrug,2026-06-12
202100592,부광메티마졸정2.5밀리그램,부광메티마졸정2.5밀리그램,메티마졸,부광약품(주),False,name_only,True,MFDS nedrug,nedrug.searchDrug,2026-06-12
197800303,부광메티마졸정5밀리그램,부광메티마졸정5밀리그램,메티마졸,부광약품(주),False,name_only,True,MFDS nedrug,nedrug.searchDrug,2026-06-12
197800305,안티로이드정(프로필티오우라실),안티로이드정(프로필티오우라실),프로필티오우라실,부광약품(주),False,name_only,True,MFDS nedrug,nedrug.searchDrug,2026-06-12
200810688,놀텍정10밀리그램(일라프라졸),놀텍정10밀리그램(일라프라졸),일라프라졸,일양약품(주),False,name_only,True,MFDS nedrug,nedrug.searchDrug,2026-06-12
202500485,"놀텍플러스정20/500밀리그램(일라프라졸,탄산수소나트륨)","놀텍플러스정20/500밀리그램(일라프라졸,탄산수소나트륨)",일라프라졸/탄산수소나트륨,일양약품(주),False,name_only,True,MFDS nedrug,nedrug.searchDrug,2026-06-12
202503032,네오테고정25밀리그램(테고프라잔),네오테고정25밀리그램(테고프라잔),테고프라잔,(주)녹십자,False,name_only,True,MFDS nedrug,nedrug.searchDrug,2026-06-12
202503031,네오테고정50밀리그램(테고프라잔),네오테고정50밀리그램(테고프라잔),테고프라잔,(주)녹십자,False,name_only,True,MFDS nedrug,nedrug.searchDrug,2026-06-12
202601045,라이트프라잔정25밀리그램(테고프라잔),라이트프라잔정25밀리그램(테고프라잔),테고프라잔,(주)라이트팜텍,False,name_only,True,MFDS nedrug,nedrug.searchDrug,2026-06-12
202601046,라이트프라잔정50밀리그램(테고프라잔),라이트프라잔정50밀리그램(테고프라잔),테고프라잔,(주)라이트팜텍,False,name_only,True,MFDS nedrug,nedrug.searchDrug,2026-06-12
202600882,메딕스테고프라잔정(테고프라잔),메딕스테고프라잔정(테고프라잔),테고프라잔,메딕스제약(주),False,name_only,True,MFDS nedrug,nedrug.searchDrug,2026-06-12
202601070,비바캡정25밀리그램(테고프라잔),비바캡정25밀리그램(테고프라잔),테고프라잔,(주)비보존제약,False,name_only,True,MFDS nedrug,nedrug.searchDrug,2026-06-12
202601069,비바캡정50밀리그램(테고프라잔),비바캡정50밀리그램(테고프라잔),테고프라잔,(주)비보존제약,False,name_only,True,MFDS nedrug,nedrug.searchDrug,2026-06-12
202601298,삼성테고프라잔정25밀리그램,삼성테고프라잔정25밀리그램,테고프라잔,삼성제약(주),False,name_only,True,MFDS nedrug,nedrug.searchDrug,2026-06-12
202601297,삼성테고프라잔정50밀리그램,삼성테고프라잔정50밀리그램,테고프라잔,삼성제약(주),False,name_only,True,MFDS nedrug,nedrug.searchDrug,2026-06-12
202501770,위더캡정50밀리그램(테고프라잔고체분산체),위더캡정50밀리그램(테고프라잔고체분산체),테고프라잔고체분산체,위더스제약(주),False,name_only,True,MFDS nedrug,nedrug.searchDrug,2026-06-12
202601124,위테고정25밀리그램(테고프라잔),위테고정25밀리그램(테고프라잔),테고프라잔,삼진제약(주),False,name_only,True,MFDS nedrug,nedrug.searchDrug,2026-06-12
202601125,위테고정50밀리그램(테고프라잔),위테고정50밀리그램(테고프라잔),테고프라잔,삼진제약(주),False,name_only,True,MFDS nedrug,nedrug.searchDrug,2026-06-12
202503026,제이캡정25밀리그램(테고프라잔),제이캡정25밀리그램(테고프라잔),테고프라잔,주식회사제뉴원사이언스,False,name_only,True,MFDS nedrug,nedrug.searchDrug,2026-06-12
202503027,제이캡정50밀리그램(테고프라잔),제이캡정50밀리그램(테고프라잔),테고프라잔,주식회사제뉴원사이언스,False,name_only,True,MFDS nedrug,nedrug.searchDrug,2026-06-12
202601291,케이이일정25밀리그램(테고프라잔),케이이일정25밀리그램(테고프라잔),테고프라잔,동화약품(주),False,name_only,True,MFDS nedrug,nedrug.searchDrug,2026-06-12
202601289,케이이일정50밀리그램(테고프라잔),케이이일정50밀리그램(테고프라잔),테고프라잔,동화약품(주),False,name_only,True,MFDS nedrug,nedrug.searchDrug,2026-06-12
202300722,케이캡구강붕해정25밀리그램(테고프라잔),케이캡구강붕해정25밀리그램(테고프라잔),테고프라잔,에이치케이이노엔(주),False,name_only,True,MFDS nedrug,nedrug.searchDrug,2026-06-12
202200635,케이캡구강붕해정50밀리그램(테고프라잔),케이캡구강붕해정50밀리그램(테고프라잔),테고프라잔,에이치케이이노엔(주),False,name_only,True,MFDS nedrug,nedrug.searchDrug,2026-06-12
202203018,케이캡정25밀리그램(테고프라잔),케이캡정25밀리그램(테고프라잔),테고프라잔,에이치케이이노엔(주),False,name_only,True,MFDS nedrug,nedrug.searchDrug,2026-06-12
201802815,케이캡정50밀리그램(테고프라잔),케이캡정50밀리그램(테고프라잔),테고프라잔,에이치케이이노엔(주),False,name_only,True,MFDS nedrug,nedrug.searchDrug,2026-06-12
202502530,케이테라잔정50밀리그램(테고프라잔),케이테라잔정50밀리그램(테고프라잔),테고프라잔,고려제약(주),False,name_only,True,MFDS nedrug,nedrug.searchDrug,2026-06-12
202601067,케이프라정25밀리그램(테고프라잔),케이프라정25밀리그램(테고프라잔),테고프라잔,진양제약(주),False,name_only,True,MFDS nedrug,nedrug.searchDrug,2026-06-12
202601068,케이프라정50밀리그램(테고프라잔),케이프라정50밀리그램(테고프라잔),테고프라잔,진양제약(주),False,name_only,True,MFDS nedrug,nedrug.searchDrug,2026-06-12
202503035,테고이드정25밀리그램(테고프라잔),테고이드정25밀리그램(테고프라잔),테고프라잔,일동제약(주),False,name_only,True,MFDS nedrug,nedrug.searchDrug,2026-06-12
202503034,테고이드정50밀리그램(테고프라잔),테고이드정50밀리그램(테고프라잔),테고프라잔,일동제약(주),False,name_only,True,MFDS nedrug,nedrug.searchDrug,2026-06-12
202500755,테고잔정25밀리그램(테고프라잔),테고잔정25밀리그램(테고프라잔),테고프라잔,경동제약(주),False,name_only,True,MFDS nedrug,nedrug.searchDrug,2026-06-12
202500754,테고잔정50밀리그램(테고프라잔),테고잔정50밀리그램(테고프라잔),테고프라잔,경동제약(주),False,name_only,True,MFDS nedrug,nedrug.searchDrug,2026-06-12
202502751,테고캡정25밀리그램(테고프라잔),테고캡정25밀리그램(테고프라잔),테고프라잔,한국휴텍스제약(주),False,name_only,True,MFDS nedrug,nedrug.searchDrug,2026-06-12
202502750,테고캡정50밀리그램(테고프라잔),테고캡정50밀리그램(테고프라잔),테고프라잔,한국휴텍스제약(주),False,name_only,True,MFDS nedrug,nedrug.searchDrug,2026-06-12
202601117,테고피드정25밀리그램(테고프라잔),테고피드정25밀리그램(테고프라잔),테고프라잔,동국제약(주),False,name_only,True,MFDS nedrug,nedrug.searchDrug,2026-06-12
202600582,네오보노정10밀리그램(보노프라잔푸마르산염),네오보노정10밀리그램(보노프라잔푸마르산염),보노프라잔푸마르산염,(주)녹십자,False,name_only,True,MFDS nedrug,nedrug.searchDrug,2026-06-12
202600581,네오보노정20밀리그램(보노프라잔푸마르산염),네오보노정20밀리그램(보노프라잔푸마르산염),보노프라잔푸마르산염,(주)녹십자,False,name_only,True,MFDS nedrug,nedrug.searchDrug,2026-06-12
202601205,보네샤정10밀리그램(보노프라잔푸마르산염),보네샤정10밀리그램(보노프라잔푸마르산염),보노프라잔푸마르산염,(주)유영제약,False,name_only,True,MFDS nedrug,nedrug.searchDrug,2026-06-12
202601204,보네샤정20밀리그램(보노프라잔푸마르산염),보네샤정20밀리그램(보노프라잔푸마르산염),보노프라잔푸마르산염,(주)유영제약,False,name_only,True,MFDS nedrug,nedrug.searchDrug,2026-06-12
202601446,보노바정10밀리그램(보노프라잔푸마르산염),보노바정10밀리그램(보노프라잔푸마르산염),보노프라잔푸마르산염,(주)비씨월드제약,False,name_only,True,MFDS nedrug,nedrug.searchDrug,2026-06-12
202601445,보노바정20밀리그램(보노프라잔푸마르산염),보노바정20밀리그램(보노프라잔푸마르산염),보노프라잔푸마르산염,(주)비씨월드제약,False,name_only,True,MFDS nedrug,nedrug.searchDrug,2026-06-12
202601512,보노셀정10밀리그램(보노프라잔푸마르산염),보노셀정10밀리그램(보노프라잔푸마르산염),보노프라잔푸마르산염,(주)셀트리온제약,False,name_only,True,MFDS nedrug,nedrug.searchDrug,2026-06-12
202601511,보노셀정20밀리그램(보노프라잔푸마르산염),보노셀정20밀리그램(보노프라잔푸마르산염),보노프라잔푸마르산염,(주)셀트리온제약,False,name_only,True,MFDS nedrug,nedrug.searchDrug,2026-06-12
202600507,보노스타정20밀리그램(보노프라잔푸마르산염),보노스타정20밀리그램(보노프라잔푸마르산염),보노프라잔푸마르산염,(주)화이트생명과학,False,name_only,True,MFDS nedrug,nedrug.searchDrug,2026-06-12
202601201,보노스트정10밀리그램(보노프라잔푸마르산염),보노스트정10밀리그램(보노프라잔푸마르산염),보노프라잔푸마르산염,경동제약(주),False,name_only,True,MFDS nedrug,nedrug.searchDrug,2026-06-12
202601200,보노스트정20밀리그램(보노프라잔푸마르산염),보노스트정20밀리그램(보노프라잔푸마르산염),보노프라잔푸마르산염,경동제약(주),False,name_only,True,MFDS nedrug,nedrug.searchDrug,2026-06-12
202600070,보노엠정10밀리그램(보노프라잔토실산염),보노엠정10밀리그램(보노프라잔토실산염),보노프라잔토실산염,(주)마더스제약,False,name_only,True,MFDS nedrug,nedrug.searchDrug,2026-06-12
202600069,보노엠정20밀리그램(보노프라잔토실산염),보노엠정20밀리그램(보노프라잔토실산염),보노프라잔토실산염,(주)마더스제약,False,name_only,True,MFDS nedrug,nedrug.searchDrug,2026-06-12
202601196,보노원정10밀리그램(보노프라잔푸마르산염),보노원정10밀리그램(보노프라잔푸마르산염),보노프라잔푸마르산염,하나제약(주),False,name_only,True,MFDS nedrug,nedrug.searchDrug,2026-06-12
202601197,보노원정20밀리그램(보노프라잔푸마르산염),보노원정20밀리그램(보노프라잔푸마르산염),보노프라잔푸마르산염,하나제약(주),False,name_only,True,MFDS nedrug,nedrug.searchDrug,2026-06-12
202601195,보노잔정10밀리그램(보노프라잔푸마르산염),보노잔정10밀리그램(보노프라잔푸마르산염),보노프라잔푸마르산염,한국프라임제약(주),False,name_only,True,MFDS nedrug,nedrug.searchDrug,2026-06-12
202601194,보노잔정20밀리그램(보노프라잔푸마르산염),보노잔정20밀리그램(보노프라잔푸마르산염),보노프라잔푸마르산염,한국프라임제약(주),False,name_only,True,MFDS nedrug,nedrug.searchDrug,2026-06-12
202601515,보노진정10밀리그램(보노프라잔푸마르산염),보노진정10밀리그램(보노프라잔푸마르산염),보노프라잔푸마르산염,삼진제약(주),False,name_only,True,MFDS nedrug,nedrug.searchDrug,2026-06-12
202601516,보노진정20밀리그램(보노프라잔푸마르산염),보노진정20밀리그램(보노프라잔푸마르산염),보노프라잔푸마르산염,삼진제약(주),False,name_only,True,MFDS nedrug,nedrug.searchDrug,2026-06-12
202600068,보노칸정10밀리그램(보노프라잔토실산염),보노칸정10밀리그램(보노프라잔토실산염),보노프라잔토실산염,(주)경보제약,False,name_only,True,MFDS nedrug,nedrug.searchDrug,2026-06-12
202600067,보노칸정20밀리그램(보노프라잔토실산염),보노칸정20밀리그램(보노프라잔토실산염),보노프라잔토실산염,(주)경보제약,False,name_only,True,MFDS nedrug,nedrug.searchDrug,2026-06-12
202601151,보노캡정10밀리그램(보노프라잔푸마르산염),보노캡정10밀리그램(보노프라잔푸마르산염),보노프라잔푸마르산염,주식회사제뉴원사이언스,False,name_only,True,MFDS nedrug,nedrug.searchDrug,2026-06-12
202601152,보노캡정20밀리그램(보노프라잔푸마르산염),보노캡정20밀리그램(보노프라잔푸마르산염),보노프라잔푸마르산염,주식회사제뉴원사이언스,False,name_only,True,MFDS nedrug,nedrug.searchDrug,2026-06-12
202601508,보노케이브정10밀리그램(보노프라잔푸마르산염),보노케이브정10밀리그램(보노프라잔푸마르산염),보노프라잔푸마르산염,알보젠코리아(주),False,name_only,True,MFDS nedrug,nedrug.searchDrug,2026-06-12
202601509,보노케이브정20밀리그램(보노프라잔푸마르산염),보노케이브정20밀리그램(보노프라잔푸마르산염),보노프라잔푸마르산염,알보젠코리아(주),False,name_only,True,MFDS nedrug,nedrug.searchDrug,2026-06-12
202600657,보노탑정20밀리그램(보노프라잔푸마르산염),보노탑정20밀리그램(보노프라잔푸마르산염),보노프라잔푸마르산염(미분화),(주)새한제약,False,name_only,True,MFDS nedrug,nedrug.searchDrug,2026-06-12
202601514,보노텐정10밀리그램(보노프라잔푸마르산염),보노텐정10밀리그램(보노프라잔푸마르산염),보노프라잔푸마르산염,(주)이든파마,False,name_only,True,MFDS nedrug,nedrug.searchDrug,2026-06-12
202601513,보노텐정20밀리그램(보노프라잔푸마르산염),보노텐정20밀리그램(보노프라잔푸마르산염),보노프라잔푸마르산염,(주)이든파마,False,name_only,True,MFDS nedrug,nedrug.searchDrug,2026-06-12
202601315,보노티정20밀리그램(보노프라잔푸마르산염),보노티정20밀리그램(보노프라잔푸마르산염),보노프라잔푸마르산염,동국제약(주),False,name_only,True,MFDS nedrug,nedrug.searchDrug,2026-06-12
202600668,보노펙정10밀리그램(보노프라잔푸마르산염),보노펙정10밀리그램(보노프라잔푸마르산염),보노프라잔푸마르산염,안국약품(주),False,name_only,True,MFDS nedrug,nedrug.searchDrug,2026-06-12
200904336,갈마겔현탁액(알마게이트),갈마겔현탁액(알마게이트),알마게이트,주식회사제뉴원사이언스,False,name_only,True,MFDS nedrug,nedrug.searchDrug,2026-06-12
201310271,게이트정(알마게이트),게이트정(알마게이트),알마게이트,오스틴제약(주),False,name_only,True,MFDS nedrug,nedrug.searchDrug,2026-06-12
201307834,글로게이트정(알마게이트),글로게이트정(알마게이트),알마게이트,(주)킵스바이오파마,False,name_only,True,MFDS nedrug,nedrug.searchDrug,2026-06-12
201908540,대웅바이오알마게이트정500밀리그램,대웅바이오알마게이트정500밀리그램,알마게이트,대웅바이오(주),False,name_only,True,MFDS nedrug,nedrug.searchDrug,2026-06-12
199501234,대원알마게이트정,대원알마게이트정,알마게이트,대원제약(주),False,name_only,True,MFDS nedrug,nedrug.searchDrug,2026-06-12
201900100,마게이트정(알마게이트),마게이트정(알마게이트),알마게이트,익수제약(주),False,name_only,True,MFDS nedrug,nedrug.searchDrug,2026-06-12
201800515,마겐정(알마게이트),마겐정(알마게이트),알마게이트,(주)시어스제약,False,name_only,True,MFDS nedrug,nedrug.searchDrug,2026-06-12
201706490,마그엠정(알마게이트),마그엠정(알마게이트),알마게이트,(주)마더스제약,False,name_only,True,MFDS nedrug,nedrug.searchDrug,2026-06-12
201801676,메디알정500mg(알마게이트),메디알정500mg(알마게이트),알마게이트,에스피씨(주),False,name_only,True,MFDS nedrug,nedrug.searchDrug,2026-06-12
201900692,서울알마게이트정,서울알마게이트정,알마게이트,(주)서울제약,False,name_only,True,MFDS nedrug,nedrug.searchDrug,2026-06-12
199701385,셀마겐정(알마게이트),셀마겐정(알마게이트),알마게이트,(주)메디카코리아,False,name_only,True,MFDS nedrug,nedrug.searchDrug,2026-06-12
201402028,씨엠지알마게이트정500mg(알마게이트),씨엠지알마게이트정500mg(알마게이트),알마게이트,(주)씨엠지제약,False,name_only,True,MFDS nedrug,nedrug.searchDrug,2026-06-12
201906127,아마가정(알마게이트),아마가정(알마게이트),알마게이트,(주)경보제약,False,name_only,True,MFDS nedrug,nedrug.searchDrug,2026-06-12
199600597,알게나정(알마게이트),알게나정(알마게이트),알마게이트,코오롱제약(주),False,name_only,True,MFDS nedrug,nedrug.searchDrug,2026-06-12
201206499,알게론정500밀리그램(알마게이트),알게론정500밀리그램(알마게이트),알마게이트,동국제약(주),False,name_only,True,MFDS nedrug,nedrug.searchDrug,2026-06-12
199602733,알게마정(알마게이트),알게마정(알마게이트),알마게이트,(주)유영제약,False,name_only,True,MFDS nedrug,nedrug.searchDrug,2026-06-12
199500630,알게이트정(알마게이트),알게이트정(알마게이트),알마게이트,(주)일화,False,name_only,True,MFDS nedrug,nedrug.searchDrug,2026-06-12
201805203,알게텍정(알마게이트),알게텍정(알마게이트),알마게이트,대원바이오텍주식회사,False,name_only,True,MFDS nedrug,nedrug.searchDrug,2026-06-12
199201106,알드린정(알마게이트),알드린정(알마게이트),알마게이트,일양약품(주),False,name_only,True,MFDS nedrug,nedrug.searchDrug,2026-06-12
199101134,알드린현탁액(알마게이트),알드린현탁액(알마게이트),알마게이트,일양약품(주),False,name_only,True,MFDS nedrug,nedrug.searchDrug,2026-06-12
201402826,알리겔정(알마게이트),알리겔정(알마게이트),알마게이트,(주)하원제약,False,name_only,True,MFDS nedrug,nedrug.searchDrug,2026-06-12
201904317,알마겐정500밀리그램(알마게이트),알마겐정500밀리그램(알마게이트),알마게이트/유당수화물,한국신텍스제약(주),False,name_only,True,MFDS nedrug,nedrug.searchDrug,2026-06-12
199703379,알마겐트정(알마게이트),알마겐트정(알마게이트),알마게이트,한국코러스(주),False,name_only,True,MFDS nedrug,nedrug.searchDrug,2026-06-12
201403739,알마노겐정(알마게이트),알마노겐정(알마게이트),알마게이트,(주)테라젠이텍스,False,name_only,True,MFDS nedrug,nedrug.searchDrug,2026-06-12
201309996,알마드정(알마게이트),알마드정(알마게이트),알마게이트,(주)넥스팜코리아,False,name_only,True,MFDS nedrug,nedrug.searchDrug,2026-06-12
201707304,알마디정(알마게이트),알마디정(알마게이트),알마게이트,메딕스제약(주),False,name_only,True,MFDS nedrug,nedrug.searchDrug,2026-06-12
201402790,알마로정(알마게이트),알마로정(알마게이트),알마게이트,(주)팜젠사이언스,False,name_only,True,MFDS nedrug,nedrug.searchDrug,2026-06-12
201208256,알마르정(알마게이트),알마르정(알마게이트),알마게이트,한국프라임제약(주),False,name_only,True,MFDS nedrug,nedrug.searchDrug,2026-06-12
201402825,알마린정(알마게이트),알마린정(알마게이트),알마게이트,(주)화이트생명과학,False,name_only,True,MFDS nedrug,nedrug.searchDrug,2026-06-12
201802877,알마스정(알마게이트),알마스정(알마게이트),알마게이트,아이큐어(주),False,name_only,True,MFDS nedrug,nedrug.searchDrug,2026-06-12
201800979,가티스정,가티스정,라니티딘염산염/수크랄페이트수화물/비스무트시트르산염칼륨,유니메드제약(주),False,name_only,True,MFDS nedrug,nedrug.searchDrug,2026-06-12
201401486,라비수정,라비수정,라니티딘염산염/비스무트시트르산염칼륨/수크랄페이트수화물,대웅바이오(주),False,name_only,True,MFDS nedrug,nedrug.searchDrug,2026-06-12
201708043,라비스정,라비스정,라니티딘염산염/수크랄페이트수화물/비스무트시트르산염칼륨,이연제약(주),False,name_only,True,MFDS nedrug,nedrug.searchDrug,2026-06-12
201707215,세이렌정,세이렌정,라니티딘염산염/수크랄페이트수화물/비스무트시트르산염칼륨,(주)퍼슨,False,name_only,True,MFDS nedrug,nedrug.searchDrug,2026-06-12
201404048,수비라정,수비라정,라니티딘염산염/수크랄페이트수화물/비스무트시트르산염칼륨,대우제약(주),False,name_only,True,MFDS nedrug,nedrug.searchDrug,2026-06-12
201800217,알라빅스정,알라빅스정,라니티딘염산염/수크랄페이트수화물/비스무트시트르산염칼륨,케이엠에스제약(주),False,name_only,True,MFDS nedrug,nedrug.searchDrug,2026-06-12
201604915,알비더스디정,알비더스디정,라니티딘염산염/비스무트시트르산염칼륨/수크랄페이트수화물,위더스제약(주),False,name_only,True,MFDS nedrug,nedrug.searchDrug,2026-06-12
201908292,가스부틴정100mg(트리메부틴말레산염),가스부틴정100mg(트리메부틴말레산염),트리메부틴말레산염,주식회사케이에스제약,False,name_only,True,MFDS nedrug,nedrug.searchDrug,2026-06-12
200702583,네오부틴서방정(트리메부틴말레산염),네오부틴서방정(트리메부틴말레산염),트리메부틴말레산염,(주)씨엠지제약,False,name_only,True,MFDS nedrug,nedrug.searchDrug,2026-06-12
202600200,노바부틴정150밀리그램(트리메부틴말레산염),노바부틴정150밀리그램(트리메부틴말레산염),트리메부틴말레산염,한올바이오파마(주),False,name_only,True,MFDS nedrug,nedrug.searchDrug,2026-06-12
201707822,뉴믹스탈정,뉴믹스탈정,메타규산알루민산마그네슘/탄산수소나트륨/침강탄산칼슘/디아스타제·프로테아제·셀룰라제/리파제/감초가루/트리메부틴말레산염/스코폴리아엑스,안국뉴팜(주),False,name_only,True,MFDS nedrug,nedrug.searchDrug,2026-06-12
200110048,뉴부틴서방정(트리메부틴말레산염),뉴부틴서방정(트리메부틴말레산염),트리메부틴말레산염,한국유나이티드제약(주),False,name_only,True,MFDS nedrug,nedrug.searchDrug,2026-06-12
201603531,뉴트레부틴서방정(트리메부틴말레산염),뉴트레부틴서방정(트리메부틴말레산염),트리메부틴말레산염,안국뉴팜(주),False,name_only,True,MFDS nedrug,nedrug.searchDrug,2026-06-12
201606067,더블자임정,더블자임정,침강탄산칼슘/탄산수소나트륨/트리메부틴말레산염/메타규산알루민산마그네슘/감초가루/디아스타제·프로테아제·셀룰라제/리파제/스코폴리아엑스,에스케이케미칼(주),False,name_only,True,MFDS nedrug,nedrug.searchDrug,2026-06-12
202302687,더판디탈정,더판디탈정,침강탄산칼슘/탄산수소나트륨/트리메부틴말레산염/메타규산알루민산마그네슘/감초 가루/디아스타제·프로테아제·셀룰라제/리파제/스코폴리아 엑스,신일제약(주),False,name_only,True,MFDS nedrug,nedrug.searchDrug,2026-06-12
201907633,라니탄큐정,라니탄큐정,메타규산알루민산마그네슘/탄산수소나트륨/디아스타제·프로테아제·셀룰라제/스코폴리아엑스/리파제/감초가루/침강탄산칼슘/트리메부틴말레산염,미래바이오제약(주),False,name_only,True,MFDS nedrug,nedrug.searchDrug,2026-06-12
202002166,라파부틴정100밀리그램(트리메부틴말레산염),라파부틴정100밀리그램(트리메부틴말레산염),트리메부틴말레산염,(주)라이트팜텍,False,name_only,True,MFDS nedrug,nedrug.searchDrug,2026-06-12
198700060,레큐틴정(트리메부틴말레산염),레큐틴정(트리메부틴말레산염),트리메부틴말레산염,한국휴텍스제약(주),False,name_only,True,MFDS nedrug,nedrug.searchDrug,2026-06-12
200003409,리메부틴정(트리메부틴말레산염),리메부틴정(트리메부틴말레산염),트리메부틴말레산염,(주)씨엠지제약,False,name_only,True,MFDS nedrug,nedrug.searchDrug,2026-06-12
201501578,마리부틴정150mg(트리메부틴말레산염),마리부틴정150mg(트리메부틴말레산염),트리메부틴말레산염,경방신약(주),False,name_only,True,MFDS nedrug,nedrug.searchDrug,2026-06-12
200301069,마이부틴정(트리메부틴말레산염),마이부틴정(트리메부틴말레산염),트리메부틴말레산염,(주)동구바이오제약,False,name_only,True,MFDS nedrug,nedrug.searchDrug,2026-06-12
199001559,말레부틴정(트리메부틴말레산염),말레부틴정(트리메부틴말레산염),트리메부틴말레산염,하이플생명과학(주),False,name_only,True,MFDS nedrug,nedrug.searchDrug,2026-06-12
199102270,말릭스정(트리메부틴말레산염),말릭스정(트리메부틴말레산염),트리메부틴말레산염,(주)한국파비스제약,False,name_only,True,MFDS nedrug,nedrug.searchDrug,2026-06-12
202400177,멀티속정,멀티속정,침강탄산칼슘/탄산수소나트륨/트리메부틴말레산염/메타규산알루민산마그네슘/감초 가루/디아스타제·프로테아제·셀룰라제/리파제/스코폴리아 엑스,일양약품(주),False,name_only,True,MFDS nedrug,nedrug.searchDrug,2026-06-12
202402193,메라부틴정(트리메부틴말레산염),메라부틴정(트리메부틴말레산염),트리메부틴말레산염,한솔신약(주),False,name_only,True,MFDS nedrug,nedrug.searchDrug,2026-06-12
200702584,메리톤서방정(트리메부틴말레산염),메리톤서방정(트리메부틴말레산염),트리메부틴말레산염,(주)하원제약,False,name_only,True,MFDS nedrug,nedrug.searchDrug,2026-06-12
198801648,메리틴정(트리메부틴말레산염),메리틴정(트리메부틴말레산염),트리메부틴말레산염,대화제약(주),False,name_only,True,MFDS nedrug,nedrug.searchDrug,2026-06-12
201904326,메부란정(트리메부틴말레산염),메부란정(트리메부틴말레산염),트리메부틴말레산염,엔비케이제약(주),False,name_only,True,MFDS nedrug,nedrug.searchDrug,2026-06-12
202302597,메부란정100mg(트리메부틴말레산염),메부란정100mg(트리메부틴말레산염),트리메부틴말레산염,엔비케이제약(주),False,name_only,True,MFDS nedrug,nedrug.searchDrug,2026-06-12
200300589,모트릭에스알서방정(트리메부틴말레산염),모트릭에스알서방정(트리메부틴말레산염),트리메부틴말레산염,삼아제약(주),False,name_only,True,MFDS nedrug,nedrug.searchDrug,2026-06-12
200607006,미래트리메부틴정(트리메부틴말레산염),미래트리메부틴정(트리메부틴말레산염),트리메부틴말레산염,미래바이오제약(주),False,name_only,True,MFDS nedrug,nedrug.searchDrug,2026-06-12
202500339,바로부틴정200밀리그램(트리메부틴말레산염),바로부틴정200밀리그램(트리메부틴말레산염),트리메부틴말레산염,코오롱제약(주),False,name_only,True,MFDS nedrug,nedrug.searchDrug,2026-06-12
199501748,바이메틴정(트리메부틴말레산염),바이메틴정(트리메부틴말레산염),트리메부틴말레산염,(주)테라젠이텍스,False,name_only,True,MFDS nedrug,nedrug.searchDrug,2026-06-12
201501469,바이메틴정150밀리그램(트리메부틴말레산염),바이메틴정150밀리그램(트리메부틴말레산염),트리메부틴말레산염,(주)테라젠이텍스,False,name_only,True,MFDS nedrug,nedrug.searchDrug,2026-06-12
202107042,배가나정,배가나정,침강탄산칼슘/탄산수소나트륨/트리메부틴말레산염/메타규산알루민산마그네슘/감초 가루/디아스타제·프로테아제·셀룰라제/리파제/스코폴리아 엑스,대원제약(주),False,name_only,True,MFDS nedrug,nedrug.searchDrug,2026-06-12
198700476,벤즈날정(트리메부틴말레산염),벤즈날정(트리메부틴말레산염),트리메부틴말레산염,(주)마더스제약,False,name_only,True,MFDS nedrug,nedrug.searchDrug,2026-06-12
200402069,삼메틴정(트리메부틴말레산염),삼메틴정(트리메부틴말레산염),트리메부틴말레산염,오스틴제약(주),False,name_only,True,MFDS nedrug,nedrug.searchDrug,2026-06-12
197800085,국제시메티딘정,국제시메티딘정,시메티딘,국제약품(주),False,name_only,True,MFDS nedrug,nedrug.searchDrug,2026-06-12
202004872,소겐큐정,소겐큐정,시메티딘/규산알루민산마그네슘/히드로탈시트/탄산수소나트륨,(주)한국파비스제약,False,name_only,True,MFDS nedrug,nedrug.searchDrug,2026-06-12
197800165,시그나틴정(시메티딘),시그나틴정(시메티딘),시메티딘,동화약품(주),False,name_only,True,MFDS nedrug,nedrug.searchDrug,2026-06-12
202006476,시메탑정,시메탑정,시메티딘/규산알루민산마그네슘/히드로탈시트/탄산수소나트륨,아이큐어(주),False,name_only,True,MFDS nedrug,nedrug.searchDrug,2026-06-12
201603579,시메티네정200mg(시메티딘),시메티네정200mg(시메티딘),시메티딘,(주)휴온스메디텍,False,name_only,True,MFDS nedrug,nedrug.searchDrug,2026-06-12
200502126,시알딘정,시알딘정,시메티딘/규산알루민산마그네슘/히드로탈시트/탄산수소나트륨,미래바이오제약(주),False,name_only,True,MFDS nedrug,nedrug.searchDrug,2026-06-12
201309545,시티딘정200mg(시메티딘),시티딘정200mg(시메티딘),시메티딘,에스피씨(주),False,name_only,True,MFDS nedrug,nedrug.searchDrug,2026-06-12
197800307,싸이메트정(시메티딘),싸이메트정(시메티딘),시메티딘,부광약품(주),False,name_only,True,MFDS nedrug,nedrug.searchDrug,2026-06-12
197900284,싸이메트정300밀리그람(시메티딘),싸이메트정300밀리그람(시메티딘),시메티딘,부광약품(주),False,name_only,True,MFDS nedrug,nedrug.searchDrug,2026-06-12
199806985,씨메탈시정,씨메탈시정,시메티딘/규산알루민산마그네슘/히드로탈시트/탄산수소나트륨,초당약품공업(주),False,name_only,True,MFDS nedrug,nedrug.searchDrug,2026-06-12
201401937,씨메트정(시메티딘),씨메트정(시메티딘),시메티딘,(주)제뉴파마,False,name_only,True,MFDS nedrug,nedrug.searchDrug,2026-06-12
201402013,씨엠티정(시메티딘),씨엠티정(시메티딘),시메티딘,(주)경보제약,False,name_only,True,MFDS nedrug,nedrug.searchDrug,2026-06-12
200501095,알로탈정,알로탈정,시메티딘/규산알루민산마그네슘/히드로탈시드/탄산수소나트륨,태극제약(주),False,name_only,True,MFDS nedrug,nedrug.searchDrug,2026-06-12
201307160,알보젠시메티딘정200밀리그램,알보젠시메티딘정200밀리그램,시메티딘,알보젠코리아(주),False,name_only,True,MFDS nedrug,nedrug.searchDrug,2026-06-12
200302205,알보젠시메티딘정400mg,알보젠시메티딘정400mg,시메티딘,알보젠코리아(주),False,name_only,True,MFDS nedrug,nedrug.searchDrug,2026-06-12
200503802,에이치엘비시메티딘정(시메티딘),에이치엘비시메티딘정(시메티딘),시메티딘,에이치엘비제약(주),False,name_only,True,MFDS nedrug,nedrug.searchDrug,2026-06-12
201403952,에취투비정200mg(시메티딘),에취투비정200mg(시메티딘),시메티딘,제이더블유신약(주),False,name_only,True,MFDS nedrug,nedrug.searchDrug,2026-06-12
201307937,윌피딘정(시메티딘),윌피딘정(시메티딘),시메티딘,(주)아이월드제약,False,name_only,True,MFDS nedrug,nedrug.searchDrug,2026-06-12
200402420,이텍스시메티딘정(시메티딘),이텍스시메티딘정(시메티딘),시메티딘,(주)테라젠이텍스,False,name_only,True,MFDS nedrug,nedrug.searchDrug,2026-06-12
200400584,제일제약시메티딘주사액200mg,제일제약시메티딘주사액200mg,시메티딘,(주)제일제약,False,name_only,True,MFDS nedrug,nedrug.searchDrug,2026-06-12
198401253,타가메트정200밀리그램(시메티딘),타가메트정200밀리그램(시메티딘),시메티딘,(주)유한양행,False,name_only,True,MFDS nedrug,nedrug.searchDrug,2026-06-12
198401252,타가메트정400밀리그램(시메티딘),타가메트정400밀리그램(시메티딘),시메티딘,(주)유한양행,False,name_only,True,MFDS nedrug,nedrug.searchDrug,2026-06-12
197800134,타가메트주사(시메티딘),타가메트주사(시메티딘),시메티딘,(주)유한양행,False,name_only,True,MFDS nedrug,nedrug.searchDrug,2026-06-12
198902026,타가틴정(시메티딘),타가틴정(시메티딘),시메티딘,위더스제약(주),False,name_only,True,MFDS nedrug,nedrug.searchDrug,2026-06-12
200102170,나이시드캡슐150㎎(니자티딘),나이시드캡슐150㎎(니자티딘),니자티딘,영일제약(주),False,name_only,True,MFDS nedrug,nedrug.searchDrug,2026-06-12
201400834,네이자틴캡슐150밀리그램(니자티딘),네이자틴캡슐150밀리그램(니자티딘),니자티딘,(주)팜젠사이언스,False,name_only,True,MFDS nedrug,nedrug.searchDrug,2026-06-12
200000919,넥스캡슐(니자티딘),넥스캡슐(니자티딘),니자티딘,(주)바이넥스,False,name_only,True,MFDS nedrug,nedrug.searchDrug,2026-06-12
200201084,뉴자틴캡슐150밀리그램(니자티딘),뉴자틴캡슐150밀리그램(니자티딘),니자티딘,진양제약(주),False,name_only,True,MFDS nedrug,nedrug.searchDrug,2026-06-12
201506840,뉴잔틴캡슐150mg(니자티딘),뉴잔틴캡슐150mg(니자티딘),니자티딘,대한뉴팜(주),False,name_only,True,MFDS nedrug,nedrug.searchDrug,2026-06-12
201404327,니자드정(니자티딘),니자드정(니자티딘),니자티딘,(주)이든파마,False,name_only,True,MFDS nedrug,nedrug.searchDrug,2026-06-12
201902410,니자드캡슐150밀리그램(니자티딘),니자드캡슐150밀리그램(니자티딘),니자티딘,(주)이든파마,False,name_only,True,MFDS nedrug,nedrug.searchDrug,2026-06-12
201403769,니자딘엠캡슐(니자티딘),니자딘엠캡슐(니자티딘),니자티딘,(주)마더스제약,False,name_only,True,MFDS nedrug,nedrug.searchDrug,2026-06-12
201603493,니자딘캡슐150밀리그램(니자티딘),니자딘캡슐150밀리그램(니자티딘),니자티딘,(주)킵스바이오파마,False,name_only,True,MFDS nedrug,nedrug.searchDrug,2026-06-12
199900151,니자리딘캡슐150mg(니자티딘),니자리딘캡슐150mg(니자티딘),니자티딘,이연제약(주),False,name_only,True,MFDS nedrug,nedrug.searchDrug,2026-06-12
201600879,니자액스캡슐150mg(니자티딘),니자액스캡슐150mg(니자티딘),니자티딘,(주)화이트생명과학,False,name_only,True,MFDS nedrug,nedrug.searchDrug,2026-06-12
201603586,니자탄캡슐150밀리그램(니자티딘),니자탄캡슐150밀리그램(니자티딘),니자티딘,(주)아이월드제약,False,name_only,True,MFDS nedrug,nedrug.searchDrug,2026-06-12
200501559,니자티드정(니자티딘),니자티드정(니자티딘),니자티딘,(주)한국파마,False,name_only,True,MFDS nedrug,nedrug.searchDrug,2026-06-12
201907346,니자티드정150밀리그램(니자티딘),니자티드정150밀리그램(니자티딘),니자티딘,(주)한국파마,False,name_only,True,MFDS nedrug,nedrug.searchDrug,2026-06-12
200301216,니자티드캡슐(니자티딘),니자티드캡슐(니자티딘),니자티딘,(주)한국파마,False,name_only,True,MFDS nedrug,nedrug.searchDrug,2026-06-12
201208461,니자틴캡슐(니자티딘),니자틴캡슐(니자티딘),니자티딘,동국제약(주),False,name_only,True,MFDS nedrug,nedrug.searchDrug,2026-06-12
201402024,니지시드캡슐150mg(니자티딘),니지시드캡슐150mg(니자티딘),니자티딘,대우제약(주),False,name_only,True,MFDS nedrug,nedrug.searchDrug,2026-06-12
201905282,니지틴캡슐150밀리그램(니자티딘),니지틴캡슐150밀리그램(니자티딘),니자티딘,(주)씨엠지제약,False,name_only,True,MFDS nedrug,nedrug.searchDrug,2026-06-12
200302728,니타딘정(니자티딘),니타딘정(니자티딘),니자티딘,(주)넥스팜코리아,False,name_only,True,MFDS nedrug,nedrug.searchDrug,2026-06-12
201707669,니타딘캡슐150밀리그램(니자티딘),니타딘캡슐150밀리그램(니자티딘),니자티딘,(주)넥스팜코리아,False,name_only,True,MFDS nedrug,nedrug.searchDrug,2026-06-12
200100142,동광니자티딘캡슐150mg,동광니자티딘캡슐150mg,니자티딘,동광제약(주),False,name_only,True,MFDS nedrug,nedrug.searchDrug,2026-06-12
200404671,빅시딘캡슐150밀리그램(니자티딘),빅시딘캡슐150밀리그램(니자티딘),니자티딘,(주)한국피엠지제약,False,name_only,True,MFDS nedrug,nedrug.searchDrug,2026-06-12
201907139,아르티딘캡슐150밀리그램(니자티딘),아르티딘캡슐150밀리그램(니자티딘),니자티딘,(주)아리제약,False,name_only,True,MFDS nedrug,nedrug.searchDrug,2026-06-12
201907278,아이티딘캡슐150mg(니자티딘),아이티딘캡슐150mg(니자티딘),니자티딘,(주)인트로바이오파마,False,name_only,True,MFDS nedrug,nedrug.searchDrug,2026-06-12
200101018,알자틴캡슐150밀리그램(니자티딘),알자틴캡슐150밀리그램(니자티딘),니자티딘,(주)비보존제약,False,name_only,True,MFDS nedrug,nedrug.searchDrug,2026-06-12
200404751,애니티딘캡슐150밀리그램(니자티딘),애니티딘캡슐150밀리그램(니자티딘),니자티딘,(주)휴온스메디텍,False,name_only,True,MFDS nedrug,nedrug.searchDrug,2026-06-12
200202832,액사티드캡슐(니자티딘),액사티드캡슐(니자티딘),니자티딘,(주)서울제약,False,name_only,True,MFDS nedrug,nedrug.searchDrug,2026-06-12
200300408,액시드캡슐150밀리그람(니자티딘),액시드캡슐150밀리그람(니자티딘),니자티딘,(주)대웅제약,False,name_only,True,MFDS nedrug,nedrug.searchDrug,2026-06-12
200401786,액시딘캡슐(니자티딘),액시딘캡슐(니자티딘),니자티딘,한국유나이티드제약(주),False,name_only,True,MFDS nedrug,nedrug.searchDrug,2026-06-12
199900052,액시티딘캡슐(니자티딘),액시티딘캡슐(니자티딘),니자티딘,한국휴텍스제약(주),False,name_only,True,MFDS nedrug,nedrug.searchDrug,2026-06-12
201302935,광동라푸티딘정,광동라푸티딘정,라푸티딘,광동제약(주),False,name_only,True,MFDS nedrug,nedrug.searchDrug,2026-06-12
201908602,나푸디정(라푸티딘),나푸디정(라푸티딘),라푸티딘,국제약품(주),False,name_only,True,MFDS nedrug,nedrug.searchDrug,2026-06-12
201507415,뉴토가정10mg(라푸티딘),뉴토가정10mg(라푸티딘),라푸티딘,대한뉴팜(주),False,name_only,True,MFDS nedrug,nedrug.searchDrug,2026-06-12
201804019,디펜티딘정10밀리그램(라푸티딘),디펜티딘정10밀리그램(라푸티딘),라푸티딘,(주)마더스제약,False,name_only,True,MFDS nedrug,nedrug.searchDrug,2026-06-12
202001934,라스토정10밀리그램(라푸티딘),라스토정10밀리그램(라푸티딘),라푸티딘,(주)휴온스메디텍,False,name_only,True,MFDS nedrug,nedrug.searchDrug,2026-06-12
201402022,라스틴정(라푸티딘),라스틴정(라푸티딘),라푸티딘,삼천당제약(주),False,name_only,True,MFDS nedrug,nedrug.searchDrug,2026-06-12
201401316,라토가정10밀리그램(라푸티딘),라토가정10밀리그램(라푸티딘),라푸티딘,한올바이오파마(주),False,name_only,True,MFDS nedrug,nedrug.searchDrug,2026-06-12
201302948,라토딘정10밀리그램(라푸티딘),라토딘정10밀리그램(라푸티딘),라푸티딘,영진약품(주),False,name_only,True,MFDS nedrug,nedrug.searchDrug,2026-06-12
201904378,라토푸정(라푸티딘),라토푸정(라푸티딘),라푸티딘,이연제약(주),False,name_only,True,MFDS nedrug,nedrug.searchDrug,2026-06-12
202000478,라포덴정10밀리그램(라푸티딘),라포덴정10밀리그램(라푸티딘),라푸티딘,(주)이든파마,False,name_only,True,MFDS nedrug,nedrug.searchDrug,2026-06-12
201405104,라푸겐정10밀리그램(라푸티딘),라푸겐정10밀리그램(라푸티딘),라푸티딘,(주)일화,False,name_only,True,MFDS nedrug,nedrug.searchDrug,2026-06-12
202002207,라푸그린정10밀리그램(라푸티딘),라푸그린정10밀리그램(라푸티딘),라푸티딘,에이치엘비제약(주),False,name_only,True,MFDS nedrug,nedrug.searchDrug,2026-06-12
201905660,라푸디정10밀리그램(라푸티딘),라푸디정10밀리그램(라푸티딘),라푸티딘,(주)한풍제약,False,name_only,True,MFDS nedrug,nedrug.searchDrug,2026-06-12
201901970,라푸딘정10밀리그램(라푸티딘),라푸딘정10밀리그램(라푸티딘),라푸티딘,풍림무약(주),False,name_only,True,MFDS nedrug,nedrug.searchDrug,2026-06-12
201302934,라푸딜정(라푸티딘),라푸딜정(라푸티딘),라푸티딘,(주)넥스팜코리아,False,name_only,True,MFDS nedrug,nedrug.searchDrug,2026-06-12
201603257,라푸린정10밀리그램(라푸티딘),라푸린정10밀리그램(라푸티딘),라푸티딘,(주)팜젠사이언스,False,name_only,True,MFDS nedrug,nedrug.searchDrug,2026-06-12
201903815,라푸스타정10밀리그램(라푸티딘),라푸스타정10밀리그램(라푸티딘),라푸티딘,동국제약(주),False,name_only,True,MFDS nedrug,nedrug.searchDrug,2026-06-12
201302942,라푸원정(라푸티딘),라푸원정(라푸티딘),라푸티딘,대원제약(주),False,name_only,True,MFDS nedrug,nedrug.searchDrug,2026-06-12
201309360,라푸진정(라푸티딘),라푸진정(라푸티딘),라푸티딘,진양제약(주),False,name_only,True,MFDS nedrug,nedrug.searchDrug,2026-06-12
201603129,라푸토가정(라푸티딘),라푸토가정(라푸티딘),라푸티딘,한국휴텍스제약(주),False,name_only,True,MFDS nedrug,nedrug.searchDrug,2026-06-12
201306454,라푸톤정10밀리그램(라푸티딘),라푸톤정10밀리그램(라푸티딘),라푸티딘,주식회사제뉴원사이언스,False,name_only,True,MFDS nedrug,nedrug.searchDrug,2026-06-12
202001820,라푸트정10밀리그램(라푸티딘),라푸트정10밀리그램(라푸티딘),라푸티딘,(주)휴비스트제약,False,name_only,True,MFDS nedrug,nedrug.searchDrug,2026-06-12
202003718,라푸티닌정(라푸티딘),라푸티닌정(라푸티딘),라푸티딘,건일바이오팜주식회사,False,name_only,True,MFDS nedrug,nedrug.searchDrug,2026-06-12
202000822,라퓨비스정(라푸티딘),라퓨비스정(라푸티딘),라푸티딘,구주제약(주),False,name_only,True,MFDS nedrug,nedrug.searchDrug,2026-06-12
202003598,라프원정10밀리그램(라푸티딘),라프원정10밀리그램(라푸티딘),라푸티딘,하나제약(주),False,name_only,True,MFDS nedrug,nedrug.searchDrug,2026-06-12
201908447,로푸틴정10밀리그램(라푸티딘),로푸틴정10밀리그램(라푸티딘),라푸티딘,엔비케이제약(주),False,name_only,True,MFDS nedrug,nedrug.searchDrug,2026-06-12
201402431,명문라푸티딘정10밀리그램,명문라푸티딘정10밀리그램,라푸티딘,명문제약(주),False,name_only,True,MFDS nedrug,nedrug.searchDrug,2026-06-12
201903334,삼성라푸티딘정10밀리그램,삼성라푸티딘정10밀리그램,라푸티딘,삼성제약(주),False,name_only,True,MFDS nedrug,nedrug.searchDrug,2026-06-12
201901881,서울라푸티딘정,서울라푸티딘정,라푸티딘,(주)서울제약,False,name_only,True,MFDS nedrug,nedrug.searchDrug,2026-06-12
200607849,스토가정10밀리그램(라푸티딘),스토가정10밀리그램(라푸티딘),라푸티딘,(주)보령,False,name_only,True,MFDS nedrug,nedrug.searchDrug,2026-06-12
202500070,다이어스탑캡슐(로페라미드염산염),다이어스탑캡슐(로페라미드염산염),로페라미드염산염,(주)씨엠지제약,False,name_only,True,MFDS nedrug,nedrug.searchDrug,2026-06-12
197800212,로파인캡슐(로페라미드염산염),로파인캡슐(로페라미드염산염),로페라미드염산염,태극제약(주),False,name_only,True,MFDS nedrug,nedrug.searchDrug,2026-06-12
201907189,로페리캡슐(로페라미드염산염),로페리캡슐(로페라미드염산염),로페라미드염산염,미래바이오제약(주),False,name_only,True,MFDS nedrug,nedrug.searchDrug,2026-06-12
202402832,로페스탑캡슐(로페라미드염산염),로페스탑캡슐(로페라미드염산염),로페라미드염산염,(주)에이프로젠바이오로직스,False,name_only,True,MFDS nedrug,nedrug.searchDrug,2026-06-12
201402408,로페시콘츄정,로페시콘츄정,시메티콘/로페라미드염산염,한미약품(주),False,name_only,True,MFDS nedrug,nedrug.searchDrug,2026-06-12
197600412,로프민캡슐(로페라미드염산염),로프민캡슐(로페라미드염산염),로페라미드염산염,영일제약(주),False,name_only,True,MFDS nedrug,nedrug.searchDrug,2026-06-12
200001712,삼남로페라마이드캡슐(로페라미드염산염),삼남로페라마이드캡슐(로페라미드염산염),로페라미드염산염,삼남제약(주),False,name_only,True,MFDS nedrug,nedrug.searchDrug,2026-06-12
198601389,지엘로페라미드염산염캡슐,지엘로페라미드염산염캡슐,로페라미드염산염,지엘파마(주),False,name_only,True,MFDS nedrug,nedrug.searchDrug,2026-06-12
202600414,티엔로페린캡슐(로페라미드염산염),티엔로페린캡슐(로페라미드염산염),로페라미드염산염,(주)넥스팜코리아,False,name_only,True,MFDS nedrug,nedrug.searchDrug,2026-06-12
200209900,노르믹스정(리팍시민),노르믹스정(리팍시민),리팍시민,(주)삼오제약,False,name_only,True,MFDS nedrug,nedrug.searchDrug,2026-06-12
202302343,틱스타정(리팍시민),틱스타정(리팍시민),리팍시민,(주)삼오제약,False,name_only,True,MFDS nedrug,nedrug.searchDrug,2026-06-12
201105490,"1.닥터베이비치약(토코페롤아세테이트), 2.잇츠네추럴치약(토코페롤아세테이트), 3.에이치파이로메디큐케어겔(토코페롤아세테이트), 4.파이안오랄케어(토코페롤아세테이트)","1.닥터베이비치약(토코페롤아세테이트), 2.잇츠네추럴치약(토코페롤아세테이트), 3.에이치파이로메디큐케어겔(토코페롤아세테이트), 4.파이안오랄케어(토코페롤아세테이트)",토코페롤아세테이트,아세아제약(주),False,name_only,True,MFDS nedrug,nedrug.searchDrug,2026-06-12
201801578,"1.덴티원발포정(플루오르화나트륨), 2.덴티원발포정복숭아향(플루오르화나트륨), 3.덴티원발포정유칼립투스향(플루오르화나트륨), 4.덴티원발포정페퍼민트향(플루오르화나트륨), 5.본센트복숭아향(플루오르화나트륨), 6.본센트유칼립투스향(플루오르화나트륨), 7.본센트페퍼민트향(플루오르화나트륨), 8.덴티원버블치아워시복숭아향(플루오르화나트륨), 9.덴티원버블치아워시유칼립투스향(플루오르화나트륨), 10.덴티원버블치아워시페퍼민트향(플루오르화나트륨), 11.덴티원닥터스한알가글(플루오르화나트륨), 12.굿닥터한알가글페퍼민트향(플루오르화나트륨), 13.굿닥터한알가글복숭아향(플루오르화나트륨), 14.덴티원고체가글스피아민트향(플루오르화나트륨), 15.덴티원고체가글피치향(플루오르화나트륨), 16.덴티원고체가글레몬향(플루오르화나트륨), 17.클리큐고체가글(페퍼민트향)(플루오르화나트륨)","1.덴티원발포정(플루오르화나트륨), 2.덴티원발포정복숭아향(플루오르화나트륨), 3.덴티원발포정유칼립투스향(플루오르화나트륨), 4.덴티원발포정페퍼민트향(플루오르화나트륨), 5.본센트복숭아향(플루오르화나트륨), 6.본센트유칼립투스향(플루오르화나트륨), 7.본센트페퍼민트향(플루오르화나트륨), 8.덴티원버블치아워시복숭아향(플루오르화나트륨), 9.덴티원버블치아워시유칼립투스향(플루오르화나트륨), 10.덴티원버블치아워시페퍼민트향(플루오르화나트륨), 11.덴티원닥터스한알가글(플루오르화나트륨), 12.굿닥터한알가글페퍼민트향(플루오르화나트륨), 13.굿닥터한알가글복숭아향(플루오르화나트륨), 14.덴티원고체가글스피아민트향(플루오르화나트륨), 15.덴티원고체가글피치향(플루오르화나트륨), 16.덴티원고체가글레몬향(플루오르화나트륨), 17.클리큐고체가글(페퍼민트향)(플루오르화나트륨)",플루오르화나트륨,이큐맥슨제약주식회사,False,name_only,True,MFDS nedrug,nedrug.searchDrug,2026-06-12
200904625,"1.베이비이케어1단계치약,2.닥트러스트제로겔,3.닥트러스트제로베베겔","1.베이비이케어1단계치약,2.닥트러스트제로겔,3.닥트러스트제로베베겔",토코페롤아세테이트,아세아제약(주),False,name_only,True,MFDS nedrug,nedrug.searchDrug,2026-06-12
200400975,가베스판연질캡슐,가베스판연질캡슐,알베린시트르산염/시메티콘,(주)에이프로젠바이오로직스,False,name_only,True,MFDS nedrug,nedrug.searchDrug,2026-06-12
198601346,"가소콜액(시메티콘)(군납용 : 시메티콘현탁액500밀리리터, SimethiconeOralSuspension500ml)","가소콜액(시메티콘)(군납용 : 시메티콘현탁액500밀리리터, simethiconeoralsuspension500ml)",시메티콘,(주)태준제약,False,name_only,True,MFDS nedrug,nedrug.searchDrug,2026-06-12
202302463,가스앤드액(시메티콘),가스앤드액(시메티콘),시메티콘,유니메드제약(주),False,name_only,True,MFDS nedrug,nedrug.searchDrug,2026-06-12
201801490,가스콘액(시메티콘),가스콘액(시메티콘),시메티콘,(주)텔콘알에프제약,False,name_only,True,MFDS nedrug,nedrug.searchDrug,2026-06-12
201501890,가스큐액(시메티콘),가스큐액(시메티콘),시메티콘,주식회사제뉴원사이언스,False,name_only,True,MFDS nedrug,nedrug.searchDrug,2026-06-12
201708580,겔포스엘현탁액,겔포스엘현탁액,인산알루미늄겔/수산화마그네슘/시메티콘/DL-카르니틴염산염,(주)보령,False,name_only,True,MFDS nedrug,nedrug.searchDrug,2026-06-12
199400883,겔포스엠현탁액,겔포스엠현탁액,인산알루미늄겔/수산화마그네슘/시메티콘,(주)보령,False,name_only,True,MFDS nedrug,nedrug.searchDrug,2026-06-12
202401743,글루타에스정,글루타에스정,L-글루타민/비스무트차탄산염/산화마그네슘/디아스타제·프로테아제100/시메티콘파우더,(주)대웅제약,False,name_only,True,MFDS nedrug,nedrug.searchDrug,2026-06-12
201802664,글리커버정(콜린알포세레이트),글리커버정(콜린알포세레이트),콜린알포세레이트,제이더블유신약(주),False,name_only,True,MFDS nedrug,nedrug.searchDrug,2026-06-12
201403839,글리틴정(콜린알포세레이트),글리틴정(콜린알포세레이트),콜린알포세레이트,제일약품(주),False,name_only,True,MFDS nedrug,nedrug.searchDrug,2026-06-12
201508272,까스앤프리츄정80밀리그램(시메티콘),까스앤프리츄정80밀리그램(시메티콘),시메티콘,한미약품(주),False,name_only,True,MFDS nedrug,nedrug.searchDrug,2026-06-12
201707455,나스타제정,나스타제정,디아스타제·프로테아제·셀룰라제/리파제/우르소데옥시콜산/시메티콘파우더,(주)한국파마,False,name_only,True,MFDS nedrug,nedrug.searchDrug,2026-06-12
201606068,내시콜액(시메티콘),내시콜액(시메티콘),시메티콘,(주)퍼슨,False,name_only,True,MFDS nedrug,nedrug.searchDrug,2026-06-12
199900184,노이로민정(세인트존스워트80%메탄올건조엑스),노이로민정(세인트존스워트80%메탄올건조엑스),세인트존스워트80%메탄올건조엑스,(주)유유제약,False,name_only,True,MFDS nedrug,nedrug.searchDrug,2026-06-12
201803136,뉴글리아정(콜린알포세레이트),뉴글리아정(콜린알포세레이트),콜린알포세레이트,제이더블유중외제약(주),False,name_only,True,MFDS nedrug,nedrug.searchDrug,2026-06-12
201402987,뉴라렌정(콜린알포세레이트),뉴라렌정(콜린알포세레이트),콜린알포세레이트,명문제약(주),False,name_only,True,MFDS nedrug,nedrug.searchDrug,2026-06-12
202600926,뉴아제정,뉴아제정,시메티콘/우르소데옥시콜산/디아스타제·프로테아제·셀룰라제/판크레아틴 장용과립,대한뉴팜(주),False,name_only,True,MFDS nedrug,nedrug.searchDrug,2026-06-12
202105293,다산시메티콘정40밀리그램(시메티콘),다산시메티콘정40밀리그램(시메티콘),시메티콘,(주)다산제약,False,name_only,True,MFDS nedrug,nedrug.searchDrug,2026-06-12
200904689,다이제틴정,다이제틴정,시메티콘/우르소데옥시콜산/디아스타제·프로테아제·셀룰라제/리파제,알리코제약(주),False,name_only,True,MFDS nedrug,nedrug.searchDrug,2026-06-12
200300406,닥터베아제정,닥터베아제정,디아스타제·프로테아제·셀룰라제/판셀라제/크리아제-PEG/디아스타제·프로테아제100/판프로신/리파제/브로멜라인/우르소데옥시콜산/시메티콘,(주)대웅제약,False,name_only,True,MFDS nedrug,nedrug.searchDrug,2026-06-12
202601107,더브루겔액(시메티콘),더브루겔액(시메티콘),시메티콘,대원제약(주),False,name_only,True,MFDS nedrug,nedrug.searchDrug,2026-06-12
199501042,동구엘시스틴연질캡슐,동구엘시스틴연질캡슐,L-시스틴,(주)동구바이오제약,False,name_only,True,MFDS nedrug,nedrug.searchDrug,2026-06-12
201800191,디멘스타정(콜린알포세레이트),디멘스타정(콜린알포세레이트),콜린알포세레이트,고려제약(주),False,name_only,True,MFDS nedrug,nedrug.searchDrug,2026-06-12
201706869,디멘콜린정(콜린알포세레이트),디멘콜린정(콜린알포세레이트),콜린알포세레이트,(주)다산제약,False,name_only,True,MFDS nedrug,nedrug.searchDrug,2026-06-12
201508016,디클렉틴장용정,디클렉틴장용정,독실아민숙신산염/피리독신염산염,현대약품(주),False,name_only,True,MFDS nedrug,nedrug.searchDrug,2026-06-12
202503235,라디컷현탁액(에다라본),라디컷현탁액(에다라본),에다라본,타나베파마코리아주식회사,False,name_only,True,MFDS nedrug,nedrug.searchDrug,2026-06-12
202601288,라라팡정,라라팡정,피코설페이트나트륨수화물/황산칼륨/황산마그네슘수화물/시메티콘,(주)비보존제약,False,name_only,True,MFDS nedrug,nedrug.searchDrug,2026-06-12
201101158,"1.덴티가드골드치약, 2.덴티가드센서티브치약, 3.덴티가드실버치약, 4.덴티가드센서티브씨치약, 5.센티스센서티브, 6.덴티가드클리닉센서티브검케어치약, 7.덴티가드클리닉센서티브화이트치약, 8.센티스프레쉬치약(아쿠아민트향), 9.이지듀덴티센서티브롱래스팅민트향치약","1.덴티가드골드치약, 2.덴티가드센서티브치약, 3.덴티가드실버치약, 4.덴티가드센서티브씨치약, 5.센티스센서티브, 6.덴티가드클리닉센서티브검케어치약, 7.덴티가드클리닉센서티브화이트치약, 8.센티스프레쉬치약(아쿠아민트향), 9.이지듀덴티센서티브롱래스팅민트향치약",덴탈타입실리카/인산삼칼슘/토코페롤아세테이트,(주)시지바이오,False,name_only,True,MFDS nedrug,nedrug.searchDrug,2026-06-12
201106289,"1.미소지은모닝이후레쉬치약, 2.덴티가드랩마스터치약","1.미소지은모닝이후레쉬치약, 2.덴티가드랩마스터치약",덴탈타입실리카/일불소인산나트륨/알란토인클로로히드록시알루미늄,금호덴탈제약(주),False,name_only,True,MFDS nedrug,nedrug.searchDrug,2026-06-12
201402737,"1.상쾌한프로폴리치약, 2.파워킹치약, 3.쏠렉닥터덴탈1075치약, 4.덴티가드랩유스치약, 5.내몸애상쾌한프로폴리치약, 6.포레스트테라피치약, 7.에스디플랫폼네이처덴탈치약, 8.내몸애프로폴리잇몸케어치약, 9.프로폴리마스터마일드치약, 10.프로폴리마스터스트롱치약","1.상쾌한프로폴리치약, 2.파워킹치약, 3.쏠렉닥터덴탈1075치약, 4.덴티가드랩유스치약, 5.내몸애상쾌한프로폴리치약, 6.포레스트테라피치약, 7.에스디플랫폼네이처덴탈치약, 8.내몸애프로폴리잇몸케어치약, 9.프로폴리마스터마일드치약, 10.프로폴리마스터스트롱치약",덴탈타입실리카/일불소인산나트륨/피리독신염산염/토코페롤아세테이트,금호덴탈제약(주),False,name_only,True,MFDS nedrug,nedrug.searchDrug,2026-06-12
201304037,"1.엔-47프라즈마플러스치약, 2.전통솔트케어치약, 3.더존덴탈케어치약, 4.지지이브케어치약, 5.일양덴탈케어토탈솔루션치약","1.엔-47프라즈마플러스치약, 2.전통솔트케어치약, 3.더존덴탈케어치약, 4.지지이브케어치약, 5.일양덴탈케어토탈솔루션치약",제일인산칼륨/제이인산칼륨/덴탈타입실리카/우르소데옥시콜산/플루오르화나트륨/토코페롤아세테이트,우리생활건강,False,name_only,True,MFDS nedrug,nedrug.searchDrug,2026-06-12
199806283,"1.엘지덴타가글(후레쉬민트), 2.페리오토탈7아쿠아쿨민트가글, 3.페리오토탈7스트롱후레쉬가글, 4.페리오토탈7시트러스마일드가글, 5.페리오46센티미터가글, 6.페리오토탈7아쿠아쿨민트가글뉴, 7.페리오토탈7스트롱후레쉬가글뉴, 8.페리오토탈7시트러스마일드가글뉴, 9.페리오토탈7애플민트향가글, 10.페리오토탈7그레이프민트향가글, 11.페리오카카오프렌즈프로도쿨가글, 12.페리오카카오프렌즈네오사과민트향가글, 13.페리오카카오프렌즈무지자몽오렌지향가글, 14.페리오화이트나우가글레몬민트향, 15.페리오토탈7애플민트향가글뉴, 16.페리오토탈7그레이프민트향가글뉴, 17.페리오토탈7가글제로, 18.페리오토탈7가글익스트림, 19.페리오제로가글플러스, 20.유시몰마일드가글, 21.유시몰제로아이시가글, 22.명약원메디케어가글, 23.트리니티트리플케어가글, 24.유시몰제로마일드가글, 25.페리오로얄보타닉제로가글, 26.페리오제로키즈가글포도맛, 27.페리오제로키즈가글딸기맛, 28.핑크솔트토탈제로마일드민트, 29.리치프로페셔널케어제로, 30.페리오가글포도향, 31.페리오키즈제로가글사과향","1.엘지덴타가글(후레쉬민트), 2.페리오토탈7아쿠아쿨민트가글, 3.페리오토탈7스트롱후레쉬가글, 4.페리오토탈7시트러스마일드가글, 5.페리오46센티미터가글, 6.페리오토탈7아쿠아쿨민트가글뉴, 7.페리오토탈7스트롱후레쉬가글뉴, 8.페리오토탈7시트러스마일드가글뉴, 9.페리오토탈7애플민트향가글, 10.페리오토탈7그레이프민트향가글, 11.페리오카카오프렌즈프로도쿨가글, 12.페리오카카오프렌즈네오사과민트향가글, 13.페리오카카오프렌즈무지자몽오렌지향가글, 14.페리오화이트나우가글레몬민트향, 15.페리오토탈7애플민트향가글뉴, 16.페리오토탈7그레이프민트향가글뉴, 17.페리오토탈7가글제로, 18.페리오토탈7가글익스트림, 19.페리오제로가글플러스, 20.유시몰마일드가글, 21.유시몰제로아이시가글, 22.명약원메디케어가글, 23.트리니티트리플케어가글, 24.유시몰제로마일드가글, 25.페리오로얄보타닉제로가글, 26.페리오제로키즈가글포도맛, 27.페리오제로키즈가글딸기맛, 28.핑크솔트토탈제로마일드민트, 29.리치프로페셔널케어제로, 30.페리오가글포도향, 31.페리오키즈제로가글사과향",염화세틸피리디늄/플루오르화나트륨/우르소데옥시콜산,(주)엘지생활건강,False,name_only,True,MFDS nedrug,nedrug.searchDrug,2026-06-12
201204806,"1.죽염명약원골드플러스액, 2.페리오46센티미터가글아이스쿨민트, 3.죽염명약원천고지액신, 4.죽염을담아잇몸에좋은가글, 5.죽염오리지널진가글, 6.죽염수순뉴, 7.죽염명약원천고지액","1.죽염명약원골드플러스액, 2.페리오46센티미터가글아이스쿨민트, 3.죽염명약원천고지액신, 4.죽염을담아잇몸에좋은가글, 5.죽염오리지널진가글, 6.죽염수순뉴, 7.죽염명약원천고지액",플루오르화나트륨/우르소데옥시콜산/염화세틸피리디늄/쿠르쿠마잔토리자유/죽염,(주)엘지생활건강,False,name_only,True,MFDS nedrug,nedrug.searchDrug,2026-06-12
199704174,1.죽염명약원치약2.죽염명약원진치약3.죽염명약원홍치약4.죽염명약원골드치약5.명약원골드치약,1.죽염명약원치약2.죽염명약원진치약3.죽염명약원홍치약4.죽염명약원골드치약5.명약원골드치약,인산수소칼슘수화물/일불소인산나트륨/죽염,(주)엘지생활건강,False,name_only,True,MFDS nedrug,nedrug.searchDrug,2026-06-12
200602852,"1.죽염은강고잇몸고치약, 2.죽염은강고홍치약, 3.죽염이사금, 4.죽염은강고치약, 5.죽염알파치약, 6.트리니티트리플검치약","1.죽염은강고잇몸고치약, 2.죽염은강고홍치약, 3.죽염이사금, 4.죽염은강고치약, 5.죽염알파치약, 6.트리니티트리플검치약",덴탈타입실리카/플루오르화나트륨/아미노카프로산/글리시리진산이칼륨/우르소데옥시콜산/쿠르쿠마잔토리자유/죽염,(주)엘지생활건강,False,name_only,True,MFDS nedrug,nedrug.searchDrug,2026-06-12
202301445,"1.퀵앤써액(복숭아향), 2.퀵앤써액(샤인머스캣향)","1.퀵앤써액(복숭아향), 2.퀵앤써액(샤인머스캣향)",벤포티아민/리보플라빈포스페이트나트륨/피리독신염산염/우르소데옥시콜산,동화약품(주),False,name_only,True,MFDS nedrug,nedrug.searchDrug,2026-06-12
200508672,"1.페리오센서티브치약, 2.죽염시린고치약, 3.죽염시린고플러스치약, 4.파이브데이즈시린이치약","1.페리오센서티브치약, 2.죽염시린고치약, 3.죽염시린고플러스치약, 4.파이브데이즈시린이치약",덴탈타입실리카/플루오르화나트륨/제일인산칼륨/제이인산칼륨/토코페롤아세테이트/우르소데옥시콜산,(주)엘지생활건강,False,name_only,True,MFDS nedrug,nedrug.searchDrug,2026-06-12
201506870,가나슨캡슐,가나슨캡슐,비페닐디메틸디카르복실레이트/우르소데옥시콜산,(주)한국파마,False,name_only,True,MFDS nedrug,nedrug.searchDrug,2026-06-12
201907786,가네듀오캡슐,가네듀오캡슐,비페닐디메틸디카르복실레이트/우르소데옥시콜산,(주)종근당,False,name_only,True,MFDS nedrug,nedrug.searchDrug,2026-06-12
202303237,가넥트액,가넥트액,벤포티아민/리보플라빈포스페이트나트륨/피리독신염산염/니코틴산아미드/우르소데옥시콜산/베타인염산염,동아제약(주),False,name_only,True,MFDS nedrug,nedrug.searchDrug,2026-06-12
201502345,간디바캡슐,간디바캡슐,비페닐디메틸디카르복실레이트/우르소데옥시콜산,삼익제약(주),False,name_only,True,MFDS nedrug,nedrug.searchDrug,2026-06-12
202302368,검가드센스티브,검가드센스티브,플루오르화나트륨/세틸피리디늄염화물수화물/죽염/쿠르쿠마잔토리자유/우르소데옥시콜산,동아제약(주),False,name_only,True,MFDS nedrug,nedrug.searchDrug,2026-06-12
201701095,광동벤포파워액,광동벤포파워액,벤포티아민/니코틴산아미드/피리독신염산염/리보플라빈/산화아연/우르소데옥시콜산,광동제약(주),False,name_only,True,MFDS nedrug,nedrug.searchDrug,2026-06-12
201903344,광동벤포파워제트액,광동벤포파워제트액,벤포티아민/니코틴산아미드/피리독신염산염/리보플라빈/산화아연/우르소데옥시콜산,광동제약(주),False,name_only,True,MFDS nedrug,nedrug.searchDrug,2026-06-12
202107279,그린알로정,그린알로정,수산화마그네슘/우르소데옥시콜산/노회건조엑스,(주)시어스제약,False,name_only,True,MFDS nedrug,nedrug.searchDrug,2026-06-12
201602427,나인나인정,나인나인정,무수인산수소칼슘/시아노코발라민1000배산/염화크롬수화물/요오드화칼륨/몰리브덴산나트륨/폴산/레티놀아세테이트/피토나디온 5%/리보플라빈/베타카로틴20%과립/티아민질산염/피리독신염산염/비오틴/콜레칼시페롤과립/황산제이구리수화물/황산망간/판토텐산칼슘/산화아연/니코틴산아미드/토코페롤아세테이트 2배산/셀레늄가루 0.1%/푸마르산철/아스코르브산97%과립/산화마그네슘/황산칼륨/우르소데옥시콜산/콜린타르타르산염/오로트산수화물,한미약품(주),False,name_only,True,MFDS nedrug,nedrug.searchDrug,2026-06-12
200204181,네오퀸크림4%(히드로퀴논),네오퀸크림4%(히드로퀴논),히드로퀴논,(주)나노팜,False,name_only,True,MFDS nedrug,nedrug.searchDrug,2026-06-12
201308209,뉴먼트에이스연질캡슐,뉴먼트에이스연질캡슐,레티놀팔미테이트/아스코르브산/농축콜레칼시페롤(유상)/토코페롤아세테이트/티아민질산염/리보플라빈/피리독신염산염/시아노코발라민1000배산/니코틴산아미드/폴산/비오틴/판토텐산칼슘/무수인산수소칼슘/푸마르산철/산화마그네슘/산화아연/셀레늄함유건조효모/산화제이구리/황산망간수화물/우르소데옥시콜산/피토나디온5%,제이더블유중외제약(주),False,name_only,True,MFDS nedrug,nedrug.searchDrug,2026-06-12
201305371,뉴트리-비프리미엄정,뉴트리-비프리미엄정,피리독신염산염/d-비오틴/시아노코발라민/토코페롤아세테이트 2배산/폴산/벤포티아민/니코틴산아미드/판토텐산칼슘/산화아연/아스코르브산과립/우르소데옥시콜산/이노시톨/리보플라빈/콜린타르타르산염/셀레늄함유건조효모,코오롱제약(주),False,name_only,True,MFDS nedrug,nedrug.searchDrug,2026-06-12
202003327,뉴트리액티브정,뉴트리액티브정,벤포티아민/비스벤티아민/리보플라빈부티레이트/니코틴산아미드/판토텐산칼슘/피리독살포스페이트수화물/폴산/시아노코발라민 1000배산/이노시톨/콜린타르타르산염/제피아스코르브산/토코페롤아세테이트 2배산/산화아연/셀레늄함유건조효모/산화마그네슘/농축콜레칼시페롤 과립/우르소데옥시콜산/유비데카레논/감마오리자놀,한국코러스(주),False,name_only,True,MFDS nedrug,nedrug.searchDrug,2026-06-12
200904538,다비움정,다비움정,수산화마그네슘/우르소데옥시콜산/노회건조엑스,제이더블유신약(주),False,name_only,True,MFDS nedrug,nedrug.searchDrug,2026-06-12
200402560,다우제큐정,다우제큐정,디아스타제·프로테아제·셀룰라제/리파제/우르소데옥시콜산,미래바이오제약(주),False,name_only,True,MFDS nedrug,nedrug.searchDrug,2026-06-12
200904507,다이락스-큐정,다이락스-큐정,비사코딜/도큐세이트나트륨/우르소데옥시콜산,조아제약(주),False,name_only,True,MFDS nedrug,nedrug.searchDrug,2026-06-12
202301820,다이락스쎈정,다이락스쎈정,비사코딜/도큐세이트나트륨/우르소데옥시콜산/노회 엑스,조아제약(주),False,name_only,True,MFDS nedrug,nedrug.searchDrug,2026-06-12
198902527,다제스캡슐,다제스캡슐,셀룰라제Ⅱ/판크레리파아제/펩신/파파인/디아스타제/우르소데옥시콜산/셀룰라제II/판크레아틴/판크레리파제,한림제약(주),False,name_only,True,MFDS nedrug,nedrug.searchDrug,2026-06-12
197000040,대웅우루사연질캡슐,대웅우루사연질캡슐,우르소데옥시콜산/티아민질산염/리보플라빈,(주)대웅제약,False,name_only,True,MFDS nedrug,nedrug.searchDrug,2026-06-12
200303231,더모케어로오숀2.5%(히드로코르티손),더모케어로오숀2.5%(히드로코르티손),히드로코르티손,(주)나노팜,False,name_only,True,MFDS nedrug,nedrug.searchDrug,2026-06-12
199602566,지셀연질캡슐(비페닐디메칠디카르복실레이트),지셀연질캡슐(비페닐디메칠디카르복실레이트),비페닐디메칠디카르복실레이트,구주제약(주),False,name_only,True,MFDS nedrug,nedrug.searchDrug,2026-06-12
202600042,듀락토시럽(락툴로오스농축액),듀락토시럽(락툴로오스농축액),락툴로오스 농축액,(주)테라젠이텍스,False,name_only,True,MFDS nedrug,nedrug.searchDrug,2026-06-12
202600282,락토락시럽(락툴로오스농축액),락토락시럽(락툴로오스농축액),락툴로오스 농축액,(주)마더스제약,False,name_only,True,MFDS nedrug,nedrug.searchDrug,2026-06-12
201309771,락투즈시럽(락툴로오스액),락투즈시럽(락툴로오스액),락툴로오스액,(주)엑세스파마,False,name_only,True,MFDS nedrug,nedrug.searchDrug,2026-06-12
201309770,레보락시럽(락툴로오스액),레보락시럽(락툴로오스액),락툴로오스액,(주)엑세스파마,False,name_only,True,MFDS nedrug,nedrug.searchDrug,2026-06-12
202500805,모닝엘시럽(락툴로오스액),모닝엘시럽(락툴로오스액),락툴로오스액,(주)보령바이오파마,False,name_only,True,MFDS nedrug,nedrug.searchDrug,2026-06-12
202200874,비엘락툴이지시럽(락툴로오스농축액),비엘락툴이지시럽(락툴로오스농축액),락툴로오스 농축액,한국신텍스제약(주),False,name_only,True,MFDS nedrug,nedrug.searchDrug,2026-06-12
201802080,비코그린이지시럽(락툴로오스농축액),비코그린이지시럽(락툴로오스농축액),락툴로오스농축액,코오롱제약(주),False,name_only,True,MFDS nedrug,nedrug.searchDrug,2026-06-12
202500359,엔비락시럽(락툴로오스농축액),엔비락시럽(락툴로오스농축액),락툴로오스 농축액,경방신약(주),False,name_only,True,MFDS nedrug,nedrug.searchDrug,2026-06-12
201209553,장쾌락시럽(락툴로오스농축액),장쾌락시럽(락툴로오스농축액),락툴로오스농축액,한미약품(주),False,name_only,True,MFDS nedrug,nedrug.searchDrug,2026-06-12
202501319,조은아이푸푸시럽(락툴로오스농축액),조은아이푸푸시럽(락툴로오스농축액),락툴로오스 농축액,조아제약(주),False,name_only,True,MFDS nedrug,nedrug.searchDrug,2026-06-12
201708002,굿모닝에이스정,굿모닝에이스정,도큐세이트나트륨/비사코딜/센나열매/감초엑스산/작약엑스산,(주)한풍제약,False,name_only,True,MFDS nedrug,nedrug.searchDrug,2026-06-12
202004930,뉴락스에프정,뉴락스에프정,비사코딜/센나열매가루,태극제약(주),False,name_only,True,MFDS nedrug,nedrug.searchDrug,2026-06-12
201900111,뉴코딜정,뉴코딜정,비사코딜/도큐세이트나트륨,대한뉴팜(주),False,name_only,True,MFDS nedrug,nedrug.searchDrug,2026-06-12
202501467,다비슬림정,다비슬림정,비사코딜/도큐세이트나트륨,(주)씨엠지제약,False,name_only,True,MFDS nedrug,nedrug.searchDrug,2026-06-12
202402763,두베락스장용정,두베락스장용정,도큐세이트나트륨/비사코딜,지엘파마(주),False,name_only,True,MFDS nedrug,nedrug.searchDrug,2026-06-12
200906478,둘코락스에스장용정,둘코락스에스장용정,비사코딜/도큐세이트나트륨,오펠라헬스케어코리아(주),False,name_only,True,MFDS nedrug,nedrug.searchDrug,2026-06-12
200512347,둘코락스좌약(비사코딜),둘코락스좌약(비사코딜),비사코딜,오펠라헬스케어코리아(주),False,name_only,True,MFDS nedrug,nedrug.searchDrug,2026-06-12
202601473,둘코리퀴젤장용연질캡슐,둘코리퀴젤장용연질캡슐,비사코딜/우르소데옥시콜산/도큐세이트나트륨,코스맥스파마(주),False,name_only,True,MFDS nedrug,nedrug.searchDrug,2026-06-12
202402049,듀얼싹플러스장용연질캡슐,듀얼싹플러스장용연질캡슐,비사코딜/우르소데옥시콜산/도큐세이트나트륨,제일헬스사이언스(주),False,name_only,True,MFDS nedrug,nedrug.searchDrug,2026-06-12
202203713,듀오그린엘정,듀오그린엘정,비사코딜/도큐세이트나트륨,한국신텍스제약(주),False,name_only,True,MFDS nedrug,nedrug.searchDrug,2026-06-12
201706690,듀오그린정,듀오그린정,도큐세이트나트륨/센나엽가루/Tinnevelly 센나열매가루/비사코딜,한국신텍스제약(주),False,name_only,True,MFDS nedrug,nedrug.searchDrug,2026-06-12
202203581,듀오그린큐정,듀오그린큐정,비사코딜/도큐세이트나트륨,한국신텍스제약(주),False,name_only,True,MFDS nedrug,nedrug.searchDrug,2026-06-12
199302061,듀오락스정,듀오락스정,비사코딜/도큐세이트나트륨,영일제약(주),False,name_only,True,MFDS nedrug,nedrug.searchDrug,2026-06-12
201404271,디센트에스정,디센트에스정,비사코딜/도큐세이트나트륨,(주)바이넥스,False,name_only,True,MFDS nedrug,nedrug.searchDrug,2026-06-12
201700836,디유비정,디유비정,비사코딜/우르소데옥시콜산/디메티콘,(주)휴온스,False,name_only,True,MFDS nedrug,nedrug.searchDrug,2026-06-12
202500119,릴리즈장용연질캡슐,릴리즈장용연질캡슐,도큐세이트나트륨/비사코딜/우르소데옥시콜산,아이큐어(주),False,name_only,True,MFDS nedrug,nedrug.searchDrug,2026-06-12
202200014,메이놀정,메이놀정,비사코딜/도큐세이트나트륨,(주)바스칸바이오제약,False,name_only,True,MFDS nedrug,nedrug.searchDrug,2026-06-12
202104806,메이큐정,메이큐정,비사코딜/도큐세이트나트륨,(주)바스칸바이오제약,False,name_only,True,MFDS nedrug,nedrug.searchDrug,2026-06-12
202501823,메이킨에프장용정,메이킨에프장용정,비사코딜/센노시드/도큐세이트나트륨/우르소데옥시콜산,명인제약(주),False,name_only,True,MFDS nedrug,nedrug.searchDrug,2026-06-12
201405042,메이킨큐장용정,메이킨큐장용정,비사코딜/카산트라놀/도큐세이트나트륨/우르소데옥시콜산,명인제약(주),False,name_only,True,MFDS nedrug,nedrug.searchDrug,2026-06-12
202401985,모닝톡에프장용연질캡슐,모닝톡에프장용연질캡슐,비사코딜/우르소데옥시콜산/도큐세이트나트륨,일양바이오팜(주),False,name_only,True,MFDS nedrug,nedrug.searchDrug,2026-06-12
202203780,비사린정,비사린정,비사코딜/도큐세이트나트륨,(주)일화,False,name_only,True,MFDS nedrug,nedrug.searchDrug,2026-06-12
201707895,비사콜장용정,비사콜장용정,비사코딜/도큐세이트나트륨,안국약품(주),False,name_only,True,MFDS nedrug,nedrug.searchDrug,2026-06-12
202502698,비사큐민장용연질캡슐,비사큐민장용연질캡슐,비사코딜/우르소데옥시콜산/도큐세이트나트륨,주식회사 제이비케이랩,False,name_only,True,MFDS nedrug,nedrug.searchDrug,2026-06-12
201502323,비사큐정,비사큐정,비사코딜/도큐세이트나트륨,태극제약(주),False,name_only,True,MFDS nedrug,nedrug.searchDrug,2026-06-12
201404670,비센큐정,비센큐정,도큐세이트나트륨/센나엽가루/비사코딜,(주)마더스제약,False,name_only,True,MFDS nedrug,nedrug.searchDrug,2026-06-12
201502994,비카린엠장용정,비카린엠장용정,도큐세이트나트륨/센나엽가루/비사코딜,(주)마더스제약,False,name_only,True,MFDS nedrug,nedrug.searchDrug,2026-06-12
201200854,비코그린에스정,비코그린에스정,비사코딜/도큐세이트나트륨/센노사이드칼슘,코오롱제약(주),False,name_only,True,MFDS nedrug,nedrug.searchDrug,2026-06-12
202303434,비코그린에스플러스정,비코그린에스플러스정,비사코딜/도큐세이트나트륨/센노시드칼슘/판토텐산칼슘,코오롱제약(주),False,name_only,True,MFDS nedrug,nedrug.searchDrug,2026-06-12
202301279,비코딜에스정,비코딜에스정,비사코딜/우르소데옥시콜산,(주)인트로바이오파마,False,name_only,True,MFDS nedrug,nedrug.searchDrug,2026-06-12
200202174,온단트정8밀리그램(온단세트론),온단트정8밀리그램(온단세트론),온단세트론,한미약품(주),False,name_only,True,MFDS nedrug,nedrug.searchDrug,2026-06-12
200301829,온단트주(온단세트론염산염수화물),온단트주(온단세트론염산염수화물),온단세트론염산염수화물,한미약품(주),False,name_only,True,MFDS nedrug,nedrug.searchDrug,2026-06-12
200300419,온세란정4mg(온단세트론염산염),온세란정4mg(온단세트론염산염),온단세트론염산염,(주)유한양행,False,name_only,True,MFDS nedrug,nedrug.searchDrug,2026-06-12
200100590,온세란정8mg(온단세트론염산염),온세란정8mg(온단세트론염산염),온단세트론염산염,(주)유한양행,False,name_only,True,MFDS nedrug,nedrug.searchDrug,2026-06-12
200200479,온세란주(온단세트론염산염),온세란주(온단세트론염산염),온단세트론염산염,(주)유한양행,False,name_only,True,MFDS nedrug,nedrug.searchDrug,2026-06-12
200200963,온세트론정(온단세트론염산염수화물),온세트론정(온단세트론염산염수화물),온단세트론염산염수화물,(주)보령,False,name_only,True,MFDS nedrug,nedrug.searchDrug,2026-06-12
201100698,온세트론주(바이알)(온단세트론염산염수화물),온세트론주(바이알)(온단세트론염산염수화물),온단세트론염산염수화물,(주)보령,False,name_only,True,MFDS nedrug,nedrug.searchDrug,2026-06-12
202401855,온트론주2밀리그램/밀리리터(바이알)(온단세트론염산염),온트론주2밀리그램/밀리리터(바이알)(온단세트론염산염),온단세트론염산염,한국코러스(주),False,name_only,True,MFDS nedrug,nedrug.searchDrug,2026-06-12
199906878,조프란자이디스정4밀리그램(온단세트론),조프란자이디스정4밀리그램(온단세트론),온단세트론,삼일제약(주),False,name_only,True,MFDS nedrug,nedrug.searchDrug,2026-06-12
199906877,조프란자이디스정8밀리그램(온단세트론),조프란자이디스정8밀리그램(온단세트론),온단세트론,삼일제약(주),False,name_only,True,MFDS nedrug,nedrug.searchDrug,2026-06-12
200809696,조프란정8밀리그램(온단세트론염산염수화물),조프란정8밀리그램(온단세트론염산염수화물),온단세트론염산염수화물,삼일제약(주),False,name_only,True,MFDS nedrug,nedrug.searchDrug,2026-06-12
200512344,조프란주(온단세트론염산염수화물),조프란주(온단세트론염산염수화물),온단세트론염산염수화물,삼일제약(주),False,name_only,True,MFDS nedrug,nedrug.searchDrug,2026-06-12
200002886,하나온단세트론주사(온단세트론염산염수화물),하나온단세트론주사(온단세트론염산염수화물),온단세트론염산염수화물,하나제약(주),False,name_only,True,MFDS nedrug,nedrug.searchDrug,2026-06-12
201705482,가스트로메토주(메토클로프라미드염산염수화물),가스트로메토주(메토클로프라미드염산염수화물),메토클로프라미드염산염수화물,대한약품공업(주),False,name_only,True,MFDS nedrug,nedrug.searchDrug,2026-06-12
197200484,맥페란정(메토클로프라미드),맥페란정(메토클로프라미드),메토클로프라미드,동화약품(주),False,name_only,True,MFDS nedrug,nedrug.searchDrug,2026-06-12
198800560,맥페란주사액2밀리리터(메토클로프라미드염산염수화물),맥페란주사액2밀리리터(메토클로프라미드염산염수화물),메토클로프라미드염산염수화물,동화약품(주),False,name_only,True,MFDS nedrug,nedrug.searchDrug,2026-06-12
199500497,멕쿨주(메토클로프라미드염산염),멕쿨주(메토클로프라미드염산염),메토클로프라미드염산염수화물,(주)제일제약,False,name_only,True,MFDS nedrug,nedrug.searchDrug,2026-06-12
201702246,루파핀정(루파타딘푸마르산염),루파핀정(루파타딘푸마르산염),루파타딘푸마르산염,안국약품(주),False,name_only,True,MFDS nedrug,nedrug.searchDrug,2026-06-12
201504234,"라이트올론점안액0.2%(올로파타딘염산염), 라이트올론점안액0.2%(올로파타딘염산염)(1회용)","라이트올론점안액0.2%(올로파타딘염산염), 라이트올론점안액0.2%(올로파타딘염산염)(1회용)",올로파타딘염산염,(주)라이트팜텍,False,name_only,True,MFDS nedrug,nedrug.searchDrug,2026-06-12
201906145,라이트올론점안액0.1%(올로파타딘염산염),라이트올론점안액0.1%(올로파타딘염산염),올로파타딘염산염,(주)라이트팜텍,False,name_only,True,MFDS nedrug,nedrug.searchDrug,2026-06-12
202203563,"라이트올론점안액0.7%(올로파타딘염산염), 라이트올론점안액0.7%(올로파타딘염산염)(1회용)","라이트올론점안액0.7%(올로파타딘염산염), 라이트올론점안액0.7%(올로파타딘염산염)(1회용)",올로파타딘염산염,(주)라이트팜텍,False,name_only,True,MFDS nedrug,nedrug.searchDrug,2026-06-12
201402896,로파딘점안액(올로파타딘염산염),로파딘점안액(올로파타딘염산염),올로파타딘염산염,대한약품공업(주),False,name_only,True,MFDS nedrug,nedrug.searchDrug,2026-06-12
201704543,루체피점안액(올로파타딘염산염),루체피점안액(올로파타딘염산염),올로파타딘염산염,(주)씨엠지제약,False,name_only,True,MFDS nedrug,nedrug.searchDrug,2026-06-12
202004522,리알트리스나잘스프레이액,리알트리스나잘스프레이액,올로파타딘염산염/모메타손푸로에이트일수화물,(주)유한양행,False,name_only,True,MFDS nedrug,nedrug.searchDrug,2026-06-12
201210140,리타놀점안액(올로파타딘염산염),리타놀점안액(올로파타딘염산염),올로파타딘염산염,(주)휴온스메디텍,False,name_only,True,MFDS nedrug,nedrug.searchDrug,2026-06-12
201606527,리타데이점안액0.2%(올로파타딘염산염),리타데이점안액0.2%(올로파타딘염산염),올로파타딘염산염,(주)휴온스메디텍,False,name_only,True,MFDS nedrug,nedrug.searchDrug,2026-06-12
202400088,리타맥스0.7%점안액(올로파타딘염산염)(1회용),리타맥스0.7%점안액(올로파타딘염산염)(1회용),올로파타딘염산염,(주)휴온스메디텍,False,name_only,True,MFDS nedrug,nedrug.searchDrug,2026-06-12
201504794,베아놀점안액0.1%(올로파타딘염산염),베아놀점안액0.1%(올로파타딘염산염),올로파타딘염산염,대웅바이오(주),False,name_only,True,MFDS nedrug,nedrug.searchDrug,2026-06-12
202008255,베아놀점안액0.2%(올로파타딘염산염)(1회용),베아놀점안액0.2%(올로파타딘염산염)(1회용),올로파타딘염산염,대웅바이오(주),False,name_only,True,MFDS nedrug,nedrug.searchDrug,2026-06-12
201007713,비타놀점안액(올로파타딘염산염),비타놀점안액(올로파타딘염산염),올로파타딘염산염,화일약품(주),False,name_only,True,MFDS nedrug,nedrug.searchDrug,2026-06-12
201403989,아이올로점안액(올로파타딘염산염),아이올로점안액(올로파타딘염산염),올로파타딘염산염,(주)비보존제약,False,name_only,True,MFDS nedrug,nedrug.searchDrug,2026-06-12
201403435,아이파딘점안액(올로파타딘염산염),아이파딘점안액(올로파타딘염산염),올로파타딘염산염,신신제약(주),False,name_only,True,MFDS nedrug,nedrug.searchDrug,2026-06-12
201505727,아이파딘점안액0.2%(올로파타딘염산염),아이파딘점안액0.2%(올로파타딘염산염),올로파타딘염산염,신신제약(주),False,name_only,True,MFDS nedrug,nedrug.searchDrug,2026-06-12
201701559,아이파타딘0.2%점안액(올로파타딘염산염),아이파타딘0.2%점안액(올로파타딘염산염),올로파타딘염산염,(주)제뉴파마,False,name_only,True,MFDS nedrug,nedrug.searchDrug,2026-06-12
201007714,"알러비드점안액(올로파타딘염산염)(1회용), 알러비드점안액(올로파타딘염산염)","알러비드점안액(올로파타딘염산염)(1회용), 알러비드점안액(올로파타딘염산염)",올로파타딘염산염,(주)옵투스제약,False,name_only,True,MFDS nedrug,nedrug.searchDrug,2026-06-12
201904580,알러비드점안액0.2%(올로파타딘염산염)(1회용),알러비드점안액0.2%(올로파타딘염산염)(1회용),올로파타딘염산염,(주)옵투스제약,False,name_only,True,MFDS nedrug,nedrug.searchDrug,2026-06-12
202107983,알러비드점안액0.7%(올로파타딘염산염)(1회용),알러비드점안액0.7%(올로파타딘염산염)(1회용),올로파타딘염산염,(주)옵투스제약,False,name_only,True,MFDS nedrug,nedrug.searchDrug,2026-06-12
201205243,알레놀점안액(올로파타딘염산염),알레놀점안액(올로파타딘염산염),올로파타딘염산염,(주)바이넥스,False,name_only,True,MFDS nedrug,nedrug.searchDrug,2026-06-12
201205263,알레리스정(올로파타딘염산염),알레리스정(올로파타딘염산염),올로파타딘염산염,제이더블유신약(주),False,name_only,True,MFDS nedrug,nedrug.searchDrug,2026-06-12
200804777,알레파딘정5mg(올로파타딘염산염),알레파딘정5mg(올로파타딘염산염),올로파타딘염산염,(주)텔콘알에프제약,False,name_only,True,MFDS nedrug,nedrug.searchDrug,2026-06-12
201207333,알레파타딘점안액(올로파타딘염산염),알레파타딘점안액(올로파타딘염산염),올로파타딘염산염,국제약품(주),False,name_only,True,MFDS nedrug,nedrug.searchDrug,2026-06-12
202003227,"알레파타딘점안액0.7%(올로파타딘염산염), 알레파타딘점안액0.7%(올로파타딘염산염)(1회용)","알레파타딘점안액0.7%(올로파타딘염산염), 알레파타딘점안액0.7%(올로파타딘염산염)(1회용)",올로파타딘염산염,국제약품(주),False,name_only,True,MFDS nedrug,nedrug.searchDrug,2026-06-12
201404383,"알레파타딘점안액0.2%(올로파타딘염산염)(1회용), 알레파타딘점안액0.2%(올로파타딘염산염)","알레파타딘점안액0.2%(올로파타딘염산염)(1회용), 알레파타딘점안액0.2%(올로파타딘염산염)",올로파타딘염산염,국제약품(주),False,name_only,True,MFDS nedrug,nedrug.searchDrug,2026-06-12
200801752,알레파타딘정(올로파타딘염산염),알레파타딘정(올로파타딘염산염),올로파타딘염산염,국제약품(주),False,name_only,True,MFDS nedrug,nedrug.searchDrug,2026-06-12
202203178,알레프로점안액0.7%(올로파타딘염산염)(1회용),알레프로점안액0.7%(올로파타딘염산염)(1회용),올로파타딘염산염,(주)바이넥스,False,name_only,True,MFDS nedrug,nedrug.searchDrug,2026-06-12
200805455,알로타딘정(올로파타딘염산염),알로타딘정(올로파타딘염산염),올로파타딘염산염,(주)일화,False,name_only,True,MFDS nedrug,nedrug.searchDrug,2026-06-12
201004240,알리놀점안액(올로파타딘염산염),알리놀점안액(올로파타딘염산염),올로파타딘염산염,삼일제약(주),False,name_only,True,MFDS nedrug,nedrug.searchDrug,2026-06-12
201206438,"알파데이점안액0.2%(올로파타딘염산염)(1회용), 알파데이점안액0.2%(올로파타딘염산염)","알파데이점안액0.2%(올로파타딘염산염)(1회용), 알파데이점안액0.2%(올로파타딘염산염)",올로파타딘염산염,(주)태준제약,False,name_only,True,MFDS nedrug,nedrug.searchDrug,2026-06-12
199000819,나잘렌시럽(케토티펜푸마르산염),나잘렌시럽(케토티펜푸마르산염),케토티펜푸마르산염,동성제약(주),False,name_only,True,MFDS nedrug,nedrug.searchDrug,2026-06-12
199000820,나잘렌정(푸마르산케토티펜),나잘렌정(푸마르산케토티펜),푸마르산케토티펜,동성제약(주),False,name_only,True,MFDS nedrug,nedrug.searchDrug,2026-06-12
199201515,대원케토티펜시럽(케토티펜푸마르산염),대원케토티펜시럽(케토티펜푸마르산염),케토티펜푸마르산염,대원제약(주),False,name_only,True,MFDS nedrug,nedrug.searchDrug,2026-06-12
201307905,리디펜점안액(케토티펜푸마르산염),리디펜점안액(케토티펜푸마르산염),케토티펜푸마르산염,(주)휴온스메디텍,False,name_only,True,MFDS nedrug,nedrug.searchDrug,2026-06-12
199701092,브롱티펜시럽(케토티펜푸마르산염),브롱티펜시럽(케토티펜푸마르산염),케토티펜푸마르산염,(주)에이프로젠바이오로직스,False,name_only,True,MFDS nedrug,nedrug.searchDrug,2026-06-12
199800892,삼아케토티펜시럽(케토티펜푸마르산염),삼아케토티펜시럽(케토티펜푸마르산염),케토티펜푸마르산염,삼아제약(주),False,name_only,True,MFDS nedrug,nedrug.searchDrug,2026-06-12
199800893,삼아케토티펜정(케토티펜푸마르산염),삼아케토티펜정(케토티펜푸마르산염),케토티펜푸마르산염,삼아제약(주),False,name_only,True,MFDS nedrug,nedrug.searchDrug,2026-06-12
200100164,아스티펜시럽(케토티펜푸마르산염),아스티펜시럽(케토티펜푸마르산염),케토티펜푸마르산염,이연제약(주),False,name_only,True,MFDS nedrug,nedrug.searchDrug,2026-06-12
201403454,아이티펜점안액(케토티펜푸마르산염),아이티펜점안액(케토티펜푸마르산염),케토티펜푸마르산염,신신제약(주),False,name_only,True,MFDS nedrug,nedrug.searchDrug,2026-06-12
200300450,아티펜점안액(케토티펜푸마르산염),아티펜점안액(케토티펜푸마르산염),케토티펜푸마르산염,(주)바이넥스,False,name_only,True,MFDS nedrug,nedrug.searchDrug,2026-06-12
200202172,알러콘점안액(케토티펜푸마르산염),알러콘점안액(케토티펜푸마르산염),케토티펜푸마르산염,한미약품(주),False,name_only,True,MFDS nedrug,nedrug.searchDrug,2026-06-12
200000947,알러펜점안액(케토티펜푸마르산염),알러펜점안액(케토티펜푸마르산염),케토티펜푸마르산염,삼일제약(주),False,name_only,True,MFDS nedrug,nedrug.searchDrug,2026-06-12
200200585,에디펜점안액(케토티펜푸마르산염),에디펜점안액(케토티펜푸마르산염),케토티펜푸마르산염,대우제약(주),False,name_only,True,MFDS nedrug,nedrug.searchDrug,2026-06-12
199302558,영풍케토티펜시럽(케토티펜푸마르산염),영풍케토티펜시럽(케토티펜푸마르산염),케토티펜푸마르산염,영풍제약(주),False,name_only,True,MFDS nedrug,nedrug.searchDrug,2026-06-12
199001973,영풍케토티펜정(케토티펜푸마르산염),영풍케토티펜정(케토티펜푸마르산염),케토티펜푸마르산염,영풍제약(주),False,name_only,True,MFDS nedrug,nedrug.searchDrug,2026-06-12
200004646,유니텐점안액(케토티펜푸마르산염),유니텐점안액(케토티펜푸마르산염),케토티펜푸마르산염,유니메드제약(주),False,name_only,True,MFDS nedrug,nedrug.searchDrug,2026-06-12
200201949,이텐시럽(케토티펜푸마르산염),이텐시럽(케토티펜푸마르산염),케토티펜푸마르산염,(주)테라젠이텍스,False,name_only,True,MFDS nedrug,nedrug.searchDrug,2026-06-12
200307817,자디텐시럽(케토티펜푸마르산염),자디텐시럽(케토티펜푸마르산염),케토티펜푸마르산염,삼일제약(주),False,name_only,True,MFDS nedrug,nedrug.searchDrug,2026-06-12
200805785,제이티펜점안액(케토티펜푸마르산염),제이티펜점안액(케토티펜푸마르산염),케토티펜푸마르산염,이연제약(주),False,name_only,True,MFDS nedrug,nedrug.searchDrug,2026-06-12
201901120,케토린점안액(케토티펜푸마르산염),케토린점안액(케토티펜푸마르산염),케토티펜푸마르산염,(주)휴비스트제약,False,name_only,True,MFDS nedrug,nedrug.searchDrug,2026-06-12
201401402,코니펜시럽(케토티펜푸마르산염),코니펜시럽(케토티펜푸마르산염),케토티펜푸마르산염,코오롱제약(주),False,name_only,True,MFDS nedrug,nedrug.searchDrug,2026-06-12
201401923,코니펜정(케토티펜푸마르산염),코니펜정(케토티펜푸마르산염),케토티펜푸마르산염,코오롱제약(주),False,name_only,True,MFDS nedrug,nedrug.searchDrug,2026-06-12
201906227,코푸펜시럽(케토티펜푸마르산염),코푸펜시럽(케토티펜푸마르산염),케토티펜푸마르산염,조아제약(주),False,name_only,True,MFDS nedrug,nedrug.searchDrug,2026-06-12
199602019,파나벤정(케토티펜푸마르산염),파나벤정(케토티펜푸마르산염),케토티펜푸마르산염,한국넬슨제약(주),False,name_only,True,MFDS nedrug,nedrug.searchDrug,2026-06-12
200302303,포티텐점안액(케토티펜푸마르산염),포티텐점안액(케토티펜푸마르산염),케토티펜푸마르산염,한림제약(주),False,name_only,True,MFDS nedrug,nedrug.searchDrug,2026-06-12
199301392,푸마티펜정(케토티펜푸마르산염),푸마티펜정(케토티펜푸마르산염),케토티펜푸마르산염,(주)동구바이오제약,False,name_only,True,MFDS nedrug,nedrug.searchDrug,2026-06-12
201804962,휴토펜점안액(케토티펜푸마르산염),휴토펜점안액(케토티펜푸마르산염),케토티펜푸마르산염,(주)휴메딕스,False,name_only,True,MFDS nedrug,nedrug.searchDrug,2026-06-12
200004479,감바로과립,감바로과립,갈근/마황/대추/육계/작약/감초/건강/에텐자미드/클로르페니라민말레산염/노스카핀/카페인무수물,한솔신약(주),False,name_only,True,MFDS nedrug,nedrug.searchDrug,2026-06-12
200902769,그린노즈에스캡슐,그린노즈에스캡슐,클로르페니라민말레산염/페닐레프린염산염/벨라돈나총알칼로이드,맥널티제약(주),False,name_only,True,MFDS nedrug,nedrug.searchDrug,2026-06-12
202401758,그린노즈플러스연질캡슐,그린노즈플러스연질캡슐,클로르페니라민말레산염/카페인무수물/벨라돈나총알칼로이드,(주)녹십자,False,name_only,True,MFDS nedrug,nedrug.searchDrug,2026-06-12
200004264,기가에이연질캡슐,기가에이연질캡슐,덱스트로메토르판브롬화수소산염수화물/노스카핀염산염수화물/트리메토퀴놀염산염수화물/구아이페네신/d-클로르페니라민말레산염,(주)알피바이오,False,name_only,True,MFDS nedrug,nedrug.searchDrug,2026-06-12
197700537,네오메디코푸정,네오메디코푸정,디히드로코데인타르타르산염/클로르페니라민말레산염/dl-메틸에페드린염산염/카페인무수물,(주)보령,False,name_only,True,MFDS nedrug,nedrug.searchDrug,2026-06-12
202300042,노량캡슐,노량캡슐,클로르페니라민말레산염/스코폴라민브롬화수소산염수화물/피리독신염산염/아미노벤조산에틸/카페인무수물,(주)한풍제약,False,name_only,True,MFDS nedrug,nedrug.searchDrug,2026-06-12
201701612,노이제로정,노이제로정,아미노벤조산에틸/카페인수화물/클로르페니라민말레산염/니코틴산아미드/파파베린염산염/리보플라빈/티아민염산염/노회,태극제약(주),False,name_only,True,MFDS nedrug,nedrug.searchDrug,2026-06-12
201801617,노이텍정,노이텍정,아미노벤조산에틸/카페인수화물/클로르페니라민말레산염/니코틴산아미드/파파베린염산염/리보플라빈/티아민염산염/노회,아이큐어(주),False,name_only,True,MFDS nedrug,nedrug.searchDrug,2026-06-12
202201683,노즈그린연질캡슐,노즈그린연질캡슐,클로르페니라민말레산염/페닐레프린염산염/벨라돈나총알칼로이드,코스맥스파마(주),False,name_only,True,MFDS nedrug,nedrug.searchDrug,2026-06-12
202500775,노즈앤굿나잘스프레이,노즈앤굿나잘스프레이,자일로메타졸린염산염/클로르페니라민말레산염,주식회사삼현제약,False,name_only,True,MFDS nedrug,nedrug.searchDrug,2026-06-12
201206822,노즈케어점비액,노즈케어점비액,나파졸린염산염/클로르페니라민말레산염/글리시리진산디칼륨,부광약품(주),False,name_only,True,MFDS nedrug,nedrug.searchDrug,2026-06-12
201308196,노즈쿨점비액,노즈쿨점비액,나파졸린염산염/클로르페니라민말레산염/글리시리진산디칼륨,신일제약(주),False,name_only,True,MFDS nedrug,nedrug.searchDrug,2026-06-12
202402127,노즈포나잘스프레이,노즈포나잘스프레이,옥시메타졸린염산염/클로르페니라민말레산염,(주)씨엠지제약,False,name_only,True,MFDS nedrug,nedrug.searchDrug,2026-06-12
202302477,눈앤큐점안액,눈앤큐점안액,아미노카프로산/네오스티그민메틸황산염/나파졸린염산염/클로르페니라민말레산염/글리시리진산이칼륨/피리독신염산염/콘드로이틴설페이트나트륨,한미약품(주),False,name_only,True,MFDS nedrug,nedrug.searchDrug,2026-06-12
200409934,뉴브이로토이엑스점안액,뉴브이로토이엑스점안액,D-판테놀/피리독신염산염/클로르페니라민말레산염/글리시리진산이칼륨/네오스티그민메틸황산염/테트라히드로졸린염산염/콘드로이틴설페이트나트륨/L-아스파르트산칼륨,(주)보령,False,name_only,True,MFDS nedrug,nedrug.searchDrug,2026-06-12
200400785,다이오친에프정,다이오친에프정,글리시리진산이칼륨/클로르페니라민말레산염/리보플라빈부티레이트/피리독신염산염/제피아스코르브산/판토텐산칼슘,삼아제약(주),False,name_only,True,MFDS nedrug,nedrug.searchDrug,2026-06-12
200403642,두캅스에이연질캡슐,두캅스에이연질캡슐,덱스트로메토르판브롬화수소산염수화물/노스카핀염산염수화물/트리메토퀴놀염산염수화물/구아이페네신/클로르페니라민말레산염,(주)알피바이오,False,name_only,True,MFDS nedrug,nedrug.searchDrug,2026-06-12
202601092,건투스정50밀리그램(프란루카스트수화물),건투스정50밀리그램(프란루카스트수화물),프란루카스트수화물(미분화),건일바이오팜주식회사,False,name_only,True,MFDS nedrug,nedrug.searchDrug,2026-06-12
202402623,네오프란정50밀리그램(프란루카스트수화물),네오프란정50밀리그램(프란루카스트수화물),프란루카스트수화물,(주)녹십자,False,name_only,True,MFDS nedrug,nedrug.searchDrug,2026-06-12
202502699,루프란정50mg(프란루카스트수화물(미분화)),루프란정50mg(프란루카스트수화물(미분화)),프란루카스트수화물(미분화),오스틴제약(주),False,name_only,True,MFDS nedrug,nedrug.searchDrug,2026-06-12
202600162,비투스정50밀리그램(프란루카스트수화물),비투스정50밀리그램(프란루카스트수화물),프란루카스트수화물,안국약품(주),False,name_only,True,MFDS nedrug,nedrug.searchDrug,2026-06-12
202402633,씨투리엔정50밀리그램(프란루카스트수화물(미분화)),씨투리엔정50밀리그램(프란루카스트수화물(미분화)),프란루카스트수화물(미분화),한화제약(주),False,name_only,True,MFDS nedrug,nedrug.searchDrug,2026-06-12
201004767,씨투스건조시럽(프란루카스트수화물),씨투스건조시럽(프란루카스트수화물),프란루카스트수화물,삼아제약(주),False,name_only,True,MFDS nedrug,nedrug.searchDrug,2026-06-12
201601582,씨투스정50mg(프란루카스트수화물),씨투스정50mg(프란루카스트수화물),프란루카스트수화물,삼아제약(주),False,name_only,True,MFDS nedrug,nedrug.searchDrug,2026-06-12
202401991,씨투스츄정53.0밀리그램(프란루카스트수화물),씨투스츄정53.0밀리그램(프란루카스트수화물),프란루카스트수화물,삼아제약(주),False,name_only,True,MFDS nedrug,nedrug.searchDrug,2026-06-12
202401992,씨투스츄정74.2밀리그램(프란루카스트수화물),씨투스츄정74.2밀리그램(프란루카스트수화물),프란루카스트수화물,삼아제약(주),False,name_only,True,MFDS nedrug,nedrug.searchDrug,2026-06-12
202402628,씨투원정50밀리그램(프란루카스트수화물),씨투원정50밀리그램(프란루카스트수화물),프란루카스트수화물,대웅바이오(주),False,name_only,True,MFDS nedrug,nedrug.searchDrug,2026-06-12
202600277,씨투케어정50밀리그램(프란루카스트수화물),씨투케어정50밀리그램(프란루카스트수화물),프란루카스트수화물,(주)바이넥스,False,name_only,True,MFDS nedrug,nedrug.searchDrug,2026-06-12
202601087,씨프란정50밀리그램(프란루카스트수화물),씨프란정50밀리그램(프란루카스트수화물),프란루카스트수화물(미분화),(주)일화,False,name_only,True,MFDS nedrug,nedrug.searchDrug,2026-06-12
202601031,알레투스정50밀리그램(프란루카스트수화물),알레투스정50밀리그램(프란루카스트수화물),프란루카스트수화물(미분화),(주)보령바이오파마,False,name_only,True,MFDS nedrug,nedrug.searchDrug,2026-06-12
199500183,오논캡슐(프란루카스트수화물),오논캡슐(프란루카스트수화물),프란루카스트수화물,동아에스티(주),False,name_only,True,MFDS nedrug,nedrug.searchDrug,2026-06-12
202502976,코투스정50밀리그램(프란루카스트수화물(미분화)),코투스정50밀리그램(프란루카스트수화물(미분화)),프란루카스트수화물(미분화),코오롱제약(주),False,name_only,True,MFDS nedrug,nedrug.searchDrug,2026-06-12
202600144,푸란투스정(프란루카스트수화물),푸란투스정(프란루카스트수화물),프란루카스트수화물,(주)테라젠이텍스,False,name_only,True,MFDS nedrug,nedrug.searchDrug,2026-06-12
200502022,프라네어캡슐(프란루카스트수화물),프라네어캡슐(프란루카스트수화물),프란루카스트수화물,에스케이케미칼(주),False,name_only,True,MFDS nedrug,nedrug.searchDrug,2026-06-12
200600117,프라카논정75밀리그램(프란루카스트수화물),프라카논정75밀리그램(프란루카스트수화물),프란루카스트수화물,(주)유한양행,False,name_only,True,MFDS nedrug,nedrug.searchDrug,2026-06-12
202600968,프란카스정50밀리그램(프란루카스트수화물),프란카스정50밀리그램(프란루카스트수화물),프란루카스트수화물(미분화),(주)동구바이오제약,False,name_only,True,MFDS nedrug,nedrug.searchDrug,2026-06-12
202502735,프란카정50밀리그램(프란루카스트수화물),프란카정50밀리그램(프란루카스트수화물),프란루카스트수화물,한국프라임제약(주),False,name_only,True,MFDS nedrug,nedrug.searchDrug,2026-06-12
200705320,프란카캡슐(프란루카스트수화물),프란카캡슐(프란루카스트수화물),프란루카스트수화물,한국프라임제약(주),False,name_only,True,MFDS nedrug,nedrug.searchDrug,2026-06-12
202601507,프란케어정50밀리그램(프란루카스트수화물),프란케어정50밀리그램(프란루카스트수화물),프란루카스트수화물,(주)휴온스메디텍,False,name_only,True,MFDS nedrug,nedrug.searchDrug,2026-06-12
202502211,프란코정50밀리그램(프란루카스트수화물(미분화)),프란코정50밀리그램(프란루카스트수화물(미분화)),프란루카스트수화물(미분화),동광제약(주),False,name_only,True,MFDS nedrug,nedrug.searchDrug,2026-06-12
202402624,프란피드정50밀리그램(프란루카스트수화물),프란피드정50밀리그램(프란루카스트수화물),프란루카스트수화물,동국제약(주),False,name_only,True,MFDS nedrug,nedrug.searchDrug,2026-06-12
202402595,프리투스정50밀리그램(프란루카스트수화물),프리투스정50밀리그램(프란루카스트수화물),프란루카스트수화물,(주)다산제약,False,name_only,True,MFDS nedrug,nedrug.searchDrug,2026-06-12
202601490,휴프란정50밀리그램(프란루카스트수화물),휴프란정50밀리그램(프란루카스트수화물),프란루카스트수화물,(주)휴온스,False,name_only,True,MFDS nedrug,nedrug.searchDrug,2026-06-12
201202397,기가렉스연질캡슐,기가렉스연질캡슐,카르보시스테인/브롬헥신염산염,(주)알피바이오,False,name_only,True,MFDS nedrug,nedrug.searchDrug,2026-06-12
201508445,기가엔드연질캡슐,기가엔드연질캡슐,카르보시스테인/브롬헥신염산염,동방에프티엘(주),False,name_only,True,MFDS nedrug,nedrug.searchDrug,2026-06-12
201605499,기가제로연질캡슐,기가제로연질캡슐,카르보시스테인/브롬헥신염산염,코스맥스파마(주),False,name_only,True,MFDS nedrug,nedrug.searchDrug,2026-06-12
201603223,기가파워연질캡슐,기가파워연질캡슐,카르보시스테인/브롬헥신염산염,한솔신약(주),False,name_only,True,MFDS nedrug,nedrug.searchDrug,2026-06-12
201606791,기가프신연질캡슐,기가프신연질캡슐,L-카르보시스테인/브롬헥신염산염,(주)에이프로젠바이오로직스,False,name_only,True,MFDS nedrug,nedrug.searchDrug,2026-06-12
201907005,"노즈원큐나잘스프레이(무향,멘톨향)","노즈원큐나잘스프레이(무향,멘톨향)",자일로메타졸린염산염/L-카르보시스테인,동아제약(주),False,name_only,True,MFDS nedrug,nedrug.searchDrug,2026-06-12
200001948,뮤코론5%시럽(카르보시스테인),뮤코론5%시럽(카르보시스테인),카르보시스테인,부광약품(주),False,name_only,True,MFDS nedrug,nedrug.searchDrug,2026-06-12
198000304,뮤코론캡슐375밀리그램(카르보시스테인),뮤코론캡슐375밀리그램(카르보시스테인),카르보시스테인,부광약품(주),False,name_only,True,MFDS nedrug,nedrug.searchDrug,2026-06-12
200001947,소아용뮤코론시럽(카르보시스테인),소아용뮤코론시럽(카르보시스테인),카르보시스테인,부광약품(주),False,name_only,True,MFDS nedrug,nedrug.searchDrug,2026-06-12
201403225,속콜기가연질캡슐,속콜기가연질캡슐,카르보시스테인/브롬헥신염산염,일양약품(주),False,name_only,True,MFDS nedrug,nedrug.searchDrug,2026-06-12
198901706,엑스펙토시럽2%(카르보시스테인),엑스펙토시럽2%(카르보시스테인),카르보시스테인,(주)팜젠사이언스,False,name_only,True,MFDS nedrug,nedrug.searchDrug,2026-06-12
198901707,엑스펙토시럽5%(카르보시스테인),엑스펙토시럽5%(카르보시스테인),카르보시스테인,(주)팜젠사이언스,False,name_only,True,MFDS nedrug,nedrug.searchDrug,2026-06-12
202601656,팜콜드코프연질캡슐,팜콜드코프연질캡슐,아세트아미노펜/구아이페네신/클로페라스틴염산염/브롬헥신염산염/L-카르보시스테인,(주)서흥,False,name_only,True,MFDS nedrug,nedrug.searchDrug,2026-06-12
201901959,펜싹프레쉬연질캡슐,펜싹프레쉬연질캡슐,카르보시스테인/브롬헥신염산염,제일헬스사이언스(주),False,name_only,True,MFDS nedrug,nedrug.searchDrug,2026-06-12
202601272,모드콜이부코프연질캡슐,모드콜이부코프연질캡슐,이부프로펜/dl-메틸에페드린염산염/브롬헥신염산염/덱스트로메토르판브롬화수소산염수화물/구아이페네신,(주)종근당,False,name_only,True,MFDS nedrug,nedrug.searchDrug,2026-06-12
202601208,모드콜이부콜드연질캡슐,모드콜이부콜드연질캡슐,이부프로펜/DL-메틸에페드린염산염/구아이페네신/덱스트로메토르판브롬화수소산염수화물/슈도에페드린염산염/클로르페니라민말레산염/브롬헥신염산염,(주)종근당,False,name_only,True,MFDS nedrug,nedrug.searchDrug,2026-06-12
202601190,모드콜코프스트롱연질캡슐,모드콜코프스트롱연질캡슐,아세트아미노펜/구아이페네신/덱스트로메토르판브롬화수소산염수화물/DL-메틸에페드린염산염/브롬헥신염산염,(주)종근당,False,name_only,True,MFDS nedrug,nedrug.searchDrug,2026-06-12
202601383,모드콜콜드스트롱연질캡슐,모드콜콜드스트롱연질캡슐,아세트아미노펜/구아이페네신/슈도에페드린염산염/덱스트로메토르판브롬화수소산염수화물/클로르페니라민말레산염/DL-메틸에페드린염산염/브롬헥신염산염,(주)종근당,False,name_only,True,MFDS nedrug,nedrug.searchDrug,2026-06-12
197400277,뮤코졸정(브롬헥신염산염),뮤코졸정(브롬헥신염산염),브롬헥신염산염,부광약품(주),False,name_only,True,MFDS nedrug,nedrug.searchDrug,2026-06-12
202600048,이부캐치코프연질캡슐,이부캐치코프연질캡슐,이부프로펜/구아이페네신/덱스트로메토르판브롬화수소산염수화물/DL-메틸에페드린염산염/브롬헥신염산염,신일제약(주),False,name_only,True,MFDS nedrug,nedrug.searchDrug,2026-06-12
202503366,이부캐치콜드연질캡슐,이부캐치콜드연질캡슐,이부프로펜/구아이페네신/슈도에페드린염산염/덱스트로메토르판브롬화수소산염수화물/클로르페니라민말레산염/DL-메틸에페드린염산염/브롬헥신염산염,신일제약(주),False,name_only,True,MFDS nedrug,nedrug.searchDrug,2026-06-12
202600315,이부퀵코프연질캡슐,이부퀵코프연질캡슐,이부프로펜/덱스트로메토르판브롬화수소산염수화물/DL-메틸에페드린염산염/구아이페네신/브롬헥신염산염,동방에프티엘(주),False,name_only,True,MFDS nedrug,nedrug.searchDrug,2026-06-12
202502792,이부퀵콜드연질캡슐,이부퀵콜드연질캡슐,이부프로펜/덱스트로메토르판브롬화수소산염수화물/슈도에페드린염산염/구아이페네신/브롬헥신염산염/클로르페니라민말레산염,동방에프티엘(주),False,name_only,True,MFDS nedrug,nedrug.searchDrug,2026-06-12
202502969,콜드프로펜연질캡슐,콜드프로펜연질캡슐,이부프로펜/구아이페네신/슈도에페드린염산염/덱스트로메토르판브롬화수소산염수화물/클로르페니라민말레산염/DL-메틸에페드린염산염/브롬헥신염산염,동국제약(주),False,name_only,True,MFDS nedrug,nedrug.searchDrug,2026-06-12
202502970,콜드프로펜코프연질캡슐,콜드프로펜코프연질캡슐,이부프로펜/구아이페네신/덱스트로메토르판브롬화수소산염수화물/DL-메틸에페드린염산염/브롬헥신염산염,동국제약(주),False,name_only,True,MFDS nedrug,nedrug.searchDrug,2026-06-12
202502386,콜록프로종합연질캡슐,콜록프로종합연질캡슐,이부프로펜/구아이페네신/슈도에페드린염산염/덱스트로메토르판브롬화수소산염수화물/클로르페니라민말레산염/DL-메틸에페드린염산염/브롬헥신염산염,(주)녹십자,False,name_only,True,MFDS nedrug,nedrug.searchDrug,2026-06-12
202502392,콜록프로코프연질캡슐,콜록프로코프연질캡슐,이부프로펜/구아이페네신/덱스트로메토르판브롬화수소산염수화물/DL-메틸에페드린염산염/브롬헥신염산염,(주)녹십자,False,name_only,True,MFDS nedrug,nedrug.searchDrug,2026-06-12
202601661,팜콜드연질캡슐,팜콜드연질캡슐,아세트아미노펜/클로페라스틴염산염/구아이페네신/브롬헥신염산염/클로르페니라민말레산염/슈도에페드린염산염,(주)서흥,False,name_only,True,MFDS nedrug,nedrug.searchDrug,2026-06-12
202401444,갈해담액,갈해담액,마황/인삼/원지/길경/구아이페네신,제일헬스사이언스(주),False,name_only,True,MFDS nedrug,nedrug.searchDrug,2026-06-12
202302506,기가치올액,기가치올액,마황/인삼/원지/길경/구아이페네신,경진제약(주),False,name_only,True,MFDS nedrug,nedrug.searchDrug,2026-06-12
202502688,대원콜코프연질캡슐,대원콜코프연질캡슐,아세트아미노펜/구아이페네신/DL-메틸에페드린염산염/덱스트로메토르판브롬화수소산염수화물,대원제약(주),False,name_only,True,MFDS nedrug,nedrug.searchDrug,2026-06-12
202402160,디펜콜코프시럽,디펜콜코프시럽,아세트아미노펜/덱스트로메토르판브롬화수소산염수화물/DL-메틸에페드린염산염/구아이페네신/카페인무수물,동성제약(주),False,name_only,True,MFDS nedrug,nedrug.searchDrug,2026-06-12
202402092,디펜콜콜드시럽,디펜콜콜드시럽,아세트아미노펜/클로르페니라민말레산염/덱스트로메토르판브롬화수소산염수화물/DL-메틸에페드린염산염/구아이페네신/카페인무수물,동성제약(주),False,name_only,True,MFDS nedrug,nedrug.searchDrug,2026-06-12
202302922,락콜드액,락콜드액,아세트아미노펜/클로르페니라민말레산염/DL-메틸에페드린염산염/카페인무수물/구아이페네신/리보플라빈포스페이트나트륨,삼진제약(주),False,name_only,True,MFDS nedrug,nedrug.searchDrug,2026-06-12
202501250,락콜드종합시럽,락콜드종합시럽,아세트아미노펜/클로르페니라민말레산염/덱스트로메토르판브롬화수소산염수화물/DL-메틸에페드린염산염/구아이페네신/카페인무수물,삼진제약(주),False,name_only,True,MFDS nedrug,nedrug.searchDrug,2026-06-12
202501249,락콜드코프시럽,락콜드코프시럽,아세트아미노펜/덱스트로메토르판브롬화수소산염수화물/DL-메틸에페드린염산염/구아이페네신/카페인무수물,삼진제약(주),False,name_only,True,MFDS nedrug,nedrug.searchDrug,2026-06-12
201205838,래피콜데이앤나잇연질캡슐,래피콜데이앤나잇연질캡슐,아세트아미노펜/구아이페네신/페닐레프린염산염/덱스트로메토르판브롬화수소산염수화물/dl-메틸에페드린염산염/디펜히드라민염산염,(주)유한양행,False,name_only,True,MFDS nedrug,nedrug.searchDrug,2026-06-12
201902261,래피콜코프플러스연질캡슐,래피콜코프플러스연질캡슐,아세트아미노펜/클로르페니라민말레산염/덱스트로메토르판브롬화수소산염수화물/dl-메틸에페드린염산염/구아이페네신,(주)유한양행,False,name_only,True,MFDS nedrug,nedrug.searchDrug,2026-06-12
201905292,레드넥콜연질캡슐,레드넥콜연질캡슐,dl-메틸에페드린염산염/클로르페니라민말레산염/구아이페네신/덱스트로메토르판브롬화수소산염수화물,(주)알피바이오,False,name_only,True,MFDS nedrug,nedrug.searchDrug,2026-06-12
201902787,레티코프연질캡슐,레티코프연질캡슐,아세트아미노펜/dl-메틸에페드린염산염/덱스트로메토르판브롬화수소산염수화물/구아이페네신,(주)서흥,False,name_only,True,MFDS nedrug,nedrug.searchDrug,2026-06-12
202503012,레티코프하이연질캡슐,레티코프하이연질캡슐,아세트아미노펜/구아이페네신/DL-메틸에페드린염산염/덱스트로메토르판브롬화수소산염수화물,(주)서흥,False,name_only,True,MFDS nedrug,nedrug.searchDrug,2026-06-12
201907014,로나코프연질캡슐,로나코프연질캡슐,아세트아미노펜/클로페라스틴염산염/구아이페네신/dl-메틸에페드린염산염,(주)서흥,False,name_only,True,MFDS nedrug,nedrug.searchDrug,2026-06-12
201900744,마더스코프연질캡슐,마더스코프연질캡슐,아세트아미노펜/구아이페네신/덱스트로메토르판브롬화수소산염수화물/dl-메틸에페드린염산염,(주)마더스제약,False,name_only,True,MFDS nedrug,nedrug.searchDrug,2026-06-12
201900743,마더스콜드연질캡슐,마더스콜드연질캡슐,아세트아미노펜/구아이페네신/슈도에페드린염산염/덱스트로메토르판브롬화수소산염수화물/클로르페니라민말레산염/dl-메틸에페드린염산염,(주)마더스제약,False,name_only,True,MFDS nedrug,nedrug.searchDrug,2026-06-12
200803879,"맥코프시럽(딸기향, 바나나향)","맥코프시럽(딸기향, 바나나향)",구아이페네신/슈도에페드린염산염/덱스트로메토르판브롬화수소산염수화물,맥널티제약(주),False,name_only,True,MFDS nedrug,nedrug.searchDrug,2026-06-12
200713358,멀티심텀콜드릴리프어덜트씨에프시럽,멀티심텀콜드릴리프어덜트씨에프시럽,덱스트로메토르판브롬화수소산염수화물/구아이페네신/페닐레프린염산염,맥널티제약(주),False,name_only,True,MFDS nedrug,nedrug.searchDrug,2026-06-12
201105149,메가클린연질캡슐,메가클린연질캡슐,클로르페니라민말레산염/dl-메틸에페드린염산염/구아이페네신/덱스트로메토르판브롬화수소산염수화물,명문제약(주),False,name_only,True,MFDS nedrug,nedrug.searchDrug,2026-06-12
202204653,메디코프캡슐,메디코프캡슐,아세트아미노펜/슈도에페드린염산염/구아이페네신/덱스트로메토르판브롬화수소산염수화물,메딕스제약(주),False,name_only,True,MFDS nedrug,nedrug.searchDrug,2026-06-12
202204652,메디콜캡슐,메디콜캡슐,아세트아미노펜/클로르페니라민말레산염/구아이페네신/덱스트로메토르판브롬화수소산염수화물/dl-메틸에페드린염산염/카페인무수물,메딕스제약(주),False,name_only,True,MFDS nedrug,nedrug.searchDrug,2026-06-12
200902909,모드나캡슐,모드나캡슐,아세트아미노펜/카페인무수물/티아민질산염/구아이페네신/dl-메틸에페드린염산염/클로르페니라민말레산염/덱스트로메토르판브롬화수소산염수화물/감초엑스산(5→1),초당약품공업(주),False,name_only,True,MFDS nedrug,nedrug.searchDrug,2026-06-12
200200157,모드코프시럽,모드코프시럽,구아이페네신/슈도에페드린염산염/덱스트로메토르판브롬화수소산염수화물,(주)종근당,False,name_only,True,MFDS nedrug,nedrug.searchDrug,2026-06-12
201204389,모드코프에스연질캡슐,모드코프에스연질캡슐,아세트아미노펜/dl-메틸에페드린염산염/덱스트로메토르판브롬화수소산염수화물/구아이페네신,(주)종근당,False,name_only,True,MFDS nedrug,nedrug.searchDrug,2026-06-12
201204330,모드콜에스연질캡슐,모드콜에스연질캡슐,아세트아미노펜/클로르페니라민말레산염/dl-메틸에페드린염산염/슈도에페드린염산염/덱스트로메토르판브롬화수소산염수화물/구아이페네신,(주)종근당,False,name_only,True,MFDS nedrug,nedrug.searchDrug,2026-06-12
201800286,네오콜코프캡슐,네오콜코프캡슐,덱스트로메토르판브롬화수소산염수화물/dl-메틸에페드린염산염/노스카핀/구아야콜설폰산칼륨/카르비녹사민말레산염/감초가루/길경가루,한국신텍스제약(주),False,name_only,True,MFDS nedrug,nedrug.searchDrug,2026-06-12
200906281,노스핀캡슐,노스핀캡슐,노스카핀/dl-메틸에페드린염산염/카르비녹사민말레산염/구아야콜설폰산칼륨/덱스트로메토르판브롬화수소산염수화물,오스틴제약(주),False,name_only,True,MFDS nedrug,nedrug.searchDrug,2026-06-12
202501326,래피콜케어건조시럽,래피콜케어건조시럽,덱스트로메토르판브롬화수소산염수화물/클로르페니라민말레산염/아스코르브산/아세트아미노펜,(주)유한양행,False,name_only,True,MFDS nedrug,nedrug.searchDrug,2026-06-12
200400116,모드콜시럽,모드콜시럽,아세트아미노펜/클로르페니라민말레산염/dl-메틸에페드린염산염/덱스트로메토르판브롬화수소산염수화물/구아야콜설폰산칼륨/카페인무수물,(주)종근당,False,name_only,True,MFDS nedrug,nedrug.searchDrug,2026-06-12
202203444,모드콜코프시럽,모드콜코프시럽,클로르페니라민말레산염/DL-메틸에페드린염산염/덱스트로메토르판브롬화수소산염수화물/구아이페네신,(주)종근당,False,name_only,True,MFDS nedrug,nedrug.searchDrug,2026-06-12
202203513,모드콜콜드시럽,모드콜콜드시럽,아세트아미노펜/클로르페니라민말레산염/dl-메틸에페드린염산염/덱스트로메토르판브롬화수소산염수화물,(주)종근당,False,name_only,True,MFDS nedrug,nedrug.searchDrug,2026-06-12
202601276,모드콜티나이트발포정,모드콜티나이트발포정,아세트아미노펜/아스코르브산/디펜히드라민염산염/덱스트로메토르판브롬화수소산염수화물,(주)종근당,False,name_only,True,MFDS nedrug,nedrug.searchDrug,2026-06-12
201902527,모아콜연질캡슐,모아콜연질캡슐,아세트아미노펜/클로르페니라민말레산염/dl-메틸에페드린염산염/슈도에페드린염산염/덱스트로메토르판브롬화수소산염수화물/구아이페네신,(주)알피바이오,False,name_only,True,MFDS nedrug,nedrug.searchDrug,2026-06-12
201104519,목기천연질캡슐,목기천연질캡슐,덱스트로메토르판브롬화수소산염수화물/노스카핀염산염수화물/트리메토퀴놀염산염수화물/구아이페네신/클로르페니라민말레산염,(주)알피바이오,False,name_only,True,MFDS nedrug,nedrug.searchDrug,2026-06-12
202501616,무무키즈콜드시럽,무무키즈콜드시럽,아세트아미노펜/클로르페니라민말레산염/덱스트로메토르판브롬화수소산염수화물/DL-메틸에페드린염산염/구아이페네신,경방신약(주),False,name_only,True,MFDS nedrug,nedrug.searchDrug,2026-06-12
200302202,데오크레건조시럽20%(테오필린),데오크레건조시럽20%(테오필린),테오필린,알보젠코리아(주),False,name_only,True,MFDS nedrug,nedrug.searchDrug,2026-06-12
199800979,테올란비서방캡슐100밀리그램(테오필린),테올란비서방캡슐100밀리그램(테오필린),테오필린폴리메릭쉘드콤플렉스,알보젠코리아(주),False,name_only,True,MFDS nedrug,nedrug.searchDrug,2026-06-12
199800976,테올란비서방캡슐200밀리그램(테오필린),테올란비서방캡슐200밀리그램(테오필린),테오필린폴리메릭쉘드콤플렉스,알보젠코리아(주),False,name_only,True,MFDS nedrug,nedrug.searchDrug,2026-06-12
200710105,렉시핀정(독소필린),렉시핀정(독소필린),독소필린,대화제약(주),False,name_only,True,MFDS nedrug,nedrug.searchDrug,2026-06-12
200101732,액시마정(독소필린),액시마정(독소필린),독소필린,부광약품(주),False,name_only,True,MFDS nedrug,nedrug.searchDrug,2026-06-12
199400505,밤벡정10mg(밤부테롤염산염),밤벡정10mg(밤부테롤염산염),밤부테롤염산염,(주)유한양행,False,name_only,True,MFDS nedrug,nedrug.searchDrug,2026-06-12
200200327,밤부톨정(염산밤부테롤),밤부톨정(염산밤부테롤),염산밤부테롤,일동제약(주),False,name_only,True,MFDS nedrug,nedrug.searchDrug,2026-06-12
200400100,아스테롤정(밤부테롤염산염),아스테롤정(밤부테롤염산염),밤부테롤염산염,(주)종근당,False,name_only,True,MFDS nedrug,nedrug.searchDrug,2026-06-12
199907319,벤토린네뷸2.5mg(살부타몰황산염),벤토린네뷸2.5mg(살부타몰황산염),살부타몰황산염,(주)글락소스미스클라인,False,name_only,True,MFDS nedrug,nedrug.searchDrug,2026-06-12
199906869,벤토린에보할러(살부타몰황산염),벤토린에보할러(살부타몰황산염),살부타몰황산염,(주)글락소스미스클라인,False,name_only,True,MFDS nedrug,nedrug.searchDrug,2026-06-12
200209634,벤토린흡입액(살부타몰황산염),벤토린흡입액(살부타몰황산염),살부타몰황산염,(주)글락소스미스클라인,False,name_only,True,MFDS nedrug,nedrug.searchDrug,2026-06-12
200607690,살부톨흡입액(살부타몰황산염),살부톨흡입액(살부타몰황산염),살부타몰황산염,대한약품공업(주),False,name_only,True,MFDS nedrug,nedrug.searchDrug,2026-06-12
201501019,듀어클리어제뉴에어400/12마이크로그램,듀어클리어제뉴에어400/12마이크로그램,아클리디니움브롬화물(미분화)/포르모테롤푸마르산염수화물(미분화),주식회사에스피씨코리아,False,name_only,True,MFDS nedrug,nedrug.searchDrug,2026-06-12
201601544,"듀오레스피스피로맥스160/4.5마이크로그램(부데소니드, 포르모테롤푸마르산염수화물)","듀오레스피스피로맥스160/4.5마이크로그램(부데소니드, 포르모테롤푸마르산염수화물)",부데소니드/포르모테롤푸마르산염수화물,(주)한독테바,False,name_only,True,MFDS nedrug,nedrug.searchDrug,2026-06-12
201601545,"듀오레스피스피로맥스320/9마이크로그램(부데소니드, 포르모테롤푸마르산염수화물)","듀오레스피스피로맥스320/9마이크로그램(부데소니드, 포르모테롤푸마르산염수화물)",부데소니드/포르모테롤푸마르산염수화물,(주)한독테바,False,name_only,True,MFDS nedrug,nedrug.searchDrug,2026-06-12
202107369,브레즈트리에어로스피어흡입제160/7.2/5.0마이크로그램,브레즈트리에어로스피어흡입제160/7.2/5.0마이크로그램,부데소니드(미분화)/글리코피로니움브롬화물(미분화)/포르모테롤푸마르산염수화물(미분화),한국아스트라제네카(주),False,name_only,True,MFDS nedrug,nedrug.searchDrug,2026-06-12
198600462,삼아아토크건조시럽(포르모테롤푸마르산염수화물),삼아아토크건조시럽(포르모테롤푸마르산염수화물),포르모테롤푸마르산염수화물,삼아제약(주),False,name_only,True,MFDS nedrug,nedrug.searchDrug,2026-06-12
201503496,심비코트라피헬러160/4.5마이크로그램,심비코트라피헬러160/4.5마이크로그램,부데소니드(미분화)/포르모테롤푸마르산염수화물(미분화),한국아스트라제네카(주),False,name_only,True,MFDS nedrug,nedrug.searchDrug,2026-06-12
202200262,심비코트라피헬러흡입제80/2.25마이크로그램,심비코트라피헬러흡입제80/2.25마이크로그램,부데소니드/포르모테롤푸마르산염수화물,한국아스트라제네카(주),False,name_only,True,MFDS nedrug,nedrug.searchDrug,2026-06-12
200109101,심비코트터부헬러160/4.5마이크로그램,심비코트터부헬러160/4.5마이크로그램,부데소니드(미분화)/포르모테롤푸마르산염수화물,한국아스트라제네카(주),False,name_only,True,MFDS nedrug,nedrug.searchDrug,2026-06-12
200307973,심비코트터부헬러320/9마이크로그램,심비코트터부헬러320/9마이크로그램,부데소니드(미분화)/포르모테롤푸마르산염수화물,한국아스트라제네카(주),False,name_only,True,MFDS nedrug,nedrug.searchDrug,2026-06-12
200109100,심비코트터부헬러80/4.5마이크로그램,심비코트터부헬러80/4.5마이크로그램,부데소니드(미분화)/포르모테롤푸마르산염수화물,한국아스트라제네카(주),False,name_only,True,MFDS nedrug,nedrug.searchDrug,2026-06-12
202601586,"트림보우넥스트할러100/6/12.5흡입제(베클로메타손디프로피오네이트, 포르모테롤푸마르산염수화물, 글리코피로니움브롬화물)","트림보우넥스트할러100/6/12.5흡입제(베클로메타손디프로피오네이트, 포르모테롤푸마르산염수화물, 글리코피로니움브롬화물)",베클로메타손디프로피오네이트(미분화)/포르모테롤푸마르산염수화물(미분화)/글리코피로니움브롬화물(미분화),코오롱제약(주),False,name_only,True,MFDS nedrug,nedrug.searchDrug,2026-06-12
201906492,"트림보우흡입제100/6/12.5(베클로메타손디프로피오네이트, 포르모테롤푸마르산염수화물, 글리코피로니움브롬화물)","트림보우흡입제100/6/12.5(베클로메타손디프로피오네이트, 포르모테롤푸마르산염수화물, 글리코피로니움브롬화물)",베클로메타손디프로피오네이트/포르모테롤푸마르산염수화물(미분화)/글리코피로니움브롬화물,코오롱제약(주),False,name_only,True,MFDS nedrug,nedrug.searchDrug,2026-06-12
200808088,포스터100/6에이치에프에이,포스터100/6에이치에프에이,베클로메타손 디프로피오네이트/푸마르산포르모테롤이수화물,코오롱제약(주),False,name_only,True,MFDS nedrug,nedrug.searchDrug,2026-06-12
202103523,포스터200/6에이치에프에이흡입제,포스터200/6에이치에프에이흡입제,베클로메타손디프로피오네이트/포르모테롤푸마르산염수화물(미분화),코오롱제약(주),False,name_only,True,MFDS nedrug,nedrug.searchDrug,2026-06-12
201700287,포스터넥스트할러,포스터넥스트할러,베클로메타손디프로피오네이트무수물(미분화)/포르모테롤푸마르산염수화물(미분화),코오롱제약(주),False,name_only,True,MFDS nedrug,nedrug.searchDrug,2026-06-12
202103522,포스터넥스트할러200/6흡입제,포스터넥스트할러200/6흡입제,베클로메타손디프로피오네이트(미분화)/포르모테롤푸마르산염수화물(미분화),코오롱제약(주),False,name_only,True,MFDS nedrug,nedrug.searchDrug,2026-06-12
201309961,플루티폼흡입제125μg/5μg,플루티폼흡입제125μg/5μg,플루티카손프로피오네이트(미분화)/포르모테롤푸마르산염수화물(미분화),한국먼디파마(유),False,name_only,True,MFDS nedrug,nedrug.searchDrug,2026-06-12
201309960,플루티폼흡입제250μg/10μg,플루티폼흡입제250μg/10μg,플루티카손프로피오네이트(미분화)/포르모테롤푸마르산염수화물(미분화),한국먼디파마(유),False,name_only,True,MFDS nedrug,nedrug.searchDrug,2026-06-12
201309962,플루티폼흡입제50μg/5μg,플루티폼흡입제50μg/5μg,플루티카손프로피오네이트(미분화)/포르모테롤푸마르산염수화물(미분화),한국먼디파마(유),False,name_only,True,MFDS nedrug,nedrug.searchDrug,2026-06-12
201900814,콤포나콤팩트에어100/50,콤포나콤팩트에어100/50,살메테롤지나포산염(미분화)/플루티카손프로피오네이드(미분화),대원제약(주),False,name_only,True,MFDS nedrug,nedrug.searchDrug,2026-06-12
201900815,콤포나콤팩트에어250/50,콤포나콤팩트에어250/50,살메테롤지나포산염(미분화)/플루티카손프로피오네이드(미분화),대원제약(주),False,name_only,True,MFDS nedrug,nedrug.searchDrug,2026-06-12
201900816,콤포나콤팩트에어500/50,콤포나콤팩트에어500/50,살메테롤지나포산염(미분화)/플루티카손프로피오네이드(미분화),대원제약(주),False,name_only,True,MFDS nedrug,nedrug.searchDrug,2026-06-12
201400306,"플루테롤흡입용캡슐100/50(플루티카손프로피오네이트,살메테롤)","플루테롤흡입용캡슐100/50(플루티카손프로피오네이트,살메테롤)",살메테롤지나포산염(미분화)/플루티카손프로피오네이트(미분화),한미약품(주),False,name_only,True,MFDS nedrug,nedrug.searchDrug,2026-06-12
201400307,"플루테롤흡입용캡슐250/50(플루티카손프로피오네이트,살메테롤)","플루테롤흡입용캡슐250/50(플루티카손프로피오네이트,살메테롤)",살메테롤지나포산염(미분화)/플루티카손프로피오네이트(미분화),한미약품(주),False,name_only,True,MFDS nedrug,nedrug.searchDrug,2026-06-12
201400305,"플루테롤흡입용캡슐500/50(플루티카손프로피오네이트,살메테롤)","플루테롤흡입용캡슐500/50(플루티카손프로피오네이트,살메테롤)",살메테롤지나포산염(미분화)/플루티카손프로피오네이트(미분화),한미약품(주),False,name_only,True,MFDS nedrug,nedrug.searchDrug,2026-06-12
202009236,어택트라흡입용캡슐150/320마이크로그램,어택트라흡입용캡슐150/320마이크로그램,인다카테롤아세트산염/모메타손푸로에이트,한국노바티스(주),False,name_only,True,MFDS nedrug,nedrug.searchDrug,2026-06-12
202009234,어택트라흡입용캡슐150/80마이크로그램,어택트라흡입용캡슐150/80마이크로그램,인다카테롤아세트산염/모메타손푸로에이트,한국노바티스(주),False,name_only,True,MFDS nedrug,nedrug.searchDrug,2026-06-12
202009235,어택트라흡입용캡슐150/160마이크로그램,어택트라흡입용캡슐150/160마이크로그램,인다카테롤아세트산염/모메타손푸로에이트,한국노바티스(주),False,name_only,True,MFDS nedrug,nedrug.searchDrug,2026-06-12
202009238,에너제어흡입용캡슐150/50/160마이크로그램,에너제어흡입용캡슐150/50/160마이크로그램,인다카테롤아세트산염/글리코피로니움브롬화물/모메타손푸로에이트,한국노바티스(주),False,name_only,True,MFDS nedrug,nedrug.searchDrug,2026-06-12
202009237,에너제어흡입용캡슐150/50/80마이크로그램,에너제어흡입용캡슐150/50/80마이크로그램,인다카테롤아세트산염/글리코피로니움브롬화물/모메타손푸로에이트,한국노바티스(주),False,name_only,True,MFDS nedrug,nedrug.searchDrug,2026-06-12
201005169,온브리즈흡입용캡슐150마이크로그램(인다카테롤말레산염),온브리즈흡입용캡슐150마이크로그램(인다카테롤말레산염),인다카테롤말레산염,한국노바티스(주),False,name_only,True,MFDS nedrug,nedrug.searchDrug,2026-06-12
201005170,온브리즈흡입용캡슐300마이크로그램(인다카테롤말레산염),온브리즈흡입용캡슐300마이크로그램(인다카테롤말레산염),인다카테롤말레산염,한국노바티스(주),False,name_only,True,MFDS nedrug,nedrug.searchDrug,2026-06-12
201402366,조터나흡입용캡슐110/50마이크로그램,조터나흡입용캡슐110/50마이크로그램,인다카테롤말레산염/글리코피로니움브롬화물,한국노바티스(주),False,name_only,True,MFDS nedrug,nedrug.searchDrug,2026-06-12
199600908,나리타점비액(부데소니드),나리타점비액(부데소니드),부데소니드,삼천당제약(주),False,name_only,True,MFDS nedrug,nedrug.searchDrug,2026-06-12
202402704,네페콘장용캡슐4밀리그램(미분화부데소니드),네페콘장용캡슐4밀리그램(미분화부데소니드),미분화부데소니드,에베레스트메디신코리아(유),False,name_only,True,MFDS nedrug,nedrug.searchDrug,2026-06-12
199402213,데소나비액(부데소니드),데소나비액(부데소니드),부데소니드,한림제약(주),False,name_only,True,MFDS nedrug,nedrug.searchDrug,2026-06-12
199504245,엔토코트(부데소니드(미분화)),엔토코트(부데소니드(미분화)),부데소니드(미분화),(주)대웅제약,False,name_only,True,MFDS nedrug,nedrug.searchDrug,2026-06-12
202600155,캄브렛분무용현탁액(미분화부데소니드),캄브렛분무용현탁액(미분화부데소니드),미분화부데소니드,안국약품(주),False,name_only,True,MFDS nedrug,nedrug.searchDrug,2026-06-12
202600647,풀미셉트분무용현탁액(미분화부데소니드),풀미셉트분무용현탁액(미분화부데소니드),미분화부데소니드,한화제약(주),False,name_only,True,MFDS nedrug,nedrug.searchDrug,2026-06-12
200100450,풀미칸분무용현탁액(미분화부데소니드),풀미칸분무용현탁액(미분화부데소니드),미분화부데소니드,건일제약(주),False,name_only,True,MFDS nedrug,nedrug.searchDrug,2026-06-12
202600118,풀미케어분무용현탁액(미분화부데소니드),풀미케어분무용현탁액(미분화부데소니드),미분화부데소니드,아주약품(주),False,name_only,True,MFDS nedrug,nedrug.searchDrug,2026-06-12
199403233,풀미코트레스퓰분무용현탁액0.5mg/2ml(부데소니드(미분화)),풀미코트레스퓰분무용현탁액0.5mg/2ml(부데소니드(미분화)),부데소니드(미분화),한국아스트라제네카(주),False,name_only,True,MFDS nedrug,nedrug.searchDrug,2026-06-12
199304434,풀미코트터부헬러200㎍/dose(부데소니드(미분화)),풀미코트터부헬러200㎍/dose(부데소니드(미분화)),부데소니드(미분화),한국아스트라제네카(주),False,name_only,True,MFDS nedrug,nedrug.searchDrug,2026-06-12
202600221,풀미코푸분무용현탁액(미분화부데소니드),풀미코푸분무용현탁액(미분화부데소니드),미분화부데소니드,주식회사더유제약,False,name_only,True,MFDS nedrug,nedrug.searchDrug,2026-06-12
202600153,풀미쿨분무용현탁액(미분화부데소니드),풀미쿨분무용현탁액(미분화부데소니드),미분화부데소니드,영진약품(주),False,name_only,True,MFDS nedrug,nedrug.searchDrug,2026-06-12
202402319,풀미큐어분무용현탁액(미분화부데소니드),풀미큐어분무용현탁액(미분화부데소니드),미분화부데소니드,건일바이오팜주식회사,False,name_only,True,MFDS nedrug,nedrug.searchDrug,2026-06-12
200805818,렉사큐어정10밀리그램(에스시탈로프람옥살산염),렉사큐어정10밀리그램(에스시탈로프람옥살산염),에스시탈로프람옥살산염,동아에스티(주),False,name_only,True,MFDS nedrug,nedrug.searchDrug,2026-06-12
200806977,렉사큐어정5밀리그램(에스시탈로프람옥살산염),렉사큐어정5밀리그램(에스시탈로프람옥살산염),에스시탈로프람옥살산염,동아에스티(주),False,name_only,True,MFDS nedrug,nedrug.searchDrug,2026-06-12
200900889,렉사틴정(에스시탈로프람옥살산염),렉사틴정(에스시탈로프람옥살산염),에스시탈로프람옥살산염,(주)메디카코리아,False,name_only,True,MFDS nedrug,nedrug.searchDrug,2026-06-12
200410513,렉사프로정10밀리그람(에스시탈로프람옥살산염),렉사프로정10밀리그람(에스시탈로프람옥살산염),에스시탈로프람옥살산염,한국룬드벡(주),False,name_only,True,MFDS nedrug,nedrug.searchDrug,2026-06-12
201206335,렉사프로정15밀리그램(에스시탈로프람옥살산염),렉사프로정15밀리그램(에스시탈로프람옥살산염),에스시탈로프람옥살산염,한국룬드벡(주),False,name_only,True,MFDS nedrug,nedrug.searchDrug,2026-06-12
200905339,렉사프로정20밀리그람 (에스시탈로프람옥살산염),렉사프로정20밀리그람 (에스시탈로프람옥살산염),에스시탈로프람옥살산염,한국룬드벡(주),False,name_only,True,MFDS nedrug,nedrug.searchDrug,2026-06-12
200410512,렉사프로정5밀리그람(에스시탈로프람옥살산염),렉사프로정5밀리그람(에스시탈로프람옥살산염),에스시탈로프람옥살산염,한국룬드벡(주),False,name_only,True,MFDS nedrug,nedrug.searchDrug,2026-06-12
201903268,렉스프람정10밀리그램(에스시탈로프람옥살산염),렉스프람정10밀리그램(에스시탈로프람옥살산염),에스시탈로프람옥살산염,풍림무약(주),False,name_only,True,MFDS nedrug,nedrug.searchDrug,2026-06-12
200802853,렉슬러정10밀리그램(에스시탈로프람옥살산염),렉슬러정10밀리그램(에스시탈로프람옥살산염),에스시탈로프람옥살산염,에이치케이이노엔(주),False,name_only,True,MFDS nedrug,nedrug.searchDrug,2026-06-12
200900970,렉시탈정10밀리그램(에스시탈로프람옥살산염),렉시탈정10밀리그램(에스시탈로프람옥살산염),에스시탈로프람옥살산염,초당약품공업(주),False,name_only,True,MFDS nedrug,nedrug.searchDrug,2026-06-12
201905390,렉시프람정10밀리그램(에스시탈로프람옥살산염),렉시프람정10밀리그램(에스시탈로프람옥살산염),에스시탈로프람옥살산염,(주)동구바이오제약,False,name_only,True,MFDS nedrug,nedrug.searchDrug,2026-06-12
201905389,렉시프람정20밀리그램(에스시탈로프람옥살산염),렉시프람정20밀리그램(에스시탈로프람옥살산염),에스시탈로프람옥살산염,(주)동구바이오제약,False,name_only,True,MFDS nedrug,nedrug.searchDrug,2026-06-12
201905388,렉시프람정5밀리그램(에스시탈로프람옥살산염),렉시프람정5밀리그램(에스시탈로프람옥살산염),에스시탈로프람옥살산염,(주)동구바이오제약,False,name_only,True,MFDS nedrug,nedrug.searchDrug,2026-06-12
200809300,로프람정10밀리그램(에스시탈로프람옥살산염),로프람정10밀리그램(에스시탈로프람옥살산염),에스시탈로프람옥살산염,한미약품(주),False,name_only,True,MFDS nedrug,nedrug.searchDrug,2026-06-12
200811019,사로프람정10mg(에스시탈로프람옥살산염),사로프람정10mg(에스시탈로프람옥살산염),에스시탈로프람옥살산염,(주)한국파마,False,name_only,True,MFDS nedrug,nedrug.searchDrug,2026-06-12
202204261,사로프람정15mg(에스시탈로프람옥살산염),사로프람정15mg(에스시탈로프람옥살산염),에스시탈로프람옥살산염,(주)한국파마,False,name_only,True,MFDS nedrug,nedrug.searchDrug,2026-06-12
201400360,사로프람정20mg(에스시탈로프람옥살산염),사로프람정20mg(에스시탈로프람옥살산염),에스시탈로프람옥살산염,(주)한국파마,False,name_only,True,MFDS nedrug,nedrug.searchDrug,2026-06-12
201903284,사로프람정5mg(에스시탈로프람옥살산염),사로프람정5mg(에스시탈로프람옥살산염),에스시탈로프람옥살산염,(주)한국파마,False,name_only,True,MFDS nedrug,nedrug.searchDrug,2026-06-12
200906974,산도스에스시탈로프람정10밀리그램(에스시탈로프람옥살산염),산도스에스시탈로프람정10밀리그램(에스시탈로프람옥살산염),에스시탈로프람옥살산염,삼일제약(주),False,name_only,True,MFDS nedrug,nedrug.searchDrug,2026-06-12
201401786,산도스에스시탈로프람정20밀리그램,산도스에스시탈로프람정20밀리그램,에스시탈로프람옥살산염,삼일제약(주),False,name_only,True,MFDS nedrug,nedrug.searchDrug,2026-06-12
201401785,산도스에스시탈로프람정15밀리그램,산도스에스시탈로프람정15밀리그램,에스시탈로프람옥살산염,삼일제약(주),False,name_only,True,MFDS nedrug,nedrug.searchDrug,2026-06-12
201501051,산도스에스시탈로프람정5밀리그램,산도스에스시탈로프람정5밀리그램,에스시탈로프람옥살산염,삼일제약(주),False,name_only,True,MFDS nedrug,nedrug.searchDrug,2026-06-12
200811020,세로카바정(에스시탈로프람옥살산염),세로카바정(에스시탈로프람옥살산염),에스시탈로프람옥살산염,삼진제약(주),False,name_only,True,MFDS nedrug,nedrug.searchDrug,2026-06-12
201701105,세로카바정20밀리그램(에스시탈로프람옥살산염),세로카바정20밀리그램(에스시탈로프람옥살산염),에스시탈로프람옥살산염,삼진제약(주),False,name_only,True,MFDS nedrug,nedrug.searchDrug,2026-06-12
201801444,세로카바정5밀리그램(에스시탈로프람옥살산염),세로카바정5밀리그램(에스시탈로프람옥살산염),에스시탈로프람옥살산염,삼진제약(주),False,name_only,True,MFDS nedrug,nedrug.searchDrug,2026-06-12
201802618,세로프람정10밀리그램(에스시탈로프람옥살산염),세로프람정10밀리그램(에스시탈로프람옥살산염),에스시탈로프람옥살산염,(주)다산제약,False,name_only,True,MFDS nedrug,nedrug.searchDrug,2026-06-12
200809514,시타프렉스정10밀리그램(에스시탈로프람옥살산염),시타프렉스정10밀리그램(에스시탈로프람옥살산염),에스시탈로프람옥살산염,고려제약(주),False,name_only,True,MFDS nedrug,nedrug.searchDrug,2026-06-12
201006155,시타프렉스정5밀리그램(에스시탈로프람옥살산염),시타프렉스정5밀리그램(에스시탈로프람옥살산염),에스시탈로프람옥살산염,고려제약(주),False,name_only,True,MFDS nedrug,nedrug.searchDrug,2026-06-12
201906124,시타프릴정10mg(에스시탈로프람옥살산염),시타프릴정10mg(에스시탈로프람옥살산염),에스시탈로프람옥살산염,구주제약(주),False,name_only,True,MFDS nedrug,nedrug.searchDrug,2026-06-12
200901408,시탈로정10밀리그램(에스시탈로프람옥살산염),시탈로정10밀리그램(에스시탈로프람옥살산염),에스시탈로프람옥살산염,영진약품(주),False,name_only,True,MFDS nedrug,nedrug.searchDrug,2026-06-12
200603984,산도스파록세틴정(무수염산파록세틴),산도스파록세틴정(무수염산파록세틴),무수염산파록세틴,삼일제약(주),False,name_only,True,MFDS nedrug,nedrug.searchDrug,2026-06-12
200806300,에이자트씨알정12.5밀리그램(파록세틴염산염수화물),에이자트씨알정12.5밀리그램(파록세틴염산염수화물),파록세틴염산염수화물,에이치케이이노엔(주),False,name_only,True,MFDS nedrug,nedrug.searchDrug,2026-06-12
200806022,에이자트씨알정25밀리그램(파록세틴염산염수화물),에이자트씨알정25밀리그램(파록세틴염산염수화물),파록세틴염산염수화물,에이치케이이노엔(주),False,name_only,True,MFDS nedrug,nedrug.searchDrug,2026-06-12
201701519,영진파록세틴씨알정(파록세틴염산염수화물),영진파록세틴씨알정(파록세틴염산염수화물),파록세틴염산염수화물,영진약품(주),False,name_only,True,MFDS nedrug,nedrug.searchDrug,2026-06-12
200605344,파로세닌정10밀리그램(파록세틴염산염수화물),파로세닌정10밀리그램(파록세틴염산염수화물),파록세틴염산염수화물,(주)종근당,False,name_only,True,MFDS nedrug,nedrug.searchDrug,2026-06-12
200512186,파로세닌정20밀리그램(파록세틴염산염수화물),파로세닌정20밀리그램(파록세틴염산염수화물),파록세틴염산염수화물,(주)종근당,False,name_only,True,MFDS nedrug,nedrug.searchDrug,2026-06-12
202104810,파로자트씨알정12.5밀리그램(파록세틴염산염수화물),파로자트씨알정12.5밀리그램(파록세틴염산염수화물),파록세틴염산염수화물,한림제약(주),False,name_only,True,MFDS nedrug,nedrug.searchDrug,2026-06-12
202104811,파로자트씨알정25밀리그램(파록세틴염산염수화물),파로자트씨알정25밀리그램(파록세틴염산염수화물),파록세틴염산염수화물,한림제약(주),False,name_only,True,MFDS nedrug,nedrug.searchDrug,2026-06-12
201906187,파로자트정10밀리그램(파록세틴염산염수화물),파로자트정10밀리그램(파록세틴염산염수화물),파록세틴염산염수화물,한림제약(주),False,name_only,True,MFDS nedrug,nedrug.searchDrug,2026-06-12
201906197,파로자트정20밀리그램(파록세틴염산염수화물),파로자트정20밀리그램(파록세틴염산염수화물),파록세틴염산염수화물,한림제약(주),False,name_only,True,MFDS nedrug,nedrug.searchDrug,2026-06-12
200308836,파록센정(파록세틴염산염반수화물),파록센정(파록세틴염산염반수화물),파록세틴염산염반수화물,(주)에이프로젠바이오로직스,False,name_only,True,MFDS nedrug,nedrug.searchDrug,2026-06-12
200806299,파록스씨알정12.5밀리그램(파록세틴염산염수화물),파록스씨알정12.5밀리그램(파록세틴염산염수화물),파록세틴염산염수화물,명인제약(주),False,name_only,True,MFDS nedrug,nedrug.searchDrug,2026-06-12
200805986,파록스씨알정25밀리그램(파록세틴염산염수화물),파록스씨알정25밀리그램(파록세틴염산염수화물),파록세틴염산염수화물,명인제약(주),False,name_only,True,MFDS nedrug,nedrug.searchDrug,2026-06-12
202201670,파록스정10밀리그램(파록세틴염산염수화물),파록스정10밀리그램(파록세틴염산염수화물),파록세틴염산염수화물,명인제약(주),False,name_only,True,MFDS nedrug,nedrug.searchDrug,2026-06-12
200401247,파록스정20밀리그램(파록세틴염산염수화물),파록스정20밀리그램(파록세틴염산염수화물),파록세틴염산염수화물,명인제약(주),False,name_only,True,MFDS nedrug,nedrug.searchDrug,2026-06-12
201701536,파마파록세틴정10밀리그램(파록세틴염산염수화물),파마파록세틴정10밀리그램(파록세틴염산염수화물),파록세틴염산염수화물,(주)한국파마,False,name_only,True,MFDS nedrug,nedrug.searchDrug,2026-06-12
200607910,파마파록세틴정20밀리그램(파록세틴염산염수화물),파마파록세틴정20밀리그램(파록세틴염산염수화물),파록세틴염산염수화물,(주)한국파마,False,name_only,True,MFDS nedrug,nedrug.searchDrug,2026-06-12
200808754,팍세론틴서방정12.5밀리그램(파록세틴염산염수화물),팍세론틴서방정12.5밀리그램(파록세틴염산염수화물),파록세틴염산염수화물,(주)한독,False,name_only,True,MFDS nedrug,nedrug.searchDrug,2026-06-12
200809458,팍세론틴서방정25밀리그램(파록세틴염산염수화물),팍세론틴서방정25밀리그램(파록세틴염산염수화물),파록세틴염산염수화물,(주)한독,False,name_only,True,MFDS nedrug,nedrug.searchDrug,2026-06-12
200702802,팍세틸씨알정(파록세틴염산염수화물),팍세틸씨알정(파록세틴염산염수화물),파록세틴염산염수화물,현대약품(주),False,name_only,True,MFDS nedrug,nedrug.searchDrug,2026-06-12
200403201,팍세틸정(파록세틴염산염반수화물),팍세틸정(파록세틴염산염반수화물),파록세틴염산염반수화물,현대약품(주),False,name_only,True,MFDS nedrug,nedrug.searchDrug,2026-06-12
200409980,팍실CR정12.5밀리그램(파록세틴염산염수화물),팍실cr정12.5밀리그램(파록세틴염산염수화물),파록세틴염산염수화물,(주)글락소스미스클라인,False,name_only,True,MFDS nedrug,nedrug.searchDrug,2026-06-12
199900921,한독세로자트정10밀리그램(파록세틴염산염수화물),한독세로자트정10밀리그램(파록세틴염산염수화물),파록세틴염산염수화물,(주)한독,False,name_only,True,MFDS nedrug,nedrug.searchDrug,2026-06-12
199301007,한독세로자트정20밀리그램(파록세틴염산염수화물),한독세로자트정20밀리그램(파록세틴염산염수화물),파록세틴염산염수화물,(주)한독,False,name_only,True,MFDS nedrug,nedrug.searchDrug,2026-06-12
201503768,환인파록세틴정20밀리그램(파록세틴염산염수화물),환인파록세틴정20밀리그램(파록세틴염산염수화물),파록세틴염산염수화물,환인제약(주),False,name_only,True,MFDS nedrug,nedrug.searchDrug,2026-06-12
200500416,국제플루옥세틴캡슐(플루옥세틴염산염),국제플루옥세틴캡슐(플루옥세틴염산염),플루옥세틴염산염,국제약품(주),False,name_only,True,MFDS nedrug,nedrug.searchDrug,2026-06-12
201803155,노르작캡슐10밀리그램(플루옥세틴염산염),노르작캡슐10밀리그램(플루옥세틴염산염),플루옥세틴염산염,(주)한국파마,False,name_only,True,MFDS nedrug,nedrug.searchDrug,2026-06-12
200401722,노르작캡슐20밀리그램(플루옥세틴염산염),노르작캡슐20밀리그램(플루옥세틴염산염),플루옥세틴염산염,(주)한국파마,False,name_only,True,MFDS nedrug,nedrug.searchDrug,2026-06-12
200401889,노브세틴캡슐(플루옥세틴염산염),노브세틴캡슐(플루옥세틴염산염),플루옥세틴염산염,에이치엘비제약(주),False,name_only,True,MFDS nedrug,nedrug.searchDrug,2026-06-12
201500247,노브세틴캡슐10밀리그램(플루옥세틴염산염),노브세틴캡슐10밀리그램(플루옥세틴염산염),플루옥세틴염산염,에이치엘비제약(주),False,name_only,True,MFDS nedrug,nedrug.searchDrug,2026-06-12
200301457,다나텍캡슐(플루옥세틴염산염),다나텍캡슐(플루옥세틴염산염),플루옥세틴염산염,(주)화이트생명과학,False,name_only,True,MFDS nedrug,nedrug.searchDrug,2026-06-12
202105840,다이너컷캡슐10mg(플루옥세틴염산염),다이너컷캡슐10mg(플루옥세틴염산염),플루옥세틴염산염,(주)옵투스제약,False,name_only,True,MFDS nedrug,nedrug.searchDrug,2026-06-12
202105841,다이너컷캡슐20mg(플루옥세틴염산염),다이너컷캡슐20mg(플루옥세틴염산염),플루옥세틴염산염,(주)옵투스제약,False,name_only,True,MFDS nedrug,nedrug.searchDrug,2026-06-12
200402134,대화염산플루옥세틴캡슐,대화염산플루옥세틴캡슐,플루옥세틴염산염,대화제약(주),False,name_only,True,MFDS nedrug,nedrug.searchDrug,2026-06-12
200302575,디프렌캡슐(플루옥세틴염산염),디프렌캡슐(플루옥세틴염산염),플루옥세틴염산염,대한뉴팜(주),False,name_only,True,MFDS nedrug,nedrug.searchDrug,2026-06-12
201500735,디프렌캡슐10mg(플루옥세틴염산염),디프렌캡슐10mg(플루옥세틴염산염),플루옥세틴염산염,대한뉴팜(주),False,name_only,True,MFDS nedrug,nedrug.searchDrug,2026-06-12
202105363,디프맥스캡슐10밀리그램(플루옥세틴염산염),디프맥스캡슐10밀리그램(플루옥세틴염산염),플루옥세틴염산염,(주)라이트팜텍,False,name_only,True,MFDS nedrug,nedrug.searchDrug,2026-06-12
201604434,디프맥스캡슐20밀리그램(플루옥세틴염산염),디프맥스캡슐20밀리그램(플루옥세틴염산염),플루옥세틴염산염,(주)라이트팜텍,False,name_only,True,MFDS nedrug,nedrug.searchDrug,2026-06-12
201903389,디프세틴캡슐10밀리그램(플루옥세틴염산염),디프세틴캡슐10밀리그램(플루옥세틴염산염),플루옥세틴염산염,하나제약(주),False,name_only,True,MFDS nedrug,nedrug.searchDrug,2026-06-12
201903390,디프세틴캡슐20밀리그램(플루옥세틴염산염),디프세틴캡슐20밀리그램(플루옥세틴염산염),플루옥세틴염산염,하나제약(주),False,name_only,True,MFDS nedrug,nedrug.searchDrug,2026-06-12
200808211,로랑캡슐(플루옥세틴염산염),로랑캡슐(플루옥세틴염산염),플루옥세틴염산염,(주)서울제약,False,name_only,True,MFDS nedrug,nedrug.searchDrug,2026-06-12
200700022,로랑캡슐10밀리그램(플루옥세틴염산염),로랑캡슐10밀리그램(플루옥세틴염산염),플루옥세틴염산염,(주)서울제약,False,name_only,True,MFDS nedrug,nedrug.searchDrug,2026-06-12
200402293,로세탄캡슐(플루옥세틴염산염),로세탄캡슐(플루옥세틴염산염),플루옥세틴염산염,영일제약(주),False,name_only,True,MFDS nedrug,nedrug.searchDrug,2026-06-12
200808226,로세틴캡슐(플루옥세틴염산염),로세틴캡슐(플루옥세틴염산염),플루옥세틴염산염,명문제약(주),False,name_only,True,MFDS nedrug,nedrug.searchDrug,2026-06-12
200611319,로세틴캡슐10밀리그램(플루옥세틴염산염),로세틴캡슐10밀리그램(플루옥세틴염산염),플루옥세틴염산염,명문제약(주),False,name_only,True,MFDS nedrug,nedrug.searchDrug,2026-06-12
201802257,로틴캡슐10밀리그램(플루옥세틴염산염),로틴캡슐10밀리그램(플루옥세틴염산염),플루옥세틴염산염,한국코러스(주),False,name_only,True,MFDS nedrug,nedrug.searchDrug,2026-06-12
201802296,로틴캡슐20밀리그램(플루옥세틴염산염),로틴캡슐20밀리그램(플루옥세틴염산염),플루옥세틴염산염,한국코러스(주),False,name_only,True,MFDS nedrug,nedrug.searchDrug,2026-06-12
199802096,루세틴캡슐(플루옥세틴염산염),루세틴캡슐(플루옥세틴염산염),플루옥세틴염산염,경동제약(주),False,name_only,True,MFDS nedrug,nedrug.searchDrug,2026-06-12
202000390,리옥틴캡슐10밀리그램(플루옥세틴염산염),리옥틴캡슐10밀리그램(플루옥세틴염산염),플루옥세틴염산염,(주)이든파마,False,name_only,True,MFDS nedrug,nedrug.searchDrug,2026-06-12
202000391,리옥틴캡슐20밀리그램(플루옥세틴염산염),리옥틴캡슐20밀리그램(플루옥세틴염산염),플루옥세틴염산염,(주)이든파마,False,name_only,True,MFDS nedrug,nedrug.searchDrug,2026-06-12
200502251,미세틴캡슐10밀리그램(플루옥세틴염산염),미세틴캡슐10밀리그램(플루옥세틴염산염),플루옥세틴염산염,(주)바스칸바이오제약,False,name_only,True,MFDS nedrug,nedrug.searchDrug,2026-06-12
200502252,미세틴캡슐20밀리그램(플루옥세틴염산염),미세틴캡슐20밀리그램(플루옥세틴염산염),플루옥세틴염산염,(주)바스칸바이오제약,False,name_only,True,MFDS nedrug,nedrug.searchDrug,2026-06-12
201801864,세로세틴캡슐20밀리그램(플루옥세틴염산염),세로세틴캡슐20밀리그램(플루옥세틴염산염),플루옥세틴염산염,(주)다산제약,False,name_only,True,MFDS nedrug,nedrug.searchDrug,2026-06-12
200400581,셀렉틴캡슐(플루옥세틴염산염),셀렉틴캡슐(플루옥세틴염산염),플루옥세틴염산염,(주)바이넥스,False,name_only,True,MFDS nedrug,nedrug.searchDrug,2026-06-12
200500622,셀렉틴캡슐10밀리그램(플루옥세틴염산염),셀렉틴캡슐10밀리그램(플루옥세틴염산염),플루옥세틴염산염,(주)바이넥스,False,name_only,True,MFDS nedrug,nedrug.searchDrug,2026-06-12
202002456,데스베라서방정100밀리그램(데스벤라팍신벤조산염),데스베라서방정100밀리그램(데스벤라팍신벤조산염),데스벤라팍신벤조산염,(주)넥스팜코리아,False,name_only,True,MFDS nedrug,nedrug.searchDrug,2026-06-12
202500838,데스베라서방정25밀리그램(데스벤라팍신벤조산염),데스베라서방정25밀리그램(데스벤라팍신벤조산염),데스벤라팍신벤조산염,(주)넥스팜코리아,False,name_only,True,MFDS nedrug,nedrug.searchDrug,2026-06-12
202002455,데스베라서방정50밀리그램(데스벤라팍신벤조산염),데스베라서방정50밀리그램(데스벤라팍신벤조산염),데스벤라팍신벤조산염,(주)넥스팜코리아,False,name_only,True,MFDS nedrug,nedrug.searchDrug,2026-06-12
202500083,데스프리서방정100밀리그램(데스벤라팍신숙신산염일수화물),데스프리서방정100밀리그램(데스벤라팍신숙신산염일수화물),데스벤라팍신숙신산염일수화물,현대약품(주),False,name_only,True,MFDS nedrug,nedrug.searchDrug,2026-06-12
202500081,데스프리서방정50밀리그램(데스벤라팍신숙신산염일수화물),데스프리서방정50밀리그램(데스벤라팍신숙신산염일수화물),데스벤라팍신숙신산염일수화물,현대약품(주),False,name_only,True,MFDS nedrug,nedrug.searchDrug,2026-06-12
202002454,데팍신서방정100밀리그램(데스벤라팍신),데팍신서방정100밀리그램(데스벤라팍신),데스벤라팍신,환인제약(주),False,name_only,True,MFDS nedrug,nedrug.searchDrug,2026-06-12
202200501,데팍신서방정25밀리그램(데스벤라팍신),데팍신서방정25밀리그램(데스벤라팍신),데스벤라팍신,환인제약(주),False,name_only,True,MFDS nedrug,nedrug.searchDrug,2026-06-12
202002453,데팍신서방정50밀리그램(데스벤라팍신),데팍신서방정50밀리그램(데스벤라팍신),데스벤라팍신,환인제약(주),False,name_only,True,MFDS nedrug,nedrug.searchDrug,2026-06-12
200802595,베넥사엑스알서방캡슐37.5밀리그램(벤라팍신염산염),베넥사엑스알서방캡슐37.5밀리그램(벤라팍신염산염),벤라팍신염산염,한림제약(주),False,name_only,True,MFDS nedrug,nedrug.searchDrug,2026-06-12
200500587,베넥사엑스알서방캡슐75밀리그램(벤라팍신염산염),베넥사엑스알서방캡슐75밀리그램(벤라팍신염산염),벤라팍신염산염,한림제약(주),False,name_only,True,MFDS nedrug,nedrug.searchDrug,2026-06-12
200809448,베라칸서방캡슐37.5밀리그램(벤라팍신염산염),베라칸서방캡슐37.5밀리그램(벤라팍신염산염),벤라팍신염산염서방성과립,대웅바이오(주),False,name_only,True,MFDS nedrug,nedrug.searchDrug,2026-06-12
200701830,베라칸서방캡슐75밀리그램(벤라팍신염산염),베라칸서방캡슐75밀리그램(벤라팍신염산염),벤라팍신염산염서방성과립,대웅바이오(주),False,name_only,True,MFDS nedrug,nedrug.searchDrug,2026-06-12
200701831,벤라팩트서방캡슐(벤라팍신염산염),벤라팩트서방캡슐(벤라팍신염산염),벤라팍신염산염서방성과립,삼천당제약(주),False,name_only,True,MFDS nedrug,nedrug.searchDrug,2026-06-12
200809450,벤라팩트서방캡슐37.5mg(벤라팍신염산염),벤라팩트서방캡슐37.5mg(벤라팍신염산염),벤라팍신염산염서방성과립,삼천당제약(주),False,name_only,True,MFDS nedrug,nedrug.searchDrug,2026-06-12
200809452,벤팍신서방캡슐37.5밀리그램(벤라팍신염산염),벤팍신서방캡슐37.5밀리그램(벤라팍신염산염),벤라팍신염산염서방성과립,영진약품(주),False,name_only,True,MFDS nedrug,nedrug.searchDrug,2026-06-12
200701826,벤팍신서방캡슐75밀리그램(벤라팍신염산염),벤팍신서방캡슐75밀리그램(벤라팍신염산염),벤라팍신염산염서방성과립,영진약품(주),False,name_only,True,MFDS nedrug,nedrug.searchDrug,2026-06-12
202002458,에스벤서방정100밀리그램(데스벤라팍신벤조산염),에스벤서방정100밀리그램(데스벤라팍신벤조산염),데스벤라팍신벤조산염,명인제약(주),False,name_only,True,MFDS nedrug,nedrug.searchDrug,2026-06-12
202500935,에스벤서방정25밀리그램(데스벤라팍신벤조산염),에스벤서방정25밀리그램(데스벤라팍신벤조산염),데스벤라팍신벤조산염,명인제약(주),False,name_only,True,MFDS nedrug,nedrug.searchDrug,2026-06-12
202002457,에스벤서방정50밀리그램(데스벤라팍신벤조산염),에스벤서방정50밀리그램(데스벤라팍신벤조산염),데스벤라팍신벤조산염,명인제약(주),False,name_only,True,MFDS nedrug,nedrug.searchDrug,2026-06-12
200308353,이팩사엑스알서방캡슐75밀리그램,이팩사엑스알서방캡슐75밀리그램,벤라팍신염산염,비아트리스코리아(주),False,name_only,True,MFDS nedrug,nedrug.searchDrug,2026-06-12
200308354,이팩사엑스알서방캡슐37.5밀리그램,이팩사엑스알서방캡슐37.5밀리그램,벤라팍신염산염,비아트리스코리아(주),False,name_only,True,MFDS nedrug,nedrug.searchDrug,2026-06-12
200710998,코팩사엑스알서방캡슐75밀리그램(벤라팍신염산염),코팩사엑스알서방캡슐75밀리그램(벤라팍신염산염),벤라팍신염산염,명인제약(주),False,name_only,True,MFDS nedrug,nedrug.searchDrug,2026-06-12
201001057,코팩사엑스알서방캡슐37.5밀리그램(벤라팍신염산염),코팩사엑스알서방캡슐37.5밀리그램(벤라팍신염산염),벤라팍신염산염,명인제약(주),False,name_only,True,MFDS nedrug,nedrug.searchDrug,2026-06-12
202400587,파마데스벤라팍신서방정100밀리그램(데스벤라팍신숙신산염일수화물),파마데스벤라팍신서방정100밀리그램(데스벤라팍신숙신산염일수화물),데스벤라팍신숙신산염일수화물,(주)한국파마,False,name_only,True,MFDS nedrug,nedrug.searchDrug,2026-06-12
202401555,파마데스벤라팍신서방정50밀리그램(데스벤라팍신숙신산염일수화물),파마데스벤라팍신서방정50밀리그램(데스벤라팍신숙신산염일수화물),데스벤라팍신숙신산염일수화물,(주)한국파마,False,name_only,True,MFDS nedrug,nedrug.searchDrug,2026-06-12
200701823,파마벤라팍신서방캡슐75밀리그램(벤라팍신염산염),파마벤라팍신서방캡슐75밀리그램(벤라팍신염산염),벤라팍신염산염서방성과립,(주)한국파마,False,name_only,True,MFDS nedrug,nedrug.searchDrug,2026-06-12
200809447,파마벤라팍신서방캡슐37.5밀리그램(벤라팍신염산염),파마벤라팍신서방캡슐37.5밀리그램(벤라팍신염산염),벤라팍신염산염서방성과립,(주)한국파마,False,name_only,True,MFDS nedrug,nedrug.searchDrug,2026-06-12
202002460,프리넥사서방정100밀리그램(데스벤라팍신벤조산염),프리넥사서방정100밀리그램(데스벤라팍신벤조산염),데스벤라팍신벤조산염,한림제약(주),False,name_only,True,MFDS nedrug,nedrug.searchDrug,2026-06-12
202500934,프리넥사서방정25밀리그램(데스벤라팍신벤조산염),프리넥사서방정25밀리그램(데스벤라팍신벤조산염),데스벤라팍신벤조산염,한림제약(주),False,name_only,True,MFDS nedrug,nedrug.searchDrug,2026-06-12
202002459,프리넥사서방정50밀리그램(데스벤라팍신벤조산염),프리넥사서방정50밀리그램(데스벤라팍신벤조산염),데스벤라팍신벤조산염,한림제약(주),False,name_only,True,MFDS nedrug,nedrug.searchDrug,2026-06-12
201400538,프리스틱서방정100밀리그램(데스벤라팍신숙신산염일수화물),프리스틱서방정100밀리그램(데스벤라팍신숙신산염일수화물),데스벤라팍신숙신산염일수화물,한국화이자제약(주),False,name_only,True,MFDS nedrug,nedrug.searchDrug,2026-06-12
201400537,프리스틱서방정50밀리그램(데스벤라팍신숙신산염일수화물),프리스틱서방정50밀리그램(데스벤라팍신숙신산염일수화물),데스벤라팍신숙신산염일수화물,한국화이자제약(주),False,name_only,True,MFDS nedrug,nedrug.searchDrug,2026-06-12
202301254,보세틴정10밀리그램(보티옥세틴브롬화수소산염),보세틴정10밀리그램(보티옥세틴브롬화수소산염),보티옥세틴브롬화수소산염,명인제약(주),False,name_only,True,MFDS nedrug,nedrug.searchDrug,2026-06-12
202301255,보세틴정15밀리그램(보티옥세틴브롬화수소산염),보세틴정15밀리그램(보티옥세틴브롬화수소산염),보티옥세틴브롬화수소산염,명인제약(주),False,name_only,True,MFDS nedrug,nedrug.searchDrug,2026-06-12
202301256,보세틴정20밀리그램(보티옥세틴브롬화수소산염),보세틴정20밀리그램(보티옥세틴브롬화수소산염),보티옥세틴브롬화수소산염,명인제약(주),False,name_only,True,MFDS nedrug,nedrug.searchDrug,2026-06-12
202301253,보세틴정5밀리그램(보티옥세틴브롬화수소산염),보세틴정5밀리그램(보티옥세틴브롬화수소산염),보티옥세틴브롬화수소산염,명인제약(주),False,name_only,True,MFDS nedrug,nedrug.searchDrug,2026-06-12
202301538,보티브정10밀리그램(보티옥세틴브롬화수소산염),보티브정10밀리그램(보티옥세틴브롬화수소산염),보티옥세틴브롬화수소산염,환인제약(주),False,name_only,True,MFDS nedrug,nedrug.searchDrug,2026-06-12
202301537,보티브정20밀리그램(보티옥세틴브롬화수소산염),보티브정20밀리그램(보티옥세틴브롬화수소산염),보티옥세틴브롬화수소산염,환인제약(주),False,name_only,True,MFDS nedrug,nedrug.searchDrug,2026-06-12
202301539,보티브정5밀리그램(보티옥세틴브롬화수소산염),보티브정5밀리그램(보티옥세틴브롬화수소산염),보티옥세틴브롬화수소산염,환인제약(주),False,name_only,True,MFDS nedrug,nedrug.searchDrug,2026-06-12
202301275,보티옥센정10밀리그램(보티옥세틴브롬화수소산염),보티옥센정10밀리그램(보티옥세틴브롬화수소산염),보티옥세틴브롬화수소산염,유니메드제약(주),False,name_only,True,MFDS nedrug,nedrug.searchDrug,2026-06-12
202301276,보티옥센정15밀리그램(보티옥세틴브롬화수소산염),보티옥센정15밀리그램(보티옥세틴브롬화수소산염),보티옥세틴브롬화수소산염,유니메드제약(주),False,name_only,True,MFDS nedrug,nedrug.searchDrug,2026-06-12
202301277,보티옥센정20밀리그램(보티옥세틴브롬화수소산염),보티옥센정20밀리그램(보티옥세틴브롬화수소산염),보티옥세틴브롬화수소산염,유니메드제약(주),False,name_only,True,MFDS nedrug,nedrug.searchDrug,2026-06-12
202301274,보티옥센정5밀리그램(보티옥세틴브롬화수소산염),보티옥센정5밀리그램(보티옥세틴브롬화수소산염),보티옥세틴브롬화수소산염,유니메드제약(주),False,name_only,True,MFDS nedrug,nedrug.searchDrug,2026-06-12
201403836,브린텔릭스정10밀리그램(보티옥세틴브롬화수소산염),브린텔릭스정10밀리그램(보티옥세틴브롬화수소산염),보티옥세틴브롬화수소산염,한국룬드벡(주),False,name_only,True,MFDS nedrug,nedrug.searchDrug,2026-06-12
201403837,브린텔릭스정20밀리그램(보티옥세틴브롬화수소산염),브린텔릭스정20밀리그램(보티옥세틴브롬화수소산염),보티옥세틴브롬화수소산염,한국룬드벡(주),False,name_only,True,MFDS nedrug,nedrug.searchDrug,2026-06-12
201403835,브린텔릭스정5밀리그램(보티옥세틴브롬화수소산염),브린텔릭스정5밀리그램(보티옥세틴브롬화수소산염),보티옥세틴브롬화수소산염,한국룬드벡(주),False,name_only,True,MFDS nedrug,nedrug.searchDrug,2026-06-12
200307847,레메론솔탭정15밀리그램(제피미르타자핀),레메론솔탭정15밀리그램(제피미르타자핀),제피미르타자핀,한국오가논(주),False,name_only,True,MFDS nedrug,nedrug.searchDrug,2026-06-12
200307848,레메론솔탭정30밀리그램(제피미르타자핀),레메론솔탭정30밀리그램(제피미르타자핀),제피미르타자핀,한국오가논(주),False,name_only,True,MFDS nedrug,nedrug.searchDrug,2026-06-12
200603875,레메론정15밀리그램(미르타자핀),레메론정15밀리그램(미르타자핀),미르타자핀,한국오가논(주),False,name_only,True,MFDS nedrug,nedrug.searchDrug,2026-06-12
200808414,레메론정30밀리그램(미르타자핀),레메론정30밀리그램(미르타자핀),미르타자핀,한국오가논(주),False,name_only,True,MFDS nedrug,nedrug.searchDrug,2026-06-12
201205950,멀타핀정15밀리그램(미르타자핀),멀타핀정15밀리그램(미르타자핀),미르타자핀,현대약품(주),False,name_only,True,MFDS nedrug,nedrug.searchDrug,2026-06-12
201205951,멀타핀정30밀리그램(미르타자핀),멀타핀정30밀리그램(미르타자핀),미르타자핀,현대약품(주),False,name_only,True,MFDS nedrug,nedrug.searchDrug,2026-06-12
201205974,멀타핀정7.5밀리그램(미르타자핀),멀타핀정7.5밀리그램(미르타자핀),미르타자핀,현대약품(주),False,name_only,True,MFDS nedrug,nedrug.searchDrug,2026-06-12
201706900,명문미르타오디정15밀리그램(미르타자핀),명문미르타오디정15밀리그램(미르타자핀),미르타자핀,명문제약(주),False,name_only,True,MFDS nedrug,nedrug.searchDrug,2026-06-12
201800907,명문미르타오디정30밀리그램(미르타자핀),명문미르타오디정30밀리그램(미르타자핀),미르타자핀,명문제약(주),False,name_only,True,MFDS nedrug,nedrug.searchDrug,2026-06-12
202008509,미르젠탁오디정15밀리그램(미르타자핀),미르젠탁오디정15밀리그램(미르타자핀),미르타자핀,환인제약(주),False,name_only,True,MFDS nedrug,nedrug.searchDrug,2026-06-12
202009229,미르젠탁오디정30밀리그램(미르타자핀),미르젠탁오디정30밀리그램(미르타자핀),미르타자핀,환인제약(주),False,name_only,True,MFDS nedrug,nedrug.searchDrug,2026-06-12
202009438,미르젠탁오디정7.5밀리그램(미르타자핀),미르젠탁오디정7.5밀리그램(미르타자핀),미르타자핀,환인제약(주),False,name_only,True,MFDS nedrug,nedrug.searchDrug,2026-06-12
201707054,미르젠탁정15밀리그램(미르타자핀),미르젠탁정15밀리그램(미르타자핀),미르타자핀,환인제약(주),False,name_only,True,MFDS nedrug,nedrug.searchDrug,2026-06-12
201707055,미르젠탁정30밀리그램(미르타자핀),미르젠탁정30밀리그램(미르타자핀),미르타자핀,환인제약(주),False,name_only,True,MFDS nedrug,nedrug.searchDrug,2026-06-12
201707056,미르젠탁정7.5밀리그램(미르타자핀),미르젠탁정7.5밀리그램(미르타자핀),미르타자핀,환인제약(주),False,name_only,True,MFDS nedrug,nedrug.searchDrug,2026-06-12
200901546,미르탁스오디티정15밀리그램(미르타자핀),미르탁스오디티정15밀리그램(미르타자핀),미르타자핀,삼일제약(주),False,name_only,True,MFDS nedrug,nedrug.searchDrug,2026-06-12
200803427,미르탁스오디티정30밀리그램(미르타자핀),미르탁스오디티정30밀리그램(미르타자핀),미르타자핀,삼일제약(주),False,name_only,True,MFDS nedrug,nedrug.searchDrug,2026-06-12
200804995,미르탁스정15mg(미르타자핀),미르탁스정15mg(미르타자핀),미르타자핀,삼일제약(주),False,name_only,True,MFDS nedrug,nedrug.searchDrug,2026-06-12
200706541,미르탁스정30밀리그램(미르타자핀),미르탁스정30밀리그램(미르타자핀),미르타자핀,삼일제약(주),False,name_only,True,MFDS nedrug,nedrug.searchDrug,2026-06-12
201405634,밀타오디정15밀리그램(미르타자핀),밀타오디정15밀리그램(미르타자핀),미르타자핀,명인제약(주),False,name_only,True,MFDS nedrug,nedrug.searchDrug,2026-06-12
201405633,밀타오디정30밀리그램(미르타자핀),밀타오디정30밀리그램(미르타자핀),미르타자핀,명인제약(주),False,name_only,True,MFDS nedrug,nedrug.searchDrug,2026-06-12
201601663,밀타오디정7.5밀리그램(미르타자핀),밀타오디정7.5밀리그램(미르타자핀),미르타자핀,명인제약(주),False,name_only,True,MFDS nedrug,nedrug.searchDrug,2026-06-12
201400120,밀타정15밀리그램(미르타자핀),밀타정15밀리그램(미르타자핀),미르타자핀,명인제약(주),False,name_only,True,MFDS nedrug,nedrug.searchDrug,2026-06-12
201404690,밀타정30밀리그램(미르타자핀),밀타정30밀리그램(미르타자핀),미르타자핀,명인제약(주),False,name_only,True,MFDS nedrug,nedrug.searchDrug,2026-06-12
202201970,밀타정45밀리그램(미르타자핀),밀타정45밀리그램(미르타자핀),미르타자핀,명인제약(주),False,name_only,True,MFDS nedrug,nedrug.searchDrug,2026-06-12
201706845,밀타정7.5밀리그램(미르타자핀),밀타정7.5밀리그램(미르타자핀),미르타자핀,명인제약(주),False,name_only,True,MFDS nedrug,nedrug.searchDrug,2026-06-12
201701437,영진멀타자핀정15밀리그램(미르타자핀),영진멀타자핀정15밀리그램(미르타자핀),미르타자핀,영진약품(주),False,name_only,True,MFDS nedrug,nedrug.searchDrug,2026-06-12
201701436,영진멀타자핀정30밀리그램(미르타자핀),영진멀타자핀정30밀리그램(미르타자핀),미르타자핀,영진약품(주),False,name_only,True,MFDS nedrug,nedrug.searchDrug,2026-06-12
201701438,영진멀타자핀정7.5밀리그램(미르타자핀),영진멀타자핀정7.5밀리그램(미르타자핀),미르타자핀,영진약품(주),False,name_only,True,MFDS nedrug,nedrug.searchDrug,2026-06-12
202402770,파마멀타자핀정15밀리그램(미르타자핀),파마멀타자핀정15밀리그램(미르타자핀),미르타자핀,(주)한국파마,False,name_only,True,MFDS nedrug,nedrug.searchDrug,2026-06-12
200801900,니코피온서방정150밀리그램(부프로피온염산염),니코피온서방정150밀리그램(부프로피온염산염),부프로피온염산염,한미약품(주),False,name_only,True,MFDS nedrug,nedrug.searchDrug,2026-06-12
201405262,부로피온정(부프로피온염산염),부로피온정(부프로피온염산염),부프로피온염산염,알보젠코리아(주),False,name_only,True,MFDS nedrug,nedrug.searchDrug,2026-06-12
201605175,애드피온서방정150밀리그램(부프로피온염산염),애드피온서방정150밀리그램(부프로피온염산염),부프로피온염산염,환인제약(주),False,name_only,True,MFDS nedrug,nedrug.searchDrug,2026-06-12
200702571,웰부트린엑스엘정150밀리그램(부프로피온염산염),웰부트린엑스엘정150밀리그램(부프로피온염산염),부프로피온염산염,(주)글락소스미스클라인,False,name_only,True,MFDS nedrug,nedrug.searchDrug,2026-06-12
200702570,웰부트린엑스엘정300밀리그램(부프로피온염산염),웰부트린엑스엘정300밀리그램(부프로피온염산염),부프로피온염산염,(주)글락소스미스클라인,False,name_only,True,MFDS nedrug,nedrug.searchDrug,2026-06-12
201605178,웰서방정(부프로피온염산염),웰서방정(부프로피온염산염),부프로피온염산염,유니메드제약(주),False,name_only,True,MFDS nedrug,nedrug.searchDrug,2026-06-12
200202994,웰정(부프로피온염산염),웰정(부프로피온염산염),부프로피온염산염,유니메드제약(주),False,name_only,True,MFDS nedrug,nedrug.searchDrug,2026-06-12
201605158,제로피온서방정150mg(부프로피온염산염),제로피온서방정150mg(부프로피온염산염),부프로피온염산염,(주)제뉴파마,False,name_only,True,MFDS nedrug,nedrug.searchDrug,2026-06-12
201602430,콘트라브서방정,콘트라브서방정,부프로피온염산염/날트렉손염산염,광동제약(주),False,name_only,True,MFDS nedrug,nedrug.searchDrug,2026-06-12
201605177,파피온서방정(부프로피온염산염),파피온서방정(부프로피온염산염),부프로피온염산염,(주)한국파마,False,name_only,True,MFDS nedrug,nedrug.searchDrug,2026-06-12
201605174,헬스피온서방정150밀리그램(부프로피온염산염),헬스피온서방정150밀리그램(부프로피온염산염),부프로피온염산염,명인제약(주),False,name_only,True,MFDS nedrug,nedrug.searchDrug,2026-06-12
198500626,명인아미트리프틸린염산염정10밀리그램,명인아미트리프틸린염산염정10밀리그램,아미트리프틸린염산염,명인제약(주),False,name_only,True,MFDS nedrug,nedrug.searchDrug,2026-06-12
197000079,에나폰정10밀리그램(아미트리프틸린염산염),에나폰정10밀리그램(아미트리프틸린염산염),아미트리프틸린염산염,환인제약(주),False,name_only,True,MFDS nedrug,nedrug.searchDrug,2026-06-12
201309959,에나폰정5밀리그램(아미트리프틸린염산염),에나폰정5밀리그램(아미트리프틸린염산염),아미트리프틸린염산염,환인제약(주),False,name_only,True,MFDS nedrug,nedrug.searchDrug,2026-06-12
197500186,에트라빌10밀리그램정(아미트리프틸린염산염),에트라빌10밀리그램정(아미트리프틸린염산염),아미트리프틸린염산염,동화약품(주),False,name_only,True,MFDS nedrug,nedrug.searchDrug,2026-06-12
197500188,에트라빌25밀리그램정(아미트리프틸린염산염),에트라빌25밀리그램정(아미트리프틸린염산염),아미트리프틸린염산염,동화약품(주),False,name_only,True,MFDS nedrug,nedrug.searchDrug,2026-06-12
197300150,센시발정10밀리그램(염산노르트립틸린),센시발정10밀리그램(염산노르트립틸린),염산노르트립틸린,일성아이에스(주),False,name_only,True,MFDS nedrug,nedrug.searchDrug,2026-06-12
197300151,센시발정25밀리그램(염산노르트립틸린),센시발정25밀리그램(염산노르트립틸린),염산노르트립틸린,일성아이에스(주),False,name_only,True,MFDS nedrug,nedrug.searchDrug,2026-06-12
198500628,명인이미프라민염산염정,명인이미프라민염산염정,이미프라민염산염,명인제약(주),False,name_only,True,MFDS nedrug,nedrug.searchDrug,2026-06-12
198200325,환인이미프라민염산염정25밀리그램,환인이미프라민염산염정25밀리그램,이미프라민염산염,환인제약(주),False,name_only,True,MFDS nedrug,nedrug.searchDrug,2026-06-12
201404400,명인트라조돈염산염정50밀리그램,명인트라조돈염산염정50밀리그램,트라조돈염산염,명인제약(주),False,name_only,True,MFDS nedrug,nedrug.searchDrug,2026-06-12
201405502,명인트라조돈염산염정25mg,명인트라조돈염산염정25mg,트라조돈염산염,명인제약(주),False,name_only,True,MFDS nedrug,nedrug.searchDrug,2026-06-12
199400868,명인트라조돈캡슐25밀리그램,명인트라조돈캡슐25밀리그램,트라조돈염산염,명인제약(주),False,name_only,True,MFDS nedrug,nedrug.searchDrug,2026-06-12
199200407,트리티코서방정75밀리그람(트라조돈염산염),트리티코서방정75밀리그람(트라조돈염산염),트라조돈염산염,국제약품(주),False,name_only,True,MFDS nedrug,nedrug.searchDrug,2026-06-12
198200118,트리티코정25밀리그람(트라조돈염산염),트리티코정25밀리그람(트라조돈염산염),트라조돈염산염,국제약품(주),False,name_only,True,MFDS nedrug,nedrug.searchDrug,2026-06-12
198200117,트리티코정50밀리그람(트라조돈염산염),트리티코정50밀리그람(트라조돈염산염),트라조돈염산염,국제약품(주),False,name_only,True,MFDS nedrug,nedrug.searchDrug,2026-06-12
198700737,환인트라조돈염산염캡슐,환인트라조돈염산염캡슐,트라조돈염산염,환인제약(주),False,name_only,True,MFDS nedrug,nedrug.searchDrug,2026-06-12
202403080,아고틴정25밀리그램(아고멜라틴),아고틴정25밀리그램(아고멜라틴),아고멜라틴,환인제약(주),False,name_only,True,MFDS nedrug,nedrug.searchDrug,2026-06-12
200701028,데파킨크로노정300밀리그램,데파킨크로노정300밀리그램,발프로산나트륨/발프로산,(주)한독,False,name_only,True,MFDS nedrug,nedrug.searchDrug,2026-06-12
200701033,데파킨크로노정500밀리그램,데파킨크로노정500밀리그램,발프로산나트륨/발프로산,(주)한독,False,name_only,True,MFDS nedrug,nedrug.searchDrug,2026-06-12
199400905,바렙톨서방정(발프로산나트륨),바렙톨서방정(발프로산나트륨),발프로산나트륨,환인제약(주),False,name_only,True,MFDS nedrug,nedrug.searchDrug,2026-06-12
199801581,오르필서방정150밀리그램(발프로산나트륨),오르필서방정150밀리그램(발프로산나트륨),발프로산나트륨,부광약품(주),False,name_only,True,MFDS nedrug,nedrug.searchDrug,2026-06-12
199001352,오르필서방정300밀리그램(발프로산나트륨),오르필서방정300밀리그램(발프로산나트륨),발프로산나트륨,부광약품(주),False,name_only,True,MFDS nedrug,nedrug.searchDrug,2026-06-12
199901651,오르필서방정600밀리그램(발프로산나트륨),오르필서방정600밀리그램(발프로산나트륨),발프로산나트륨,부광약품(주),False,name_only,True,MFDS nedrug,nedrug.searchDrug,2026-06-12
200001939,오르필시럽(발프로산나트륨),오르필시럽(발프로산나트륨),발프로산나트륨,부광약품(주),False,name_only,True,MFDS nedrug,nedrug.searchDrug,2026-06-12
199801582,오르필주사액(발프로산나트륨),오르필주사액(발프로산나트륨),발프로산나트륨,부광약품(주),False,name_only,True,MFDS nedrug,nedrug.searchDrug,2026-06-12
200001458,프로막정200밀리그램(발프로산마그네슘),프로막정200밀리그램(발프로산마그네슘),발프로산마그네슘,명인제약(주),False,name_only,True,MFDS nedrug,nedrug.searchDrug,2026-06-12
201004349,프로막정300밀리그램(발프로산마그네슘),프로막정300밀리그램(발프로산마그네슘),발프로산마그네슘,명인제약(주),False,name_only,True,MFDS nedrug,nedrug.searchDrug,2026-06-12
200001457,프로막정500밀리그램(발프로산마그네슘),프로막정500밀리그램(발프로산마그네슘),발프로산마그네슘,명인제약(주),False,name_only,True,MFDS nedrug,nedrug.searchDrug,2026-06-12
202402973,세티서방정25밀리그램(토피라메이트),세티서방정25밀리그램(토피라메이트),토피라메이트,(주)휴온스,False,name_only,True,MFDS nedrug,nedrug.searchDrug,2026-06-12
202402828,세티서방정50밀리그램(토피라메이트),세티서방정50밀리그램(토피라메이트),토피라메이트,(주)휴온스,False,name_only,True,MFDS nedrug,nedrug.searchDrug,2026-06-12
200600543,세티정(토피라메이트),세티정(토피라메이트),토피라메이트,(주)휴온스,False,name_only,True,MFDS nedrug,nedrug.searchDrug,2026-06-12
200608240,세티정25밀리그람(토피라메이트),세티정25밀리그람(토피라메이트),토피라메이트,(주)휴온스,False,name_only,True,MFDS nedrug,nedrug.searchDrug,2026-06-12
201907073,아토맥정100밀리그램(토피라메이트),아토맥정100밀리그램(토피라메이트),토피라메이트,(주)아리제약,False,name_only,True,MFDS nedrug,nedrug.searchDrug,2026-06-12
201907140,아토맥정25밀리그램(토피라메이트),아토맥정25밀리그램(토피라메이트),토피라메이트,(주)아리제약,False,name_only,True,MFDS nedrug,nedrug.searchDrug,2026-06-12
202105535,에스토프정100mg(토피라메이트),에스토프정100mg(토피라메이트),토피라메이트,(주)옵투스제약,False,name_only,True,MFDS nedrug,nedrug.searchDrug,2026-06-12
202105534,에스토프정25mg(토피라메이트),에스토프정25mg(토피라메이트),토피라메이트,(주)옵투스제약,False,name_only,True,MFDS nedrug,nedrug.searchDrug,2026-06-12
200503065,유니토파정(토피라메이트),유니토파정(토피라메이트),토피라메이트,유니메드제약(주),False,name_only,True,MFDS nedrug,nedrug.searchDrug,2026-06-12
200605499,유니토파정25밀리그람(토피라메이트),유니토파정25밀리그람(토피라메이트),토피라메이트,유니메드제약(주),False,name_only,True,MFDS nedrug,nedrug.searchDrug,2026-06-12
201801418,제스터정25밀리그램(토피라메이트),제스터정25밀리그램(토피라메이트),토피라메이트,(주)아이월드제약,False,name_only,True,MFDS nedrug,nedrug.searchDrug,2026-06-12
202501908,종근당토피라메이트서방정50밀리그램,종근당토피라메이트서방정50밀리그램,토피라메이트,(주)종근당,False,name_only,True,MFDS nedrug,nedrug.searchDrug,2026-06-12
202501907,종근당토피라메이트서방정25밀리그램,종근당토피라메이트서방정25밀리그램,토피라메이트,(주)종근당,False,name_only,True,MFDS nedrug,nedrug.searchDrug,2026-06-12
201706471,큐덱시서방캡슐100밀리그램(토피라메이트),큐덱시서방캡슐100밀리그램(토피라메이트),토피라메이트,에스케이케미칼(주),False,name_only,True,MFDS nedrug,nedrug.searchDrug,2026-06-12
201706472,큐덱시서방캡슐200밀리그램(토피라메이트),큐덱시서방캡슐200밀리그램(토피라메이트),토피라메이트,에스케이케미칼(주),False,name_only,True,MFDS nedrug,nedrug.searchDrug,2026-06-12
201706473,큐덱시서방캡슐25밀리그램(토피라메이트),큐덱시서방캡슐25밀리그램(토피라메이트),토피라메이트,에스케이케미칼(주),False,name_only,True,MFDS nedrug,nedrug.searchDrug,2026-06-12
201706474,큐덱시서방캡슐50밀리그램(토피라메이트),큐덱시서방캡슐50밀리그램(토피라메이트),토피라메이트,에스케이케미칼(주),False,name_only,True,MFDS nedrug,nedrug.searchDrug,2026-06-12
201905408,큐시미아캡슐11.25mg/69mg,큐시미아캡슐11.25mg/69mg,펜터민염산염/토피라메이트,알보젠코리아(주),False,name_only,True,MFDS nedrug,nedrug.searchDrug,2026-06-12
201905407,큐시미아캡슐15mg/92mg,큐시미아캡슐15mg/92mg,펜터민염산염/토피라메이트,알보젠코리아(주),False,name_only,True,MFDS nedrug,nedrug.searchDrug,2026-06-12
201905406,큐시미아캡슐3.75mg/23mg,큐시미아캡슐3.75mg/23mg,펜터민염산염/토피라메이트,알보젠코리아(주),False,name_only,True,MFDS nedrug,nedrug.searchDrug,2026-06-12
201905405,큐시미아캡슐7.5mg/46mg,큐시미아캡슐7.5mg/46mg,펜터민염산염/토피라메이트,알보젠코리아(주),False,name_only,True,MFDS nedrug,nedrug.searchDrug,2026-06-12
202106742,큐피라정(토피라메이트),큐피라정(토피라메이트),토피라메이트,주식회사 노바엠헬스케어,False,name_only,True,MFDS nedrug,nedrug.searchDrug,2026-06-12
200500686,토라맥정(토피라메이트),토라맥정(토피라메이트),토피라메이트,(주)팜젠사이언스,False,name_only,True,MFDS nedrug,nedrug.searchDrug,2026-06-12
200703121,토라맥정25mg(토피라메이트),토라맥정25mg(토피라메이트),토피라메이트,(주)팜젠사이언스,False,name_only,True,MFDS nedrug,nedrug.searchDrug,2026-06-12
201800812,토라메이트정(토피라메이트),토라메이트정(토피라메이트),토피라메이트,(주)알피바이오,False,name_only,True,MFDS nedrug,nedrug.searchDrug,2026-06-12
201902183,토라메이트정25mg(토피라메이트),토라메이트정25mg(토피라메이트),토피라메이트,(주)알피바이오,False,name_only,True,MFDS nedrug,nedrug.searchDrug,2026-06-12
202402953,토라펜엑스알서방정25밀리그램(토피라메이트),토라펜엑스알서방정25밀리그램(토피라메이트),토피라메이트,(주)씨엠지제약,False,name_only,True,MFDS nedrug,nedrug.searchDrug,2026-06-12
202402827,토라펜엑스알서방정50밀리그램(토피라메이트),토라펜엑스알서방정50밀리그램(토피라메이트),토피라메이트,(주)씨엠지제약,False,name_only,True,MFDS nedrug,nedrug.searchDrug,2026-06-12
201603565,토라펜정(토피라메이트),토라펜정(토피라메이트),토피라메이트,(주)씨엠지제약,False,name_only,True,MFDS nedrug,nedrug.searchDrug,2026-06-12
201707452,토라펜정100밀리그램(토피라메이트),토라펜정100밀리그램(토피라메이트),토피라메이트,(주)씨엠지제약,False,name_only,True,MFDS nedrug,nedrug.searchDrug,2026-06-12
201405474,옥사제핀정150mg(옥스카르바제핀),옥사제핀정150mg(옥스카르바제핀),옥스카르바제핀,명인제약(주),False,name_only,True,MFDS nedrug,nedrug.searchDrug,2026-06-12
201309501,옥사제핀정300밀리그램(옥스카르바제핀),옥사제핀정300밀리그램(옥스카르바제핀),옥스카르바제핀,명인제약(주),False,name_only,True,MFDS nedrug,nedrug.searchDrug,2026-06-12
201604015,옥사제핀정600밀리그램(옥스카르바제핀),옥사제핀정600밀리그램(옥스카르바제핀),옥스카르바제핀,명인제약(주),False,name_only,True,MFDS nedrug,nedrug.searchDrug,2026-06-12
200403783,유니렙시정(옥스카르바제핀),유니렙시정(옥스카르바제핀),옥스카르바제핀,유니메드제약(주),False,name_only,True,MFDS nedrug,nedrug.searchDrug,2026-06-12
200008776,트리렙탈필름코팅정150밀리그램(옥스카르바제핀),트리렙탈필름코팅정150밀리그램(옥스카르바제핀),옥스카르바제핀,한국노바티스(주),False,name_only,True,MFDS nedrug,nedrug.searchDrug,2026-06-12
200008777,트리렙탈필름코팅정300밀리그램(옥스카르바제핀),트리렙탈필름코팅정300밀리그램(옥스카르바제핀),옥스카르바제핀,한국노바티스(주),False,name_only,True,MFDS nedrug,nedrug.searchDrug,2026-06-12
200008778,트리렙탈필름코팅정600밀리그램(옥스카르바제핀),트리렙탈필름코팅정600밀리그램(옥스카르바제핀),옥스카르바제핀,한국노바티스(주),False,name_only,True,MFDS nedrug,nedrug.searchDrug,2026-06-12
200611514,트리렙탈현탁액6%(옥스카르바제핀),트리렙탈현탁액6%(옥스카르바제핀),옥스카르바제핀,한국노바티스(주),False,name_only,True,MFDS nedrug,nedrug.searchDrug,2026-06-12
199801575,부광티모닐서방정300밀리그램(카르바마제핀),부광티모닐서방정300밀리그램(카르바마제핀),카르바마제핀,부광약품(주),False,name_only,True,MFDS nedrug,nedrug.searchDrug,2026-06-12
200501541,아트레톨씨알정(카르바마제핀),아트레톨씨알정(카르바마제핀),카르바마제핀,(주)한국파마,False,name_only,True,MFDS nedrug,nedrug.searchDrug,2026-06-12
199101166,에필렙톨씨알정(카르바마제핀),에필렙톨씨알정(카르바마제핀),카르바마제핀,환인제약(주),False,name_only,True,MFDS nedrug,nedrug.searchDrug,2026-06-12
199102609,카르마인씨알정(카르바마제핀),카르마인씨알정(카르바마제핀),카르바마제핀,명문제약(주),False,name_only,True,MFDS nedrug,nedrug.searchDrug,2026-06-12
199000983,카마제핀씨알정200밀리그램(카르바마제핀),카마제핀씨알정200밀리그램(카르바마제핀),카르바마제핀,명인제약(주),False,name_only,True,MFDS nedrug,nedrug.searchDrug,2026-06-12
199301180,카마제핀씨알정300밀리그램(카르바마제핀),카마제핀씨알정300밀리그램(카르바마제핀),카르바마제핀,명인제약(주),False,name_only,True,MFDS nedrug,nedrug.searchDrug,2026-06-12
198500634,카마제핀정(카르바마제핀),카마제핀정(카르바마제핀),카르바마제핀,명인제약(주),False,name_only,True,MFDS nedrug,nedrug.searchDrug,2026-06-12
200307818,테그레톨시럽2%(카르바마제핀),테그레톨시럽2%(카르바마제핀),카르바마제핀,한국노바티스(주),False,name_only,True,MFDS nedrug,nedrug.searchDrug,2026-06-12
200307819,테그레톨씨알정200밀리그램(카르바마제핀),테그레톨씨알정200밀리그램(카르바마제핀),카르바마제핀,한국노바티스(주),False,name_only,True,MFDS nedrug,nedrug.searchDrug,2026-06-12
200307816,테그레톨정200밀리그램(카르바마제핀),테그레톨정200밀리그램(카르바마제핀),카르바마제핀,한국노바티스(주),False,name_only,True,MFDS nedrug,nedrug.searchDrug,2026-06-12
198500605,명인페니토인정100밀리그램,명인페니토인정100밀리그램,페니토인,명인제약(주),False,name_only,True,MFDS nedrug,nedrug.searchDrug,2026-06-12
197000104,부광페니토인캡슐100밀리그램,부광페니토인캡슐100밀리그램,페니토인,부광약품(주),False,name_only,True,MFDS nedrug,nedrug.searchDrug,2026-06-12
198100305,삼진페니토인나트륨주사100밀리그램,삼진페니토인나트륨주사100밀리그램,페니토인나트륨,삼진제약(주),False,name_only,True,MFDS nedrug,nedrug.searchDrug,2026-06-12
200806793,쎄레빅스주사(포스페니토인나트륨),쎄레빅스주사(포스페니토인나트륨),포스페니토인나트륨,한림제약(주),False,name_only,True,MFDS nedrug,nedrug.searchDrug,2026-06-12
197500285,환인히단토인정(페니토인),환인히단토인정(페니토인),페니토인,환인제약(주),False,name_only,True,MFDS nedrug,nedrug.searchDrug,2026-06-12
201606652,네오팻정100밀리그램(라코사미드),네오팻정100밀리그램(라코사미드),라코사미드,환인제약(주),False,name_only,True,MFDS nedrug,nedrug.searchDrug,2026-06-12
201700527,네오팻정150밀리그램(라코사미드),네오팻정150밀리그램(라코사미드),라코사미드,환인제약(주),False,name_only,True,MFDS nedrug,nedrug.searchDrug,2026-06-12
201700526,네오팻정200밀리그램(라코사미드),네오팻정200밀리그램(라코사미드),라코사미드,환인제약(주),False,name_only,True,MFDS nedrug,nedrug.searchDrug,2026-06-12
201606651,네오팻정50밀리그램(라코사미드),네오팻정50밀리그램(라코사미드),라코사미드,환인제약(주),False,name_only,True,MFDS nedrug,nedrug.searchDrug,2026-06-12
201703447,라사로틴정100밀리그램(라코사미드),라사로틴정100밀리그램(라코사미드),라코사미드,고려제약(주),False,name_only,True,MFDS nedrug,nedrug.searchDrug,2026-06-12
201703448,라사로틴정50밀리그램(라코사미드),라사로틴정50밀리그램(라코사미드),라코사미드,고려제약(주),False,name_only,True,MFDS nedrug,nedrug.searchDrug,2026-06-12
201605710,라코정100밀리그램(라코사미드),라코정100밀리그램(라코사미드),라코사미드,명인제약(주),False,name_only,True,MFDS nedrug,nedrug.searchDrug,2026-06-12
201704863,라코정150밀리그램(라코사미드),라코정150밀리그램(라코사미드),라코사미드,명인제약(주),False,name_only,True,MFDS nedrug,nedrug.searchDrug,2026-06-12
201704852,라코정200밀리그램(라코사미드),라코정200밀리그램(라코사미드),라코사미드,명인제약(주),False,name_only,True,MFDS nedrug,nedrug.searchDrug,2026-06-12
201605711,라코정50밀리그램(라코사미드),라코정50밀리그램(라코사미드),라코사미드,명인제약(주),False,name_only,True,MFDS nedrug,nedrug.searchDrug,2026-06-12
202000376,라코팻시럽(라코사미드),라코팻시럽(라코사미드),라코사미드,현대약품(주),False,name_only,True,MFDS nedrug,nedrug.searchDrug,2026-06-12
201700547,라코팻정100밀리그램(라코사미드),라코팻정100밀리그램(라코사미드),라코사미드,현대약품(주),False,name_only,True,MFDS nedrug,nedrug.searchDrug,2026-06-12
201700399,라코팻정50밀리그램(라코사미드),라코팻정50밀리그램(라코사미드),라코사미드,현대약품(주),False,name_only,True,MFDS nedrug,nedrug.searchDrug,2026-06-12
201605344,빔스크정100밀리그램(라코사미드),빔스크정100밀리그램(라코사미드),라코사미드,에스케이케미칼(주),False,name_only,True,MFDS nedrug,nedrug.searchDrug,2026-06-12
201605341,빔스크정150밀리그램(라코사미드),빔스크정150밀리그램(라코사미드),라코사미드,에스케이케미칼(주),False,name_only,True,MFDS nedrug,nedrug.searchDrug,2026-06-12
201605342,빔스크정200밀리그램(라코사미드),빔스크정200밀리그램(라코사미드),라코사미드,에스케이케미칼(주),False,name_only,True,MFDS nedrug,nedrug.searchDrug,2026-06-12
201605343,빔스크정50밀리그램(라코사미드),빔스크정50밀리그램(라코사미드),라코사미드,에스케이케미칼(주),False,name_only,True,MFDS nedrug,nedrug.searchDrug,2026-06-12
201901941,빔스크주(라코사미드),빔스크주(라코사미드),라코사미드,에스케이케미칼(주),False,name_only,True,MFDS nedrug,nedrug.searchDrug,2026-06-12
200610884,리보트릴정(클로나제팜),리보트릴정(클로나제팜),클로나제팜,(주)종근당,False,name_only,True,MFDS nedrug,nedrug.searchDrug,2026-06-12
201400403,환인클로나제팜정0.5밀리그램,환인클로나제팜정0.5밀리그램,클로나제팜,환인제약(주),False,name_only,True,MFDS nedrug,nedrug.searchDrug,2026-06-12
201901158,환인클로나제팜정0.5밀리그램(WhanIn Clonazepam Tab. 0.5mg),환인클로나제팜정0.5밀리그램(whanin clonazepam tab. 0.5mg),클로나제팜,환인제약(주),False,name_only,True,MFDS nedrug,nedrug.searchDrug,2026-06-12
198501813,명인디아제팜정10밀리그램,명인디아제팜정10밀리그램,디아제팜,명인제약(주),False,name_only,True,MFDS nedrug,nedrug.searchDrug,2026-06-12
198501811,명인디아제팜정2밀리그램,명인디아제팜정2밀리그램,디아제팜,명인제약(주),False,name_only,True,MFDS nedrug,nedrug.searchDrug,2026-06-12
198501812,명인디아제팜정5밀리그램,명인디아제팜정5밀리그램,디아제팜,명인제약(주),False,name_only,True,MFDS nedrug,nedrug.searchDrug,2026-06-12
200700501,바리움정5밀리그람(디아제팜),바리움정5밀리그람(디아제팜),디아제팜,지피테라퓨틱스코리아주식회사,False,name_only,True,MFDS nedrug,nedrug.searchDrug,2026-06-12
197700535,삼진디아제팜정2밀리그람,삼진디아제팜정2밀리그람,디아제팜,삼진제약(주),False,name_only,True,MFDS nedrug,nedrug.searchDrug,2026-06-12
197700536,삼진디아제팜정5밀리그람,삼진디아제팜정5밀리그람,디아제팜,삼진제약(주),False,name_only,True,MFDS nedrug,nedrug.searchDrug,2026-06-12
197900546,삼진디아제팜주,삼진디아제팜주,디아제팜,삼진제약(주),False,name_only,True,MFDS nedrug,nedrug.searchDrug,2026-06-12
198501803,로라반정0.5밀리그램(로라제팜),로라반정0.5밀리그램(로라제팜),로라제팜,환인제약(주),False,name_only,True,MFDS nedrug,nedrug.searchDrug,2026-06-12
198501802,로라반정1밀리그램(로라제팜),로라반정1밀리그램(로라제팜),로라제팜,환인제약(주),False,name_only,True,MFDS nedrug,nedrug.searchDrug,2026-06-12
198200943,삼진로라제팜주,삼진로라제팜주,로라제팜,삼진제약(주),False,name_only,True,MFDS nedrug,nedrug.searchDrug,2026-06-12
198501817,스리반정0.5밀리그램(로라제팜),스리반정0.5밀리그램(로라제팜),로라제팜,명인제약(주),False,name_only,True,MFDS nedrug,nedrug.searchDrug,2026-06-12
198501816,스리반정1밀리그램(로라제팜),스리반정1밀리그램(로라제팜),로라제팜,명인제약(주),False,name_only,True,MFDS nedrug,nedrug.searchDrug,2026-06-12
197900543,아티반정0.5밀리그람(로라제팜),아티반정0.5밀리그람(로라제팜),로라제팜,일동제약(주),False,name_only,True,MFDS nedrug,nedrug.searchDrug,2026-06-12
197900544,아티반정1밀리그람(로라제팜),아티반정1밀리그람(로라제팜),로라제팜,일동제약(주),False,name_only,True,MFDS nedrug,nedrug.searchDrug,2026-06-12
200610866,데파스정0.25밀리그램(에티졸람),데파스정0.25밀리그램(에티졸람),에티졸람,(주)종근당,False,name_only,True,MFDS nedrug,nedrug.searchDrug,2026-06-12
199002729,데파스정0.5밀리그람(에티졸람),데파스정0.5밀리그람(에티졸람),에티졸람,(주)종근당,False,name_only,True,MFDS nedrug,nedrug.searchDrug,2026-06-12
199002730,데파스정1밀리그람(에티졸람),데파스정1밀리그람(에티졸람),에티졸람,(주)종근당,False,name_only,True,MFDS nedrug,nedrug.searchDrug,2026-06-12
199101080,명인부스피론염산염정10밀리그램,명인부스피론염산염정10밀리그램,부스피론염산염,명인제약(주),False,name_only,True,MFDS nedrug,nedrug.searchDrug,2026-06-12
199101086,명인부스피론염산염정5밀리그램,명인부스피론염산염정5밀리그램,부스피론염산염,명인제약(주),False,name_only,True,MFDS nedrug,nedrug.searchDrug,2026-06-12
201705785,바브론정10mg(부스피론염산염),바브론정10mg(부스피론염산염),부스피론염산염,(주)씨티씨바이오,False,name_only,True,MFDS nedrug,nedrug.searchDrug,2026-06-12
201705786,바브론정5mg(부스피론염산염),바브론정5mg(부스피론염산염),부스피론염산염,(주)씨티씨바이오,False,name_only,True,MFDS nedrug,nedrug.searchDrug,2026-06-12
198700707,보령부스파정10밀리그램(부스피론염산염),보령부스파정10밀리그램(부스피론염산염),부스피론염산염,(주)보령,False,name_only,True,MFDS nedrug,nedrug.searchDrug,2026-06-12
200908494,보령부스파정15mg(부스피론염산염),보령부스파정15mg(부스피론염산염),부스피론염산염,(주)보령,False,name_only,True,MFDS nedrug,nedrug.searchDrug,2026-06-12
198700706,보령부스파정5밀리그램(부스피론염산염),보령부스파정5밀리그램(부스피론염산염),부스피론염산염,(주)보령,False,name_only,True,MFDS nedrug,nedrug.searchDrug,2026-06-12
200401818,"부스론정5밀리그램,10밀리그램(부스피론염산염)","부스론정5밀리그램,10밀리그램(부스피론염산염)",부스피론염산염,부광약품(주),False,name_only,True,MFDS nedrug,nedrug.searchDrug,2026-06-12
201310756,부스원정5mg(부스피론염산염),부스원정5mg(부스피론염산염),부스피론염산염,하나제약(주),False,name_only,True,MFDS nedrug,nedrug.searchDrug,2026-06-12
201305827,부스타정(부스피론염산염),부스타정(부스피론염산염),부스피론염산염,주식회사제뉴원사이언스,False,name_only,True,MFDS nedrug,nedrug.searchDrug,2026-06-12
201502816,부스포론정5mg(부스피론염산염),부스포론정5mg(부스피론염산염),부스피론염산염,알리코제약(주),False,name_only,True,MFDS nedrug,nedrug.searchDrug,2026-06-12
201404785,부스핀정5mg(부스피론염산염),부스핀정5mg(부스피론염산염),부스피론염산염,영일제약(주),False,name_only,True,MFDS nedrug,nedrug.searchDrug,2026-06-12
202000386,부포닌정10밀리그램(부스피론염산염),부포닌정10밀리그램(부스피론염산염),부스피론염산염,(주)이든파마,False,name_only,True,MFDS nedrug,nedrug.searchDrug,2026-06-12
202000385,부포닌정5밀리그램(부스피론염산염),부포닌정5밀리그램(부스피론염산염),부스피론염산염,(주)이든파마,False,name_only,True,MFDS nedrug,nedrug.searchDrug,2026-06-12
199601167,세론정(부스피론염산염),세론정(부스피론염산염),부스피론염산염,진양제약(주),False,name_only,True,MFDS nedrug,nedrug.searchDrug,2026-06-12
199200144,스부롤정(부스피론염산염),스부롤정(부스피론염산염),부스피론염산염,한국휴텍스제약(주),False,name_only,True,MFDS nedrug,nedrug.searchDrug,2026-06-12
202200673,영진부스피론정10밀리그램(부스피론염산염),영진부스피론정10밀리그램(부스피론염산염),부스피론염산염,영진약품(주),False,name_only,True,MFDS nedrug,nedrug.searchDrug,2026-06-12
202200672,영진부스피론정5밀리그램(부스피론염산염),영진부스피론정5밀리그램(부스피론염산염),부스피론염산염,영진약품(주),False,name_only,True,MFDS nedrug,nedrug.searchDrug,2026-06-12
199502225,영풍부스피론정10밀리그램(부스피론염산염),영풍부스피론정10밀리그램(부스피론염산염),부스피론염산염,영풍제약(주),False,name_only,True,MFDS nedrug,nedrug.searchDrug,2026-06-12
199502224,영풍부스피론정5밀리그램(부스피론염산염),영풍부스피론정5밀리그램(부스피론염산염),부스피론염산염,영풍제약(주),False,name_only,True,MFDS nedrug,nedrug.searchDrug,2026-06-12
202106424,이텍스부스피론정10밀리그램(부스피론염산염),이텍스부스피론정10밀리그램(부스피론염산염),부스피론염산염,(주)테라젠이텍스,False,name_only,True,MFDS nedrug,nedrug.searchDrug,2026-06-12
202106376,이텍스부스피론정5밀리그램(부스피론염산염),이텍스부스피론정5밀리그램(부스피론염산염),부스피론염산염,(주)테라젠이텍스,False,name_only,True,MFDS nedrug,nedrug.searchDrug,2026-06-12
202106544,파마부스피론정10밀리그램(부스피론염산염),파마부스피론정10밀리그램(부스피론염산염),부스피론염산염,(주)한국파마,False,name_only,True,MFDS nedrug,nedrug.searchDrug,2026-06-12
202106545,파마부스피론정5밀리그램(부스피론염산염),파마부스피론정5밀리그램(부스피론염산염),부스피론염산염,(주)한국파마,False,name_only,True,MFDS nedrug,nedrug.searchDrug,2026-06-12
201704555,환인부스피론정10밀리그램(부스피론염산염),환인부스피론정10밀리그램(부스피론염산염),부스피론염산염,환인제약(주),False,name_only,True,MFDS nedrug,nedrug.searchDrug,2026-06-12
201704554,환인부스피론정5밀리그램(부스피론염산염),환인부스피론정5밀리그램(부스피론염산염),부스피론염산염,환인제약(주),False,name_only,True,MFDS nedrug,nedrug.searchDrug,2026-06-12
201906426,뉴리페돈정1밀리그램(리스페리돈),뉴리페돈정1밀리그램(리스페리돈),리스페리돈,하나제약(주),False,name_only,True,MFDS nedrug,nedrug.searchDrug,2026-06-12
201906427,뉴리페돈정2밀리그램(리스페리돈),뉴리페돈정2밀리그램(리스페리돈),리스페리돈,하나제약(주),False,name_only,True,MFDS nedrug,nedrug.searchDrug,2026-06-12
200909125,리소페린정1mg(리스페리돈),리소페린정1mg(리스페리돈),리스페리돈,제일약품(주),False,name_only,True,MFDS nedrug,nedrug.searchDrug,2026-06-12
200711206,리소페린정2밀리그램(리스페리돈),리소페린정2밀리그램(리스페리돈),리스페리돈,제일약품(주),False,name_only,True,MFDS nedrug,nedrug.searchDrug,2026-06-12
202003053,리스달정0.5밀리그램(리스페리돈),리스달정0.5밀리그램(리스페리돈),리스페리돈,한림제약(주),False,name_only,True,MFDS nedrug,nedrug.searchDrug,2026-06-12
201707617,리스달정1밀리그램(리스페리돈),리스달정1밀리그램(리스페리돈),리스페리돈,한림제약(주),False,name_only,True,MFDS nedrug,nedrug.searchDrug,2026-06-12
201707618,리스달정2밀리그램(리스페리돈),리스달정2밀리그램(리스페리돈),리스페리돈,한림제약(주),False,name_only,True,MFDS nedrug,nedrug.searchDrug,2026-06-12
201707616,리스달정3밀리그램(리스페리돈),리스달정3밀리그램(리스페리돈),리스페리돈,한림제약(주),False,name_only,True,MFDS nedrug,nedrug.searchDrug,2026-06-12
201801664,리스돈정0.5밀리그램(리스페리돈),리스돈정0.5밀리그램(리스페리돈),리스페리돈,(주)한국파마,False,name_only,True,MFDS nedrug,nedrug.searchDrug,2026-06-12
200600344,리스돈정1밀리그램(리스페리돈),리스돈정1밀리그램(리스페리돈),리스페리돈,(주)한국파마,False,name_only,True,MFDS nedrug,nedrug.searchDrug,2026-06-12
201110509,리스돈정3밀리그램(리스페리돈),리스돈정3밀리그램(리스페리돈),리스페리돈,(주)한국파마,False,name_only,True,MFDS nedrug,nedrug.searchDrug,2026-06-12
202102658,리스페달정0.5밀리그램(리스페리돈),리스페달정0.5밀리그램(리스페리돈),리스페리돈,(주)한국얀센,False,name_only,True,MFDS nedrug,nedrug.searchDrug,2026-06-12
202102657,리스페달정1밀리그램(리스페리돈),리스페달정1밀리그램(리스페리돈),리스페리돈,(주)한국얀센,False,name_only,True,MFDS nedrug,nedrug.searchDrug,2026-06-12
202102656,리스페달정2밀리그램(리스페리돈),리스페달정2밀리그램(리스페리돈),리스페리돈,(주)한국얀센,False,name_only,True,MFDS nedrug,nedrug.searchDrug,2026-06-12
202102655,리스페달정3밀리그램(리스페리돈),리스페달정3밀리그램(리스페리돈),리스페리돈,(주)한국얀센,False,name_only,True,MFDS nedrug,nedrug.searchDrug,2026-06-12
201701456,리스펜오디정1밀리그램(리스페리돈),리스펜오디정1밀리그램(리스페리돈),리스페리돈,명인제약(주),False,name_only,True,MFDS nedrug,nedrug.searchDrug,2026-06-12
201701458,리스펜오디정2밀리그램(리스페리돈),리스펜오디정2밀리그램(리스페리돈),리스페리돈,명인제약(주),False,name_only,True,MFDS nedrug,nedrug.searchDrug,2026-06-12
200600248,리스펜정0.5밀리그램(리스페리돈),리스펜정0.5밀리그램(리스페리돈),리스페리돈,명인제약(주),False,name_only,True,MFDS nedrug,nedrug.searchDrug,2026-06-12
200401254,리스펜정1밀리그램(리스페리돈),리스펜정1밀리그램(리스페리돈),리스페리돈,명인제약(주),False,name_only,True,MFDS nedrug,nedrug.searchDrug,2026-06-12
200300918,리스펜정2밀리그램(리스페리돈),리스펜정2밀리그램(리스페리돈),리스페리돈,명인제약(주),False,name_only,True,MFDS nedrug,nedrug.searchDrug,2026-06-12
200501163,리스펜정3밀리그램(리스페리돈),리스펜정3밀리그램(리스페리돈),리스페리돈,명인제약(주),False,name_only,True,MFDS nedrug,nedrug.searchDrug,2026-06-12
201402734,리스펠돈정2mg(리스페리돈),리스펠돈정2mg(리스페리돈),리스페리돈,영풍제약(주),False,name_only,True,MFDS nedrug,nedrug.searchDrug,2026-06-12
200600079,리스프리정1밀리그램(리스페리돈),리스프리정1밀리그램(리스페리돈),리스페리돈,일동제약(주),False,name_only,True,MFDS nedrug,nedrug.searchDrug,2026-06-12
200400317,리스프리정2밀리그램(리스페리돈),리스프리정2밀리그램(리스페리돈),리스페리돈,일동제약(주),False,name_only,True,MFDS nedrug,nedrug.searchDrug,2026-06-12
201200277,리스피돈오디정1밀리그램(리스페리돈),리스피돈오디정1밀리그램(리스페리돈),리스페리돈,한미약품(주),False,name_only,True,MFDS nedrug,nedrug.searchDrug,2026-06-12
201200211,리스피돈오디정2밀리그램(리스페리돈),리스피돈오디정2밀리그램(리스페리돈),리스페리돈,한미약품(주),False,name_only,True,MFDS nedrug,nedrug.searchDrug,2026-06-12
202004471,리페넥스정0.5밀리그램(리스페리돈),리페넥스정0.5밀리그램(리스페리돈),리스페리돈,(주)제뉴파마,False,name_only,True,MFDS nedrug,nedrug.searchDrug,2026-06-12
201908361,리페넥스정1밀리그램(리스페리돈),리페넥스정1밀리그램(리스페리돈),리스페리돈,(주)제뉴파마,False,name_only,True,MFDS nedrug,nedrug.searchDrug,2026-06-12
201908408,리페넥스정2밀리그램(리스페리돈),리페넥스정2밀리그램(리스페리돈),리스페리돈,(주)제뉴파마,False,name_only,True,MFDS nedrug,nedrug.searchDrug,2026-06-12
202004474,리페넥스정3밀리그램(리스페리돈),리페넥스정3밀리그램(리스페리돈),리스페리돈,(주)제뉴파마,False,name_only,True,MFDS nedrug,nedrug.searchDrug,2026-06-12
201002395,뉴로자핀정10밀리그램(올란자핀),뉴로자핀정10밀리그램(올란자핀),올란자핀,명인제약(주),False,name_only,True,MFDS nedrug,nedrug.searchDrug,2026-06-12
201002396,뉴로자핀정2.5밀리그램(올란자핀),뉴로자핀정2.5밀리그램(올란자핀),올란자핀,명인제약(주),False,name_only,True,MFDS nedrug,nedrug.searchDrug,2026-06-12
200809388,뉴로자핀정5밀리그램(올란자핀),뉴로자핀정5밀리그램(올란자핀),올란자핀,명인제약(주),False,name_only,True,MFDS nedrug,nedrug.searchDrug,2026-06-12
200903065,산도스올란자핀정10밀리그램,산도스올란자핀정10밀리그램,올란자핀,삼일제약(주),False,name_only,True,MFDS nedrug,nedrug.searchDrug,2026-06-12
200903078,산도스올란자핀정2.5밀리그램,산도스올란자핀정2.5밀리그램,올란자핀,삼일제약(주),False,name_only,True,MFDS nedrug,nedrug.searchDrug,2026-06-12
200903067,산도스올란자핀정5밀리그램,산도스올란자핀정5밀리그램,올란자핀,삼일제약(주),False,name_only,True,MFDS nedrug,nedrug.searchDrug,2026-06-12
201004538,에이프렉사정10밀리그램(올란자핀),에이프렉사정10밀리그램(올란자핀),올란자핀,에이치케이이노엔(주),False,name_only,True,MFDS nedrug,nedrug.searchDrug,2026-06-12
201006442,에이프렉사정2.5밀리그램(올란자핀),에이프렉사정2.5밀리그램(올란자핀),올란자핀,에이치케이이노엔(주),False,name_only,True,MFDS nedrug,nedrug.searchDrug,2026-06-12
201006443,에이프렉사정5밀리그램(올란자핀),에이프렉사정5밀리그램(올란자핀),올란자핀,에이치케이이노엔(주),False,name_only,True,MFDS nedrug,nedrug.searchDrug,2026-06-12
202203600,영진올란자핀정10밀리그램,영진올란자핀정10밀리그램,올란자핀,영진약품(주),False,name_only,True,MFDS nedrug,nedrug.searchDrug,2026-06-12
202203601,영진올란자핀정5밀리그램,영진올란자핀정5밀리그램,올란자핀,영진약품(주),False,name_only,True,MFDS nedrug,nedrug.searchDrug,2026-06-12
200907819,올라핀정10밀리그램(올란자핀),올라핀정10밀리그램(올란자핀),올란자핀,현대약품(주),False,name_only,True,MFDS nedrug,nedrug.searchDrug,2026-06-12
200907811,올라핀정5밀리그램(올란자핀),올라핀정5밀리그램(올란자핀),올란자핀,현대약품(주),False,name_only,True,MFDS nedrug,nedrug.searchDrug,2026-06-12
201500444,올자펙스정10밀리그램(올란자핀),올자펙스정10밀리그램(올란자핀),올란자핀,(주)한국파마,False,name_only,True,MFDS nedrug,nedrug.searchDrug,2026-06-12
202501982,올자펙스정2.5밀리그램(올란자핀),올자펙스정2.5밀리그램(올란자핀),올란자핀,(주)한국파마,False,name_only,True,MFDS nedrug,nedrug.searchDrug,2026-06-12
201500445,올자펙스정5밀리그램(올란자핀),올자펙스정5밀리그램(올란자핀),올란자핀,(주)한국파마,False,name_only,True,MFDS nedrug,nedrug.searchDrug,2026-06-12
201101853,올자핀정10밀리그램(올란자핀),올자핀정10밀리그램(올란자핀),올란자핀,동화약품(주),False,name_only,True,MFDS nedrug,nedrug.searchDrug,2026-06-12
201102619,올자핀정2.5밀리그램(올란자핀),올자핀정2.5밀리그램(올란자핀),올란자핀,동화약품(주),False,name_only,True,MFDS nedrug,nedrug.searchDrug,2026-06-12
201102755,올자핀정5밀리그램(올란자핀),올자핀정5밀리그램(올란자핀),올란자핀,동화약품(주),False,name_only,True,MFDS nedrug,nedrug.searchDrug,2026-06-12
200810513,자이레핀정10밀리그램(올란자핀),자이레핀정10밀리그램(올란자핀),올란자핀,환인제약(주),False,name_only,True,MFDS nedrug,nedrug.searchDrug,2026-06-12
201007234,자이레핀정2.5밀리그램(올란자핀),자이레핀정2.5밀리그램(올란자핀),올란자핀,환인제약(주),False,name_only,True,MFDS nedrug,nedrug.searchDrug,2026-06-12
201007233,자이레핀정5밀리그램(올란자핀),자이레핀정5밀리그램(올란자핀),올란자핀,환인제약(주),False,name_only,True,MFDS nedrug,nedrug.searchDrug,2026-06-12
201002996,자이자핀정10밀리그램(올란자핀),자이자핀정10밀리그램(올란자핀),올란자핀,한림제약(주),False,name_only,True,MFDS nedrug,nedrug.searchDrug,2026-06-12
202402585,자이자핀정2.5밀리그램(올란자핀),자이자핀정2.5밀리그램(올란자핀),올란자핀,한림제약(주),False,name_only,True,MFDS nedrug,nedrug.searchDrug,2026-06-12
201007770,자이자핀정5밀리그램(올란자핀),자이자핀정5밀리그램(올란자핀),올란자핀,한림제약(주),False,name_only,True,MFDS nedrug,nedrug.searchDrug,2026-06-12
202400728,자이프렉사자이디스확산정5밀리그램(미세올란자핀),자이프렉사자이디스확산정5밀리그램(미세올란자핀),미세올란자핀,한국릴리(유),False,name_only,True,MFDS nedrug,nedrug.searchDrug,2026-06-12
202400729,자이프렉사자이디스확산정10밀리그램(미세올란자핀),자이프렉사자이디스확산정10밀리그램(미세올란자핀),미세올란자핀,한국릴리(유),False,name_only,True,MFDS nedrug,nedrug.searchDrug,2026-06-12
202400669,자이프렉사정10밀리그램(올란자핀),자이프렉사정10밀리그램(올란자핀),올란자핀,(주)보령,False,name_only,True,MFDS nedrug,nedrug.searchDrug,2026-06-12
202400667,자이프렉사정2.5밀리그램(올란자핀),자이프렉사정2.5밀리그램(올란자핀),올란자핀,(주)보령,False,name_only,True,MFDS nedrug,nedrug.searchDrug,2026-06-12
202400668,자이프렉사정5밀리그램(올란자핀),자이프렉사정5밀리그램(올란자핀),올란자핀,(주)보령,False,name_only,True,MFDS nedrug,nedrug.searchDrug,2026-06-12
201106954,레피졸정10밀리그램(아리피프라졸),레피졸정10밀리그램(아리피프라졸),아리피프라졸,명인제약(주),False,name_only,True,MFDS nedrug,nedrug.searchDrug,2026-06-12
201103996,레피졸정15밀리그램(아리피프라졸),레피졸정15밀리그램(아리피프라졸),아리피프라졸,명인제약(주),False,name_only,True,MFDS nedrug,nedrug.searchDrug,2026-06-12
202203420,레피졸정1밀리그램(아리피프라졸),레피졸정1밀리그램(아리피프라졸),아리피프라졸,명인제약(주),False,name_only,True,MFDS nedrug,nedrug.searchDrug,2026-06-12
202600202,레피졸정20밀리그램(아리피프라졸),레피졸정20밀리그램(아리피프라졸),아리피프라졸,명인제약(주),False,name_only,True,MFDS nedrug,nedrug.searchDrug,2026-06-12
202203419,레피졸정2밀리그램(아리피프라졸),레피졸정2밀리그램(아리피프라졸),아리피프라졸,명인제약(주),False,name_only,True,MFDS nedrug,nedrug.searchDrug,2026-06-12
201604198,레피졸정30밀리그램(아리피프라졸),레피졸정30밀리그램(아리피프라졸),아리피프라졸,명인제약(주),False,name_only,True,MFDS nedrug,nedrug.searchDrug,2026-06-12
201108885,레피졸정5밀리그램(아리피프라졸),레피졸정5밀리그램(아리피프라졸),아리피프라졸,명인제약(주),False,name_only,True,MFDS nedrug,nedrug.searchDrug,2026-06-12
201404314,아라빌정10밀리그램(아리피프라졸(미분화)),아라빌정10밀리그램(아리피프라졸(미분화)),아리피프라졸(미분화),(주)한국파마,False,name_only,True,MFDS nedrug,nedrug.searchDrug,2026-06-12
201404315,아라빌정15밀리그램(아리피프라졸(미분화)),아라빌정15밀리그램(아리피프라졸(미분화)),아리피프라졸(미분화),(주)한국파마,False,name_only,True,MFDS nedrug,nedrug.searchDrug,2026-06-12
202300817,아라빌정1밀리그램(아리피프라졸(미분화)),아라빌정1밀리그램(아리피프라졸(미분화)),아리피프라졸(미분화),(주)한국파마,False,name_only,True,MFDS nedrug,nedrug.searchDrug,2026-06-12
202203530,아라빌정2밀리그램(아리피프라졸(미분화)),아라빌정2밀리그램(아리피프라졸(미분화)),아리피프라졸(미분화),(주)한국파마,False,name_only,True,MFDS nedrug,nedrug.searchDrug,2026-06-12
201404313,아라빌정5밀리그램(아리피프라졸(미분화)),아라빌정5밀리그램(아리피프라졸(미분화)),아리피프라졸(미분화),(주)한국파마,False,name_only,True,MFDS nedrug,nedrug.searchDrug,2026-06-12
202009331,아리졸정10밀리그램(아리피프라졸(미분화)),아리졸정10밀리그램(아리피프라졸(미분화)),아리피프라졸(미분화),주식회사제뉴원사이언스,False,name_only,True,MFDS nedrug,nedrug.searchDrug,2026-06-12
202009330,아리졸정15밀리그램(아리피프라졸(미분화)),아리졸정15밀리그램(아리피프라졸(미분화)),아리피프라졸(미분화),주식회사제뉴원사이언스,False,name_only,True,MFDS nedrug,nedrug.searchDrug,2026-06-12
202009329,아리졸정5밀리그램(아리피프라졸(미분화)),아리졸정5밀리그램(아리피프라졸(미분화)),아리피프라졸(미분화),주식회사제뉴원사이언스,False,name_only,True,MFDS nedrug,nedrug.searchDrug,2026-06-12
201603078,아리피원정10밀리그램(아리피프라졸),아리피원정10밀리그램(아리피프라졸),아리피프라졸,하나제약(주),False,name_only,True,MFDS nedrug,nedrug.searchDrug,2026-06-12
202003616,아리피원정5밀리그램(아리피프라졸),아리피원정5밀리그램(아리피프라졸),아리피프라졸(미분화),하나제약(주),False,name_only,True,MFDS nedrug,nedrug.searchDrug,2026-06-12
201102477,아리피졸정10밀리그램(아리피프라졸),아리피졸정10밀리그램(아리피프라졸),아리피프라졸,환인제약(주),False,name_only,True,MFDS nedrug,nedrug.searchDrug,2026-06-12
201102476,아리피졸정15밀리그램(아리피프라졸),아리피졸정15밀리그램(아리피프라졸),아리피프라졸,환인제약(주),False,name_only,True,MFDS nedrug,nedrug.searchDrug,2026-06-12
202204039,아리피졸정1밀리그램(아리피프라졸),아리피졸정1밀리그램(아리피프라졸),아리피프라졸,환인제약(주),False,name_only,True,MFDS nedrug,nedrug.searchDrug,2026-06-12
201502454,아리피졸정2밀리그램(아리피프라졸),아리피졸정2밀리그램(아리피프라졸),아리피프라졸,환인제약(주),False,name_only,True,MFDS nedrug,nedrug.searchDrug,2026-06-12
201505192,아리피졸정30밀리그램(아리피프라졸),아리피졸정30밀리그램(아리피프라졸),아리피프라졸,환인제약(주),False,name_only,True,MFDS nedrug,nedrug.searchDrug,2026-06-12
201205266,아리피졸정5밀리그램(아리피프라졸),아리피졸정5밀리그램(아리피프라졸),아리피프라졸,환인제약(주),False,name_only,True,MFDS nedrug,nedrug.searchDrug,2026-06-12
201310926,아리피진정10밀리그램(아리피프라졸(미분화)),아리피진정10밀리그램(아리피프라졸(미분화)),아리피프라졸(미분화),영진약품(주),False,name_only,True,MFDS nedrug,nedrug.searchDrug,2026-06-12
201310927,아리피진정15밀리그램(아리피프라졸(미분화)),아리피진정15밀리그램(아리피프라졸(미분화)),아리피프라졸(미분화),영진약품(주),False,name_only,True,MFDS nedrug,nedrug.searchDrug,2026-06-12
202204615,아리피진정1밀리그램(아리피프라졸(미분화)),아리피진정1밀리그램(아리피프라졸(미분화)),아리피프라졸(미분화),영진약품(주),False,name_only,True,MFDS nedrug,nedrug.searchDrug,2026-06-12
202204409,아리피진정2밀리그램(아리피프라졸(미분화)),아리피진정2밀리그램(아리피프라졸(미분화)),아리피프라졸(미분화),영진약품(주),False,name_only,True,MFDS nedrug,nedrug.searchDrug,2026-06-12
201800321,아리피진정5밀리그램(아리피프라졸(미분화)),아리피진정5밀리그램(아리피프라졸(미분화)),아리피프라졸(미분화),영진약품(주),False,name_only,True,MFDS nedrug,nedrug.searchDrug,2026-06-12
201310937,아리피코정10밀리그램(아리피프라졸),아리피코정10밀리그램(아리피프라졸),아리피프라졸,동화약품(주),False,name_only,True,MFDS nedrug,nedrug.searchDrug,2026-06-12
201310992,아리피코정15밀리그램(아리피프라졸),아리피코정15밀리그램(아리피프라졸),아리피프라졸,동화약품(주),False,name_only,True,MFDS nedrug,nedrug.searchDrug,2026-06-12
202000410,인베가서방정3밀리그램(팔리페리돈),인베가서방정3밀리그램(팔리페리돈),팔리페리돈,(주)한국얀센,False,name_only,True,MFDS nedrug,nedrug.searchDrug,2026-06-12
202000411,인베가서방정6밀리그램(팔리페리돈),인베가서방정6밀리그램(팔리페리돈),팔리페리돈,(주)한국얀센,False,name_only,True,MFDS nedrug,nedrug.searchDrug,2026-06-12
202000409,인베가서방정9밀리그램(팔리페리돈),인베가서방정9밀리그램(팔리페리돈),팔리페리돈,(주)한국얀센,False,name_only,True,MFDS nedrug,nedrug.searchDrug,2026-06-12
201004691,인베가서스티나주사156mg(팔리페리돈팔미테이트),인베가서스티나주사156mg(팔리페리돈팔미테이트),팔리페리돈팔미테이트,(주)한국얀센,False,name_only,True,MFDS nedrug,nedrug.searchDrug,2026-06-12
201004690,인베가서스티나주사117mg(팔리페리돈팔미테이트),인베가서스티나주사117mg(팔리페리돈팔미테이트),팔리페리돈팔미테이트,(주)한국얀센,False,name_only,True,MFDS nedrug,nedrug.searchDrug,2026-06-12
201004692,인베가서스티나주사234mg(팔리페리돈팔미테이트),인베가서스티나주사234mg(팔리페리돈팔미테이트),팔리페리돈팔미테이트,(주)한국얀센,False,name_only,True,MFDS nedrug,nedrug.searchDrug,2026-06-12
201004688,인베가서스티나주사39mg(팔리페리돈팔미테이트),인베가서스티나주사39mg(팔리페리돈팔미테이트),팔리페리돈팔미테이트,(주)한국얀센,False,name_only,True,MFDS nedrug,nedrug.searchDrug,2026-06-12
201004689,인베가서스티나주사78mg(팔리페리돈팔미테이트),인베가서스티나주사78mg(팔리페리돈팔미테이트),팔리페리돈팔미테이트,(주)한국얀센,False,name_only,True,MFDS nedrug,nedrug.searchDrug,2026-06-12
201603750,인베가트린자주사(팔리페리돈팔미테이트),인베가트린자주사(팔리페리돈팔미테이트),팔리페리돈팔미테이트,(주)한국얀센,False,name_only,True,MFDS nedrug,nedrug.searchDrug,2026-06-12
202203639,인베가하피에라주사(팔리페리돈팔미테이트),인베가하피에라주사(팔리페리돈팔미테이트),팔리페리돈팔미테이트,(주)한국얀센,False,name_only,True,MFDS nedrug,nedrug.searchDrug,2026-06-12
201707659,팔리스펜서방정3밀리그램(팔리페리돈),팔리스펜서방정3밀리그램(팔리페리돈),팔리페리돈,명인제약(주),False,name_only,True,MFDS nedrug,nedrug.searchDrug,2026-06-12
201707660,팔리스펜서방정6밀리그램(팔리페리돈),팔리스펜서방정6밀리그램(팔리페리돈),팔리페리돈,명인제약(주),False,name_only,True,MFDS nedrug,nedrug.searchDrug,2026-06-12
201707658,팔리스펜서방정9밀리그램(팔리페리돈),팔리스펜서방정9밀리그램(팔리페리돈),팔리페리돈,명인제약(주),False,name_only,True,MFDS nedrug,nedrug.searchDrug,2026-06-12
200701030,솔리안정100밀리그램(아미설프리드),솔리안정100밀리그램(아미설프리드),아미설프리드,(주)한독,False,name_only,True,MFDS nedrug,nedrug.searchDrug,2026-06-12
200700906,솔리안정200밀리그램(아미설프리드),솔리안정200밀리그램(아미설프리드),아미설프리드,(주)한독,False,name_only,True,MFDS nedrug,nedrug.searchDrug,2026-06-12
200701022,솔리안정400밀리그램(아미설프리드),솔리안정400밀리그램(아미설프리드),아미설프리드,(주)한독,False,name_only,True,MFDS nedrug,nedrug.searchDrug,2026-06-12
201301615,아미썰정100밀리그램(아미설프리드),아미썰정100밀리그램(아미설프리드),아미설프리드,명인제약(주),False,name_only,True,MFDS nedrug,nedrug.searchDrug,2026-06-12
201301616,아미썰정200밀리그램(아미설프리드),아미썰정200밀리그램(아미설프리드),아미설프리드,명인제약(주),False,name_only,True,MFDS nedrug,nedrug.searchDrug,2026-06-12
201110472,아미썰정400밀리그램(아미설프리드),아미썰정400밀리그램(아미설프리드),아미설프리드,명인제약(주),False,name_only,True,MFDS nedrug,nedrug.searchDrug,2026-06-12
201503279,아칸솔정100mg(아미설프리드),아칸솔정100mg(아미설프리드),아미설프리드,(주)한국파마,False,name_only,True,MFDS nedrug,nedrug.searchDrug,2026-06-12
201503280,아칸솔정400mg(아미설프리드),아칸솔정400mg(아미설프리드),아미설프리드,(주)한국파마,False,name_only,True,MFDS nedrug,nedrug.searchDrug,2026-06-12
201109313,폴라리스정100mg(아미설프리드),폴라리스정100mg(아미설프리드),아미설프리드,유니메드제약(주),False,name_only,True,MFDS nedrug,nedrug.searchDrug,2026-06-12
200702164,폴라리스정400밀리그램(아미설프리드),폴라리스정400밀리그램(아미설프리드),아미설프리드,유니메드제약(주),False,name_only,True,MFDS nedrug,nedrug.searchDrug,2026-06-12
198500618,명인할로페리돌정1.5밀리그램,명인할로페리돌정1.5밀리그램,할로페리돌,명인제약(주),False,name_only,True,MFDS nedrug,nedrug.searchDrug,2026-06-12
198900927,명인할로페리돌정20밀리그램,명인할로페리돌정20밀리그램,할로페리돌,명인제약(주),False,name_only,True,MFDS nedrug,nedrug.searchDrug,2026-06-12
198500625,명인할로페리돌정3밀리그램,명인할로페리돌정3밀리그램,할로페리돌,명인제약(주),False,name_only,True,MFDS nedrug,nedrug.searchDrug,2026-06-12
198500632,명인할로페리돌정5밀리그램,명인할로페리돌정5밀리그램,할로페리돌,명인제약(주),False,name_only,True,MFDS nedrug,nedrug.searchDrug,2026-06-12
198700673,명인할로페리돌주사,명인할로페리돌주사,할로페리돌,명인제약(주),False,name_only,True,MFDS nedrug,nedrug.searchDrug,2026-06-12
198100257,페리돌정1.5밀리그램(할로페리돌),페리돌정1.5밀리그램(할로페리돌),할로페리돌,환인제약(주),False,name_only,True,MFDS nedrug,nedrug.searchDrug,2026-06-12
198400475,페리돌정10밀리그램(할로페리돌),페리돌정10밀리그램(할로페리돌),할로페리돌,환인제약(주),False,name_only,True,MFDS nedrug,nedrug.searchDrug,2026-06-12
198902844,페리돌정20밀리그램(할로페리돌),페리돌정20밀리그램(할로페리돌),할로페리돌,환인제약(주),False,name_only,True,MFDS nedrug,nedrug.searchDrug,2026-06-12
198500715,페리돌정3밀리그램(할로페리돌),페리돌정3밀리그램(할로페리돌),할로페리돌,환인제약(주),False,name_only,True,MFDS nedrug,nedrug.searchDrug,2026-06-12
198200323,페리돌정5밀리그램(할로페리돌),페리돌정5밀리그램(할로페리돌),할로페리돌,환인제약(주),False,name_only,True,MFDS nedrug,nedrug.searchDrug,2026-06-12
198301325,페리돌주(할로페리돌),페리돌주(할로페리돌),할로페리돌,환인제약(주),False,name_only,True,MFDS nedrug,nedrug.searchDrug,2026-06-12
199304188,할돌데카노아스주사(할로페리돌데카노에이트),할돌데카노아스주사(할로페리돌데카노에이트),할로페리돌데카노에이트,클리니젠코리아(유),False,name_only,True,MFDS nedrug,nedrug.searchDrug,2026-06-12
202500950,드림멜서방정2밀리그램(멜라토닌),드림멜서방정2밀리그램(멜라토닌),멜라토닌,(주)휴온스,False,name_only,True,MFDS nedrug,nedrug.searchDrug,2026-06-12
202006549,라톤서방정2밀리그램(멜라토닌),라톤서방정2밀리그램(멜라토닌),멜라토닌,에스케이케미칼(주),False,name_only,True,MFDS nedrug,nedrug.searchDrug,2026-06-12
202006577,메카딘서방정2밀리그램(멜라토닌),메카딘서방정2밀리그램(멜라토닌),멜라토닌,한국휴텍스제약(주),False,name_only,True,MFDS nedrug,nedrug.searchDrug,2026-06-12
202006547,멜라딘서방정2밀리그램(멜라토닌),멜라딘서방정2밀리그램(멜라토닌),멜라토닌,(주)비보존제약,False,name_only,True,MFDS nedrug,nedrug.searchDrug,2026-06-12
202006554,멜라서방정2밀리그램(멜라토닌),멜라서방정2밀리그램(멜라토닌),멜라토닌,동광제약(주),False,name_only,True,MFDS nedrug,nedrug.searchDrug,2026-06-12
202006553,멜라엠서방정2밀리그램(멜라토닌),멜라엠서방정2밀리그램(멜라토닌),멜라토닌,(주)마더스제약,False,name_only,True,MFDS nedrug,nedrug.searchDrug,2026-06-12
202106894,멜라원서방정2밀리그램(멜라토닌),멜라원서방정2밀리그램(멜라토닌),멜라토닌,한올바이오파마(주),False,name_only,True,MFDS nedrug,nedrug.searchDrug,2026-06-12
202106884,멜라웰서방정2밀리그램(멜라토닌),멜라웰서방정2밀리그램(멜라토닌),멜라토닌,동국제약(주),False,name_only,True,MFDS nedrug,nedrug.searchDrug,2026-06-12
202302934,멜라카서방정2밀리그램(멜라토닌),멜라카서방정2밀리그램(멜라토닌),멜라토닌,(주)메디카코리아,False,name_only,True,MFDS nedrug,nedrug.searchDrug,2026-06-12
202006556,멜라킹서방정2밀리그램(멜라토닌),멜라킹서방정2밀리그램(멜라토닌),멜라토닌,대웅바이오(주),False,name_only,True,MFDS nedrug,nedrug.searchDrug,2026-06-12
202001452,멜라토서방정2밀리그램(멜라토닌),멜라토서방정2밀리그램(멜라토닌),멜라토닌,한림제약(주),False,name_only,True,MFDS nedrug,nedrug.searchDrug,2026-06-12
202500106,멜토닌서방정2밀리그램(멜라토닌),멜토닌서방정2밀리그램(멜라토닌),멜라토닌,(주)이든파마,False,name_only,True,MFDS nedrug,nedrug.searchDrug,2026-06-12
202006555,멜토원서방정2밀리그램(멜라토닌),멜토원서방정2밀리그램(멜라토닌),멜라토닌,하나제약(주),False,name_only,True,MFDS nedrug,nedrug.searchDrug,2026-06-12
202006548,멜핏서방정2밀리그램(멜라토닌),멜핏서방정2밀리그램(멜라토닌),멜라토닌,대한뉴팜(주),False,name_only,True,MFDS nedrug,nedrug.searchDrug,2026-06-12
201402808,서카딘서방정2mg(멜라토닌),서카딘서방정2mg(멜라토닌),멜라토닌,건일제약(주),False,name_only,True,MFDS nedrug,nedrug.searchDrug,2026-06-12
202006550,서카레딥서방정2밀리그램(멜라토닌),서카레딥서방정2밀리그램(멜라토닌),멜라토닌,부광약품(주),False,name_only,True,MFDS nedrug,nedrug.searchDrug,2026-06-12
202006552,서카토닌서방정2밀리그램(멜라토닌),서카토닌서방정2밀리그램(멜라토닌),멜라토닌,일동제약(주),False,name_only,True,MFDS nedrug,nedrug.searchDrug,2026-06-12
202006576,서카톤피알서방정2밀리그램(멜라토닌),서카톤피알서방정2밀리그램(멜라토닌),멜라토닌,안국약품(주),False,name_only,True,MFDS nedrug,nedrug.searchDrug,2026-06-12
202001453,슬라밸서방정2밀리그램(멜라토닌),슬라밸서방정2밀리그램(멜라토닌),멜라토닌,(주)씨엠지제약,False,name_only,True,MFDS nedrug,nedrug.searchDrug,2026-06-12
202303144,슬리나이토미니서방정1밀리그램(멜라토닌),슬리나이토미니서방정1밀리그램(멜라토닌),멜라토닌(미분화),건일제약(주),False,name_only,True,MFDS nedrug,nedrug.searchDrug,2026-06-12
202303210,슬리나이토미니서방정5밀리그램(멜라토닌),슬리나이토미니서방정5밀리그램(멜라토닌),멜라토닌(미분화),건일제약(주),False,name_only,True,MFDS nedrug,nedrug.searchDrug,2026-06-12
202500951,엘라토닌서방정2밀리그램(멜라토닌),엘라토닌서방정2밀리그램(멜라토닌),멜라토닌,에이치엘비제약(주),False,name_only,True,MFDS nedrug,nedrug.searchDrug,2026-06-12
202006551,영진멜라토닌서방정2밀리그램,영진멜라토닌서방정2밀리그램,멜라토닌,영진약품(주),False,name_only,True,MFDS nedrug,nedrug.searchDrug,2026-06-12
202500936,제일멜라토닌서방정2밀리그램(멜라토닌),제일멜라토닌서방정2밀리그램(멜라토닌),멜라토닌,제일약품(주),False,name_only,True,MFDS nedrug,nedrug.searchDrug,2026-06-12
202401343,파마멜라토닌서방정2밀리그램,파마멜라토닌서방정2밀리그램,멜라토닌,(주)한국파마,False,name_only,True,MFDS nedrug,nedrug.searchDrug,2026-06-12
198902801,졸민정0.125밀리그램(트리아졸람),졸민정0.125밀리그램(트리아졸람),트리아졸람,명인제약(주),False,name_only,True,MFDS nedrug,nedrug.searchDrug,2026-06-12
198902802,졸민정0.25밀리그램(트리아졸람),졸민정0.25밀리그램(트리아졸람),트리아졸람,명인제약(주),False,name_only,True,MFDS nedrug,nedrug.searchDrug,2026-06-12
201605409,트리람정0.125밀리그램(트리아졸람),트리람정0.125밀리그램(트리아졸람),트리아졸람,환인제약(주),False,name_only,True,MFDS nedrug,nedrug.searchDrug,2026-06-12
198902794,트리람정0.25밀리그램(트리아졸람),트리람정0.25밀리그램(트리아졸람),트리아졸람,환인제약(주),False,name_only,True,MFDS nedrug,nedrug.searchDrug,2026-06-12
202008746,영진조피클론정1밀리그램(에스조피클론),영진조피클론정1밀리그램(에스조피클론),에스조피클론,영진약품(주),False,name_only,True,MFDS nedrug,nedrug.searchDrug,2026-06-12
202008747,영진조피클론정2밀리그램(에스조피클론),영진조피클론정2밀리그램(에스조피클론),에스조피클론,영진약품(주),False,name_only,True,MFDS nedrug,nedrug.searchDrug,2026-06-12
202008748,영진조피클론정3밀리그램(에스조피클론),영진조피클론정3밀리그램(에스조피클론),에스조피클론,영진약품(주),False,name_only,True,MFDS nedrug,nedrug.searchDrug,2026-06-12
202002178,조스정1밀리그램(에스조피클론),조스정1밀리그램(에스조피클론),에스조피클론,명인제약(주),False,name_only,True,MFDS nedrug,nedrug.searchDrug,2026-06-12
202002180,조스정2밀리그램(에스조피클론),조스정2밀리그램(에스조피클론),에스조피클론,명인제약(주),False,name_only,True,MFDS nedrug,nedrug.searchDrug,2026-06-12
202002179,조스정3밀리그램(에스조피클론),조스정3밀리그램(에스조피클론),에스조피클론,명인제약(주),False,name_only,True,MFDS nedrug,nedrug.searchDrug,2026-06-12
201902863,조피스타정1밀리그램(에스조피클론),조피스타정1밀리그램(에스조피클론),에스조피클론,(주)휴온스,False,name_only,True,MFDS nedrug,nedrug.searchDrug,2026-06-12
201902864,조피스타정2밀리그램(에스조피클론),조피스타정2밀리그램(에스조피클론),에스조피클론,(주)휴온스,False,name_only,True,MFDS nedrug,nedrug.searchDrug,2026-06-12
201902865,조피스타정3밀리그램(에스조피클론),조피스타정3밀리그램(에스조피클론),에스조피클론,(주)휴온스,False,name_only,True,MFDS nedrug,nedrug.searchDrug,2026-06-12
201503145,실도신캡슐4밀리그램(실로도신),실도신캡슐4밀리그램(실로도신),실로도신,한미약품(주),False,name_only,True,MFDS nedrug,nedrug.searchDrug,2026-06-12
201504347,실도신캡슐8밀리그램(실로도신),실도신캡슐8밀리그램(실로도신),실로도신,한미약품(주),False,name_only,True,MFDS nedrug,nedrug.searchDrug,2026-06-12
201502417,실루로신캡슐4밀리그램(실로도신),실루로신캡슐4밀리그램(실로도신),실로도신,(주)비보존제약,False,name_only,True,MFDS nedrug,nedrug.searchDrug,2026-06-12
201600507,유리도신정4밀리그램(실로도신),유리도신정4밀리그램(실로도신),실로도신,아주약품(주),False,name_only,True,MFDS nedrug,nedrug.searchDrug,2026-06-12
201508351,트루렌정4밀리그램(실로도신),트루렌정4밀리그램(실로도신),실로도신,위더스제약(주),False,name_only,True,MFDS nedrug,nedrug.searchDrug,2026-06-12
201508378,트루윈정4밀리그램(실로도신),트루윈정4밀리그램(실로도신),실로도신,하나제약(주),False,name_only,True,MFDS nedrug,nedrug.searchDrug,2026-06-12
201508347,트루테라정4밀리그램(실로도신),트루테라정4밀리그램(실로도신),실로도신,(주)메디카코리아,False,name_only,True,MFDS nedrug,nedrug.searchDrug,2026-06-12
201502717,트루패스구강붕해정8밀리그램(실로도신),트루패스구강붕해정8밀리그램(실로도신),실로도신,제이더블유중외제약(주),False,name_only,True,MFDS nedrug,nedrug.searchDrug,2026-06-12
201401986,트루패스정4밀리그램(실로도신),트루패스정4밀리그램(실로도신),실로도신,제이더블유중외제약(주),False,name_only,True,MFDS nedrug,nedrug.searchDrug,2026-06-12
201502605,후리패스캡슐(실로도신),후리패스캡슐(실로도신),실로도신,한국휴텍스제약(주),False,name_only,True,MFDS nedrug,nedrug.searchDrug,2026-06-12
200708592,바이트랄엑스엘정10밀리그램(알푸조신염산염),바이트랄엑스엘정10밀리그램(알푸조신염산염),알푸조신염산염,(주)바이넥스,False,name_only,True,MFDS nedrug,nedrug.searchDrug,2026-06-12
200708599,베아자트엑스엘정(알푸조신염산염),베아자트엑스엘정(알푸조신염산염),알푸조신염산염,(주)대웅제약,False,name_only,True,MFDS nedrug,nedrug.searchDrug,2026-06-12
201604032,알푸랄엑스엘정(알푸조신염산염),알푸랄엑스엘정(알푸조신염산염),알푸조신염산염,대원제약(주),False,name_only,True,MFDS nedrug,nedrug.searchDrug,2026-06-12
200708596,알푸릭스엑스엘정10mg(알푸조신염산염),알푸릭스엑스엘정10mg(알푸조신염산염),알푸조신염산염,알보젠코리아(주),False,name_only,True,MFDS nedrug,nedrug.searchDrug,2026-06-12
201506355,알푸케어서방정10밀리그램(알푸조신염산염),알푸케어서방정10밀리그램(알푸조신염산염),알푸조신염산염,주식회사더유제약,False,name_only,True,MFDS nedrug,nedrug.searchDrug,2026-06-12
200708586,알프신엑스엘정(알푸조신염산염),알프신엑스엘정(알푸조신염산염),알푸조신염산염,고려제약(주),False,name_only,True,MFDS nedrug,nedrug.searchDrug,2026-06-12
200708595,알프엑스엘정10밀리그램(알푸조신염산염),알프엑스엘정10밀리그램(알푸조신염산염),알푸조신염산염,(주)팜젠사이언스,False,name_only,True,MFDS nedrug,nedrug.searchDrug,2026-06-12
200708598,알프존엑스엘정(알푸조신염산염),알프존엑스엘정(알푸조신염산염),알푸조신염산염,제일약품(주),False,name_only,True,MFDS nedrug,nedrug.searchDrug,2026-06-12
200708601,윈트랄엑스엘정(알푸조신염산염),윈트랄엑스엘정(알푸조신염산염),알푸조신염산염,한화제약(주),False,name_only,True,MFDS nedrug,nedrug.searchDrug,2026-06-12
200708588,유로알파엑스엘정(알푸조신염산염),유로알파엑스엘정(알푸조신염산염),알푸조신염산염,(주)동구바이오제약,False,name_only,True,MFDS nedrug,nedrug.searchDrug,2026-06-12
201404225,유로지트엑스엘정(알푸조신염산염),유로지트엑스엘정(알푸조신염산염),알푸조신염산염,이연제약(주),False,name_only,True,MFDS nedrug,nedrug.searchDrug,2026-06-12
200708597,유로트랄엑스엘정(알푸조신염산염),유로트랄엑스엘정(알푸조신염산염),알푸조신염산염,(주)유영제약,False,name_only,True,MFDS nedrug,nedrug.searchDrug,2026-06-12
200701034,자트랄엑스엘정10밀리그램(알푸조신염산염),자트랄엑스엘정10밀리그램(알푸조신염산염),알푸조신염산염,(주)한독,False,name_only,True,MFDS nedrug,nedrug.searchDrug,2026-06-12
201706942,자트론엑스엘정(알푸조신염산염),자트론엑스엘정(알푸조신염산염),알푸조신염산염,대웅바이오(주),False,name_only,True,MFDS nedrug,nedrug.searchDrug,2026-06-12
200708585,잘트린엑스엘정(알푸조신염산염),잘트린엑스엘정(알푸조신염산염),알푸조신염산염,안국약품(주),False,name_only,True,MFDS nedrug,nedrug.searchDrug,2026-06-12
200708600,코트랄엑스엘정(알푸조신염산염),코트랄엑스엘정(알푸조신염산염),알푸조신염산염,주식회사제뉴원사이언스,False,name_only,True,MFDS nedrug,nedrug.searchDrug,2026-06-12
200503303,네오트린정(테라조신염산염수화물),네오트린정(테라조신염산염수화물),테라조신염산염수화물,(주)넥스팜코리아,False,name_only,True,MFDS nedrug,nedrug.searchDrug,2026-06-12
202002182,뉴라조신정2밀리그램(테라조신염산염수화물),뉴라조신정2밀리그램(테라조신염산염수화물),테라조신염산염수화물,(주)다산제약,False,name_only,True,MFDS nedrug,nedrug.searchDrug,2026-06-12
202600758,뉴라조신정5밀리그램(테라조신염산염수화물),뉴라조신정5밀리그램(테라조신염산염수화물),테라조신염산염수화물,(주)다산제약,False,name_only,True,MFDS nedrug,nedrug.searchDrug,2026-06-12
200400798,바소조신정2밀리그람(테라조신염산염수화물),바소조신정2밀리그람(테라조신염산염수화물),테라조신염산염수화물,(주)일화,False,name_only,True,MFDS nedrug,nedrug.searchDrug,2026-06-12
200200074,비판티정2mg(테라조신염산염수화물),비판티정2mg(테라조신염산염수화물),테라조신염산염수화물,신풍제약(주),False,name_only,True,MFDS nedrug,nedrug.searchDrug,2026-06-12
201504729,오스코신정2밀리그램(테라조신염산염수화물),오스코신정2밀리그램(테라조신염산염수화물),테라조신염산염수화물,(주)오스코리아제약,False,name_only,True,MFDS nedrug,nedrug.searchDrug,2026-06-12
202402553,오트린정5밀리그램(테라조신염산염수화물),오트린정5밀리그램(테라조신염산염수화물),테라조신염산염수화물,주식회사큐엘파마,False,name_only,True,MFDS nedrug,nedrug.searchDrug,2026-06-12
200201339,유니트린정2밀리그램(테라조신염산염수화물),유니트린정2밀리그램(테라조신염산염수화물),테라조신염산염수화물,한국유니온제약(주),False,name_only,True,MFDS nedrug,nedrug.searchDrug,2026-06-12
199101124,일양하이트린정1밀리그램(테라조신염산염수화물),일양하이트린정1밀리그램(테라조신염산염수화물),테라조신염산염수화물,일양약품(주),False,name_only,True,MFDS nedrug,nedrug.searchDrug,2026-06-12
199101125,일양하이트린정2밀리그램(테라조신염산염수화물),일양하이트린정2밀리그램(테라조신염산염수화물),테라조신염산염수화물,일양약품(주),False,name_only,True,MFDS nedrug,nedrug.searchDrug,2026-06-12
199301235,일양하이트린정5밀리그램(테라조신염산염수화물),일양하이트린정5밀리그램(테라조신염산염수화물),테라조신염산염수화물,일양약품(주),False,name_only,True,MFDS nedrug,nedrug.searchDrug,2026-06-12
200400946,테라딘정(테라조신염산염수화물),테라딘정(테라조신염산염수화물),테라조신염산염수화물,(주)에이프로젠바이오로직스,False,name_only,True,MFDS nedrug,nedrug.searchDrug,2026-06-12
201506894,테라루신정2밀리그램(테라조신염산염수화물),테라루신정2밀리그램(테라조신염산염수화물),테라조신염산염수화물,(주)셀트리온제약,False,name_only,True,MFDS nedrug,nedrug.searchDrug,2026-06-12
200411086,테라메드정(테라조신염산염수화물),테라메드정(테라조신염산염수화물),테라조신염산염수화물,구주제약(주),False,name_only,True,MFDS nedrug,nedrug.searchDrug,2026-06-12
201601554,테라산정2mg(테라조신염산염수화물),테라산정2mg(테라조신염산염수화물),테라조신염산염수화물,아이큐어(주),False,name_only,True,MFDS nedrug,nedrug.searchDrug,2026-06-12
199901558,테라신정(테라조신염산염수화물),테라신정(테라조신염산염수화물),테라조신염산염수화물,대원제약(주),False,name_only,True,MFDS nedrug,nedrug.searchDrug,2026-06-12
201505004,테라엔정2밀리그램(테라조신염산염수화물),테라엔정2밀리그램(테라조신염산염수화물),테라조신염산염수화물,(주)휴온스메디텍,False,name_only,True,MFDS nedrug,nedrug.searchDrug,2026-06-12
202400436,테라엘정5밀리그램(테라조신염산염수화물),테라엘정5밀리그램(테라조신염산염수화물),테라조신염산염수화물,지엘파마(주),False,name_only,True,MFDS nedrug,nedrug.searchDrug,2026-06-12
201210746,테라온정2밀리그램(테라조신염산염수화물),테라온정2밀리그램(테라조신염산염수화물),테라조신염산염수화물,오스틴제약(주),False,name_only,True,MFDS nedrug,nedrug.searchDrug,2026-06-12
200411042,테라젠정2mg(테라조신염산염수화물),테라젠정2mg(테라조신염산염수화물),테라조신염산염수화물,(주)셀릭스,False,name_only,True,MFDS nedrug,nedrug.searchDrug,2026-06-12
201403941,테라조정(테라조신염산염수화물),테라조정(테라조신염산염수화물),테라조신염산염수화물,(주)이든파마,False,name_only,True,MFDS nedrug,nedrug.searchDrug,2026-06-12
202600550,테라조정5밀리그램(테라조신염산염수화물),테라조정5밀리그램(테라조신염산염수화물),테라조신염산염수화물,(주)이든파마,False,name_only,True,MFDS nedrug,nedrug.searchDrug,2026-06-12
200300708,테라졸정2밀리그램(테라조신염산염수화물),테라졸정2밀리그램(테라조신염산염수화물),테라조신염산염수화물,아주약품(주),False,name_only,True,MFDS nedrug,nedrug.searchDrug,2026-06-12
202402552,테라지트정5밀리그램(테라조신염산염수화물),테라지트정5밀리그램(테라조신염산염수화물),테라조신염산염수화물,이연제약(주),False,name_only,True,MFDS nedrug,nedrug.searchDrug,2026-06-12
199900349,테라팜정2밀리그램(테라조신염산염수화물),테라팜정2밀리그램(테라조신염산염수화물),테라조신염산염수화물,일동제약(주),False,name_only,True,MFDS nedrug,nedrug.searchDrug,2026-06-12
201506179,테라포스정2밀리그램(테라조신염산염수화물),테라포스정2밀리그램(테라조신염산염수화물),테라조신염산염수화물,익수제약(주),False,name_only,True,MFDS nedrug,nedrug.searchDrug,2026-06-12
200411062,테레신정2밀리그람(테라조신염산염수화물),테레신정2밀리그람(테라조신염산염수화물),테라조신염산염수화물,(주)테라젠이텍스,False,name_only,True,MFDS nedrug,nedrug.searchDrug,2026-06-12
200102845,테로스정2밀리그램(테라조신염산염수화물),테로스정2밀리그램(테라조신염산염수화물),테라조신염산염수화물,(주)하원제약,False,name_only,True,MFDS nedrug,nedrug.searchDrug,2026-06-12
201604568,테로신정(테라조신염산염수화물),테로신정(테라조신염산염수화물),테라조신염산염수화물,정우신약(주),False,name_only,True,MFDS nedrug,nedrug.searchDrug,2026-06-12
202002855,테로조신정(테라조신염산염수화물),테로조신정(테라조신염산염수화물),테라조신염산염수화물,주식회사더유제약,False,name_only,True,MFDS nedrug,nedrug.searchDrug,2026-06-12
200502216,독사존엑스엘서방정4밀리그램(독사조신메실산염),독사존엑스엘서방정4밀리그램(독사조신메실산염),독사조신메실산염,한미약품(주),False,name_only,True,MFDS nedrug,nedrug.searchDrug,2026-06-12
200402698,독시카민정(독사조신메실산염),독시카민정(독사조신메실산염),독사조신메실산염,(주)한국파비스제약,False,name_only,True,MFDS nedrug,nedrug.searchDrug,2026-06-12
200402842,위더스독사조신메실산염정2밀리그램,위더스독사조신메실산염정2밀리그램,독사조신메실산염,위더스제약(주),False,name_only,True,MFDS nedrug,nedrug.searchDrug,2026-06-12
200404719,제뉴원독사조신메실산염정2밀리그램,제뉴원독사조신메실산염정2밀리그램,독사조신메실산염,주식회사제뉴원사이언스,False,name_only,True,MFDS nedrug,nedrug.searchDrug,2026-06-12
200612573,카두라엑스엘서방정4mg(독사조신메실산염),카두라엑스엘서방정4mg(독사조신메실산염),독사조신메실산염,비아트리스코리아(주),False,name_only,True,MFDS nedrug,nedrug.searchDrug,2026-06-12
200000932,카딜정2밀리그램(독사조신메실산염),카딜정2밀리그램(독사조신메실산염),독사조신메실산염,(주)바이넥스,False,name_only,True,MFDS nedrug,nedrug.searchDrug,2026-06-12
200501979,카르딜엑스엘서방정4밀리그램(독사조신메실산염),카르딜엑스엘서방정4밀리그램(독사조신메실산염),독사조신메실산염,경동제약(주),False,name_only,True,MFDS nedrug,nedrug.searchDrug,2026-06-12
200500225,카비엑스엘서방정(독사조신메실산염),카비엑스엘서방정(독사조신메실산염),독사조신메실산염,이연제약(주),False,name_only,True,MFDS nedrug,nedrug.searchDrug,2026-06-12
200402566,카조라정2mg(독사조신메실산염),카조라정2mg(독사조신메실산염),독사조신메실산염,미래바이오제약(주),False,name_only,True,MFDS nedrug,nedrug.searchDrug,2026-06-12
201800964,나스타정50밀리그램(나프토피딜),나스타정50밀리그램(나프토피딜),나프토피딜,(주)유유제약,False,name_only,True,MFDS nedrug,nedrug.searchDrug,2026-06-12
201706161,나스타정75밀리그램(나프토피딜),나스타정75밀리그램(나프토피딜),나프토피딜,(주)유유제약,False,name_only,True,MFDS nedrug,nedrug.searchDrug,2026-06-12
201705254,나토딜정75밀리그램(나프토피딜),나토딜정75밀리그램(나프토피딜),나프토피딜,동국제약(주),False,name_only,True,MFDS nedrug,nedrug.searchDrug,2026-06-12
201903446,나포피딜정75밀리그램(나프토피딜),나포피딜정75밀리그램(나프토피딜),나프토피딜,건일바이오팜주식회사,False,name_only,True,MFDS nedrug,nedrug.searchDrug,2026-06-12
201705175,나프딜정75밀리그램(나프토피딜),나프딜정75밀리그램(나프토피딜),나프토피딜,주식회사제뉴원사이언스,False,name_only,True,MFDS nedrug,nedrug.searchDrug,2026-06-12
201706143,나프바스정75mg(나프토피딜),나프바스정75mg(나프토피딜),나프토피딜,한국휴텍스제약(주),False,name_only,True,MFDS nedrug,nedrug.searchDrug,2026-06-12
201906290,나프토엠정75밀리그램(나프토피딜),나프토엠정75밀리그램(나프토피딜),나프토피딜,(주)마더스제약,False,name_only,True,MFDS nedrug,nedrug.searchDrug,2026-06-12
201706188,유니바스정75mg(나프토피딜),유니바스정75mg(나프토피딜),나프토피딜,한국유니온제약(주),False,name_only,True,MFDS nedrug,nedrug.searchDrug,2026-06-12
201705158,유로바스정75mg(나프토피딜),유로바스정75mg(나프토피딜),나프토피딜,(주)동구바이오제약,False,name_only,True,MFDS nedrug,nedrug.searchDrug,2026-06-12
201705255,유로피딜정75밀리그램(나프토피딜),유로피딜정75밀리그램(나프토피딜),나프토피딜,(주)제뉴파마,False,name_only,True,MFDS nedrug,nedrug.searchDrug,2026-06-12
201905961,일성나프토피딜정75밀리그램,일성나프토피딜정75밀리그램,나프토피딜,일성아이에스(주),False,name_only,True,MFDS nedrug,nedrug.searchDrug,2026-06-12
201902430,플로리스정(나프토피딜),플로리스정(나프토피딜),나프토피딜,이연제약(주),False,name_only,True,MFDS nedrug,nedrug.searchDrug,2026-06-12
201102767,플리바스정25mg(나프토피딜),플리바스정25mg(나프토피딜),나프토피딜,동아에스티(주),False,name_only,True,MFDS nedrug,nedrug.searchDrug,2026-06-12
201102769,플리바스정50mg(나프토피딜),플리바스정50mg(나프토피딜),나프토피딜,동아에스티(주),False,name_only,True,MFDS nedrug,nedrug.searchDrug,2026-06-12
201102768,플리바스정75mg(나프토피딜),플리바스정75mg(나프토피딜),나프토피딜,동아에스티(주),False,name_only,True,MFDS nedrug,nedrug.searchDrug,2026-06-12
201803677,플리스반정75밀리그램(나프토피딜),플리스반정75밀리그램(나프토피딜),나프토피딜,아주약품(주),False,name_only,True,MFDS nedrug,nedrug.searchDrug,2026-06-12
202101450,뉴미가서방정50밀리그램(미라베그론),뉴미가서방정50밀리그램(미라베그론),미라베그론,삼진제약(주),False,name_only,True,MFDS nedrug,nedrug.searchDrug,2026-06-12
202101461,뉴타미가서방정50밀리그램(미라베그론),뉴타미가서방정50밀리그램(미라베그론),미라베그론,(주)다산제약,False,name_only,True,MFDS nedrug,nedrug.searchDrug,2026-06-12
202101477,라블론서방정50밀리그램(미라베그론),라블론서방정50밀리그램(미라베그론),미라베그론,경동제약(주),False,name_only,True,MFDS nedrug,nedrug.searchDrug,2026-06-12
202101448,미가론서방정50밀리그램(미라베그론),미가론서방정50밀리그램(미라베그론),미라베그론,아주약품(주),False,name_only,True,MFDS nedrug,nedrug.searchDrug,2026-06-12
202101446,미라론서방정50밀리그램(미라베그론),미라론서방정50밀리그램(미라베그론),미라베그론,대원제약(주),False,name_only,True,MFDS nedrug,nedrug.searchDrug,2026-06-12
202101447,미라베가서방정50밀리그램(미라베그론),미라베가서방정50밀리그램(미라베그론),미라베그론,(주)동구바이오제약,False,name_only,True,MFDS nedrug,nedrug.searchDrug,2026-06-12
202101478,미라베서방정50밀리그램(미라베그론),미라베서방정50밀리그램(미라베그론),미라베그론,(주)메디카코리아,False,name_only,True,MFDS nedrug,nedrug.searchDrug,2026-06-12
202002247,미라벡서방정50밀리그램(미라베그론),미라벡서방정50밀리그램(미라베그론),미라베그론,한미약품(주),False,name_only,True,MFDS nedrug,nedrug.searchDrug,2026-06-12
202101453,미라엠서방정50밀리그램(미라베그론),미라엠서방정50밀리그램(미라베그론),미라베그론,(주)마더스제약,False,name_only,True,MFDS nedrug,nedrug.searchDrug,2026-06-12
202101462,미라큐론서방정50밀리그램(미라베그론),미라큐론서방정50밀리그램(미라베그론),미라베그론,주식회사큐엘파마,False,name_only,True,MFDS nedrug,nedrug.searchDrug,2026-06-12
202101444,베미가서방정50밀리그램(미라베그론),베미가서방정50밀리그램(미라베그론),미라베그론,환인제약(주),False,name_only,True,MFDS nedrug,nedrug.searchDrug,2026-06-12
202101452,베미그론서방정50밀리그램(미라베그론),베미그론서방정50밀리그램(미라베그론),미라베그론,동광제약(주),False,name_only,True,MFDS nedrug,nedrug.searchDrug,2026-06-12
202101443,베타그론서방정50밀리그램(미라베그론),베타그론서방정50밀리그램(미라베그론),미라베그론,주식회사제뉴원사이언스,False,name_only,True,MFDS nedrug,nedrug.searchDrug,2026-06-12
201310989,베타미가서방정25밀리그램(미라베그론),베타미가서방정25밀리그램(미라베그론),미라베그론,한국아스텔라스제약(주),False,name_only,True,MFDS nedrug,nedrug.searchDrug,2026-06-12
201310988,베타미가서방정50밀리그램(미라베그론),베타미가서방정50밀리그램(미라베그론),미라베그론,한국아스텔라스제약(주),False,name_only,True,MFDS nedrug,nedrug.searchDrug,2026-06-12
202101449,베타미라서방정50밀리그램(미라베그론),베타미라서방정50밀리그램(미라베그론),미라베그론,한국휴텍스제약(주),False,name_only,True,MFDS nedrug,nedrug.searchDrug,2026-06-12
202101454,베타믹서방정50밀리그램(미라베그론),베타믹서방정50밀리그램(미라베그론),미라베그론,주식회사더유제약,False,name_only,True,MFDS nedrug,nedrug.searchDrug,2026-06-12
202101459,베타유론서방정50밀리그램(미라베그론),베타유론서방정50밀리그램(미라베그론),미라베그론,동국제약(주),False,name_only,True,MFDS nedrug,nedrug.searchDrug,2026-06-12
202101469,보령미라베그론서방정50밀리그램,보령미라베그론서방정50밀리그램,미라베그론,(주)보령,False,name_only,True,MFDS nedrug,nedrug.searchDrug,2026-06-12
202107123,셀레베타서방정25밀리그램(미라베그론수화물),셀레베타서방정25밀리그램(미라베그론수화물),미라베그론수화물,(주)종근당,False,name_only,True,MFDS nedrug,nedrug.searchDrug,2026-06-12
202002246,셀레베타서방정50밀리그램(미라베그론),셀레베타서방정50밀리그램(미라베그론),미라베그론,(주)종근당,False,name_only,True,MFDS nedrug,nedrug.searchDrug,2026-06-12
202101472,에이미가서방정50밀리그램(미라베그론),에이미가서방정50밀리그램(미라베그론),미라베그론,안국약품(주),False,name_only,True,MFDS nedrug,nedrug.searchDrug,2026-06-12
202101470,지타미가서방정50밀리그램(미라베그론),지타미가서방정50밀리그램(미라베그론),미라베그론,대웅바이오(주),False,name_only,True,MFDS nedrug,nedrug.searchDrug,2026-06-12
202101475,타미가서방정50밀리그램(미라베그론),타미가서방정50밀리그램(미라베그론),미라베그론,제이더블유신약(주),False,name_only,True,MFDS nedrug,nedrug.searchDrug,2026-06-12
202101456,하이베로서방정50밀리그램(미라베그론),하이베로서방정50밀리그램(미라베그론),미라베그론,일양약품(주),False,name_only,True,MFDS nedrug,nedrug.searchDrug,2026-06-12
202101467,휴베그론서방정50밀리그램(미라베그론),휴베그론서방정50밀리그램(미라베그론),미라베그론,(주)휴온스,False,name_only,True,MFDS nedrug,nedrug.searchDrug,2026-06-12
200810113,토비애즈서방정4밀리그람(페소테로딘푸마르산염),토비애즈서방정4밀리그람(페소테로딘푸마르산염),페소테로딘푸마르산염,한국화이자제약(주),False,name_only,True,MFDS nedrug,nedrug.searchDrug,2026-06-12
200810114,토비애즈서방정8밀리그람(페소테로딘푸마르산염),토비애즈서방정8밀리그람(페소테로딘푸마르산염),페소테로딘푸마르산염,한국화이자제약(주),False,name_only,True,MFDS nedrug,nedrug.searchDrug,2026-06-12
198600437,동화디트로판정(옥시부티닌염산염),동화디트로판정(옥시부티닌염산염),옥시부티닌염산염,동화약품(주),False,name_only,True,MFDS nedrug,nedrug.searchDrug,2026-06-12
201206980,글로베린정(프로피베린염산염),글로베린정(프로피베린염산염),프로피베린염산염,(주)킵스바이오파마,False,name_only,True,MFDS nedrug,nedrug.searchDrug,2026-06-12
201803081,넥스베린정20mg(프로피베린염산염),넥스베린정20mg(프로피베린염산염),프로피베린염산염,(주)넥스팜코리아,False,name_only,True,MFDS nedrug,nedrug.searchDrug,2026-06-12
200501390,대웅바이오프로피베린정20밀리그램(프로피베린염산염),대웅바이오프로피베린정20밀리그램(프로피베린염산염),프로피베린염산염,대웅바이오(주),False,name_only,True,MFDS nedrug,nedrug.searchDrug,2026-06-12
200403104,디트루베린정(프로피베린염산염),디트루베린정(프로피베린염산염),프로피베린염산염,(주)휴온스,False,name_only,True,MFDS nedrug,nedrug.searchDrug,2026-06-12
200400478,베아베린정(프로피베린염산염),베아베린정(프로피베린염산염),프로피베린염산염,(주)대웅제약,False,name_only,True,MFDS nedrug,nedrug.searchDrug,2026-06-12
201902339,비유프로정(프로피베린염산염),비유프로정(프로피베린염산염),프로피베린염산염,한국휴텍스제약(주),False,name_only,True,MFDS nedrug,nedrug.searchDrug,2026-06-12
199500419,비유피-4정10밀리그램(프로피베린염산염),비유피-4정10밀리그램(프로피베린염산염),프로피베린염산염,제일약품(주),False,name_only,True,MFDS nedrug,nedrug.searchDrug,2026-06-12
199500420,비유피-4정20밀리그램(프로피베린염산염),비유피-4정20밀리그램(프로피베린염산염),프로피베린염산염,제일약품(주),False,name_only,True,MFDS nedrug,nedrug.searchDrug,2026-06-12
201201690,비프로정20밀리그램(프로피베린염산염),비프로정20밀리그램(프로피베린염산염),프로피베린염산염,하나제약(주),False,name_only,True,MFDS nedrug,nedrug.searchDrug,2026-06-12
200403239,유로나정(프로피베린염산염),유로나정(프로피베린염산염),프로피베린염산염,명문제약(주),False,name_only,True,MFDS nedrug,nedrug.searchDrug,2026-06-12
201402986,유로나정10mg(프로피베린염산염),유로나정10mg(프로피베린염산염),프로피베린염산염,명문제약(주),False,name_only,True,MFDS nedrug,nedrug.searchDrug,2026-06-12
200400014,유로베린정(프로피베린염산염),유로베린정(프로피베린염산염),프로피베린염산염,신풍제약(주),False,name_only,True,MFDS nedrug,nedrug.searchDrug,2026-06-12
200400580,유로콘정(프로피베린염산염),유로콘정(프로피베린염산염),프로피베린염산염,(주)바이넥스,False,name_only,True,MFDS nedrug,nedrug.searchDrug,2026-06-12
201308921,유로프로정(프로피베린염산염),유로프로정(프로피베린염산염),프로피베린염산염,(주)동구바이오제약,False,name_only,True,MFDS nedrug,nedrug.searchDrug,2026-06-12
200400799,유로픽스정(프로피베린염산염),유로픽스정(프로피베린염산염),프로피베린염산염,(주)일화,False,name_only,True,MFDS nedrug,nedrug.searchDrug,2026-06-12
201901741,유리베린정(프로피베린염산염),유리베린정(프로피베린염산염),프로피베린염산염,(주)에이프로젠바이오로직스,False,name_only,True,MFDS nedrug,nedrug.searchDrug,2026-06-12
200400062,유베린정(프로피베린염산염),유베린정(프로피베린염산염),프로피베린염산염,동국제약(주),False,name_only,True,MFDS nedrug,nedrug.searchDrug,2026-06-12
201801829,유프베린정(프로피베린염산염),유프베린정(프로피베린염산염),프로피베린염산염,(주)다산제약,False,name_only,True,MFDS nedrug,nedrug.searchDrug,2026-06-12
201802565,유피베린정(프로피베린염산염),유피베린정(프로피베린염산염),프로피베린염산염,(주)마더스제약,False,name_only,True,MFDS nedrug,nedrug.searchDrug,2026-06-12
200400152,이연프로피베린정(프로피베린염산염),이연프로피베린정(프로피베린염산염),프로피베린염산염,이연제약(주),False,name_only,True,MFDS nedrug,nedrug.searchDrug,2026-06-12
201604598,이연프로피베린정10밀리그램(프로피베린염산염),이연프로피베린정10밀리그램(프로피베린염산염),프로피베린염산염,이연제약(주),False,name_only,True,MFDS nedrug,nedrug.searchDrug,2026-06-12
200502218,큐어베린정(프로피베린염산염),큐어베린정(프로피베린염산염),프로피베린염산염,제이더블유신약(주),False,name_only,True,MFDS nedrug,nedrug.searchDrug,2026-06-12
200401286,포베린정20mg(프로피베린염산염),포베린정20mg(프로피베린염산염),프로피베린염산염,일양약품(주),False,name_only,True,MFDS nedrug,nedrug.searchDrug,2026-06-12
200500473,프로베린정(프로피베린염산염),프로베린정(프로피베린염산염),프로피베린염산염,한올바이오파마(주),False,name_only,True,MFDS nedrug,nedrug.searchDrug,2026-06-12
200501794,프로베정(프로피베린염산염),프로베정(프로피베린염산염),프로피베린염산염,오스틴제약(주),False,name_only,True,MFDS nedrug,nedrug.searchDrug,2026-06-12
201904737,프로베픽스정20mg(프로피베린염산염),프로베픽스정20mg(프로피베린염산염),프로피베린염산염,(주)라이트팜텍,False,name_only,True,MFDS nedrug,nedrug.searchDrug,2026-06-12
201708498,프로빈정20밀리그램(프로피베린염산염),프로빈정20밀리그램(프로피베린염산염),프로피베린염산염,한국코러스(주),False,name_only,True,MFDS nedrug,nedrug.searchDrug,2026-06-12
200410941,프로시톨정(프로피베린염산염),프로시톨정(프로피베린염산염),프로피베린염산염,알보젠코리아(주),False,name_only,True,MFDS nedrug,nedrug.searchDrug,2026-06-12
200402114,프롭정20밀리그램(프로피베린염산염),프롭정20밀리그램(프로피베린염산염),프로피베린염산염,대화제약(주),False,name_only,True,MFDS nedrug,nedrug.searchDrug,2026-06-12
201603582,휴피베린정(프로피베린염산염),휴피베린정(프로피베린염산염),프로피베린염산염,(주)휴온스메디텍,False,name_only,True,MFDS nedrug,nedrug.searchDrug,2026-06-12
201707570,녹더나설하정25마이크로그램(데스모프레신아세트산염),녹더나설하정25마이크로그램(데스모프레신아세트산염),데스모프레신아세트산염,한국페링제약(주),False,name_only,True,MFDS nedrug,nedrug.searchDrug,2026-06-12
201707571,녹더나설하정50마이크로그램(데스모프레신아세트산염),녹더나설하정50마이크로그램(데스모프레신아세트산염),데스모프레신아세트산염,한국페링제약(주),False,name_only,True,MFDS nedrug,nedrug.searchDrug,2026-06-12
201801175,뉴리탄정0.1밀리그램(데스모프레신아세트산염),뉴리탄정0.1밀리그램(데스모프레신아세트산염),데스모프레신아세트산염,(주)넥스팜코리아,False,name_only,True,MFDS nedrug,nedrug.searchDrug,2026-06-12
201705171,뉴리탄정0.2밀리그램(데스모프레신아세트산염),뉴리탄정0.2밀리그램(데스모프레신아세트산염),데스모프레신아세트산염,(주)넥스팜코리아,False,name_only,True,MFDS nedrug,nedrug.searchDrug,2026-06-12
201402070,데소닉정0.1밀리그램(데스모프레신아세트산염),데소닉정0.1밀리그램(데스모프레신아세트산염),데스모프레신아세트산염,제이더블유신약(주),False,name_only,True,MFDS nedrug,nedrug.searchDrug,2026-06-12
201402065,데소닉정0.2밀리그램(데스모프레신아세트산염),데소닉정0.2밀리그램(데스모프레신아세트산염),데스모프레신아세트산염,제이더블유신약(주),False,name_only,True,MFDS nedrug,nedrug.searchDrug,2026-06-12
201508213,데스모엠정0.1밀리그램(데스모프레신아세트산염),데스모엠정0.1밀리그램(데스모프레신아세트산염),데스모프레신아세트산염,(주)마더스제약,False,name_only,True,MFDS nedrug,nedrug.searchDrug,2026-06-12
201508214,데스모엠정0.2밀리그램(데스모프레신아세트산염),데스모엠정0.2밀리그램(데스모프레신아세트산염),데스모프레신아세트산염,(주)마더스제약,False,name_only,True,MFDS nedrug,nedrug.searchDrug,2026-06-12
200710855,데스민정0.1밀리그램(데스모프레신아세트산염),데스민정0.1밀리그램(데스모프레신아세트산염),데스모프레신아세트산염,동국제약(주),False,name_only,True,MFDS nedrug,nedrug.searchDrug,2026-06-12
200710856,데스민정0.2밀리그램(데스모프레신아세트산염),데스민정0.2밀리그램(데스모프레신아세트산염),데스모프레신아세트산염,동국제약(주),False,name_only,True,MFDS nedrug,nedrug.searchDrug,2026-06-12
201602779,듀레신구강용해필름0.1mg(데스모프레신아세트산염),듀레신구강용해필름0.1mg(데스모프레신아세트산염),데스모프레신아세트산염,(주)씨티씨바이오,False,name_only,True,MFDS nedrug,nedrug.searchDrug,2026-06-12
201600439,듀레신구강용해필름0.2mg(데스모프레신아세트산염),듀레신구강용해필름0.2mg(데스모프레신아세트산염),데스모프레신아세트산염,(주)씨티씨바이오,False,name_only,True,MFDS nedrug,nedrug.searchDrug,2026-06-12
201400932,디튜린정0.1밀리그램(데스모프레신아세트산염),디튜린정0.1밀리그램(데스모프레신아세트산염),데스모프레신아세트산염,(주)종근당,False,name_only,True,MFDS nedrug,nedrug.searchDrug,2026-06-12
201400933,디튜린정0.2밀리그램(데스모프레신아세트산염),디튜린정0.2밀리그램(데스모프레신아세트산염),데스모프레신아세트산염,(주)종근당,False,name_only,True,MFDS nedrug,nedrug.searchDrug,2026-06-12
201600429,레니신정0.1밀리그램(데스모프레신아세트산염),레니신정0.1밀리그램(데스모프레신아세트산염),데스모프레신아세트산염,일양약품(주),False,name_only,True,MFDS nedrug,nedrug.searchDrug,2026-06-12
201600430,레니신정0.2밀리그램(데스모프레신아세트산염),레니신정0.2밀리그램(데스모프레신아세트산염),데스모프레신아세트산염,일양약품(주),False,name_only,True,MFDS nedrug,nedrug.searchDrug,2026-06-12
201901477,모나린정0.1밀리그램(데스모프레신아세트산염),모나린정0.1밀리그램(데스모프레신아세트산염),데스모프레신아세트산염,아주약품(주),False,name_only,True,MFDS nedrug,nedrug.searchDrug,2026-06-12
201603987,미뉴린정0.1밀리그램(데스모프레신아세트산염),미뉴린정0.1밀리그램(데스모프레신아세트산염),데스모프레신아세트산염,하나제약(주),False,name_only,True,MFDS nedrug,nedrug.searchDrug,2026-06-12
201603988,미뉴린정0.2밀리그램(데스모프레신아세트산염),미뉴린정0.2밀리그램(데스모프레신아세트산염),데스모프레신아세트산염,하나제약(주),False,name_only,True,MFDS nedrug,nedrug.searchDrug,2026-06-12
200704308,미니린멜트설하정120마이크로그램(데스모프레신아세트산염),미니린멜트설하정120마이크로그램(데스모프레신아세트산염),데스모프레신아세트산염,한국페링제약(주),False,name_only,True,MFDS nedrug,nedrug.searchDrug,2026-06-12
201110294,미니린멜트설하정240마이크로그램(데스모프레신아세트산염),미니린멜트설하정240마이크로그램(데스모프레신아세트산염),데스모프레신아세트산염,한국페링제약(주),False,name_only,True,MFDS nedrug,nedrug.searchDrug,2026-06-12
200704307,미니린멜트설하정60마이크로그램(데스모프레신아세트산염),미니린멜트설하정60마이크로그램(데스모프레신아세트산염),데스모프레신아세트산염,한국페링제약(주),False,name_only,True,MFDS nedrug,nedrug.searchDrug,2026-06-12
199504249,미니린정0.1밀리그램(데스모프레신아세트산염),미니린정0.1밀리그램(데스모프레신아세트산염),데스모프레신아세트산염,한국페링제약(주),False,name_only,True,MFDS nedrug,nedrug.searchDrug,2026-06-12
199504250,미니린정0.2밀리그램(데스모프레신아세트산염),미니린정0.2밀리그램(데스모프레신아세트산염),데스모프레신아세트산염,한국페링제약(주),False,name_only,True,MFDS nedrug,nedrug.searchDrug,2026-06-12
199403266,미니린주사액(데스모프레신아세트산염),미니린주사액(데스모프레신아세트산염),데스모프레신아세트산염,한국페링제약(주),False,name_only,True,MFDS nedrug,nedrug.searchDrug,2026-06-12
201604342,미니모프레신정0.1mg(데스모프레신아세트산염),미니모프레신정0.1mg(데스모프레신아세트산염),데스모프레신아세트산염,한국휴텍스제약(주),False,name_only,True,MFDS nedrug,nedrug.searchDrug,2026-06-12
201604343,미니모프레신정0.2mg(데스모프레신아세트산염),미니모프레신정0.2mg(데스모프레신아세트산염),데스모프레신아세트산염,한국휴텍스제약(주),False,name_only,True,MFDS nedrug,nedrug.searchDrug,2026-06-12
201902860,미니스정0.1밀리그램(데스모프레신아세트산염),미니스정0.1밀리그램(데스모프레신아세트산염),데스모프레신아세트산염,(주)이든파마,False,name_only,True,MFDS nedrug,nedrug.searchDrug,2026-06-12
201903626,미니스정0.2밀리그램(데스모프레신아세트산염),미니스정0.2밀리그램(데스모프레신아세트산염),데스모프레신아세트산염,(주)이든파마,False,name_only,True,MFDS nedrug,nedrug.searchDrug,2026-06-12
201907336,미니페정0.1밀리그램(데스모프레신아세트산염),미니페정0.1밀리그램(데스모프레신아세트산염),데스모프레신아세트산염,대웅바이오(주),False,name_only,True,MFDS nedrug,nedrug.searchDrug,2026-06-12
201902896,서울페북소스타트정40밀리그램,서울페북소스타트정40밀리그램,페북소스타트,(주)서울제약,False,name_only,True,MFDS nedrug,nedrug.searchDrug,2026-06-12
201902894,서울페북소스타트정80밀리그램,서울페북소스타트정80밀리그램,페북소스타트,(주)서울제약,False,name_only,True,MFDS nedrug,nedrug.searchDrug,2026-06-12
201803031,유니페릭정(페북소스타트),유니페릭정(페북소스타트),페북소스타트,한국유니온제약(주),False,name_only,True,MFDS nedrug,nedrug.searchDrug,2026-06-12
201506669,유리가트정40밀리그램(페북소스타트),유리가트정40밀리그램(페북소스타트),페북소스타트,(주)유유제약,False,name_only,True,MFDS nedrug,nedrug.searchDrug,2026-06-12
201506634,유리가트정80밀리그램(페북소스타트),유리가트정80밀리그램(페북소스타트),페북소스타트,(주)유유제약,False,name_only,True,MFDS nedrug,nedrug.searchDrug,2026-06-12
201506847,유소릭정40밀리그램(페북소스타트),유소릭정40밀리그램(페북소스타트),페북소스타트,한림제약(주),False,name_only,True,MFDS nedrug,nedrug.searchDrug,2026-06-12
201506846,유소릭정80밀리그램(페북소스타트),유소릭정80밀리그램(페북소스타트),페북소스타트,한림제약(주),False,name_only,True,MFDS nedrug,nedrug.searchDrug,2026-06-12
201601899,패북소정40밀리그램(페북소스타트),패북소정40밀리그램(페북소스타트),페북소스타트,알리코제약(주),False,name_only,True,MFDS nedrug,nedrug.searchDrug,2026-06-12
201601898,패북소정80밀리그램(페북소스타트),패북소정80밀리그램(페북소스타트),페북소스타트,알리코제약(주),False,name_only,True,MFDS nedrug,nedrug.searchDrug,2026-06-12
202000520,페고트정40밀리그램(페북소스타트),페고트정40밀리그램(페북소스타트),페북소스타트,한국유나이티드제약(주),False,name_only,True,MFDS nedrug,nedrug.searchDrug,2026-06-12
201707620,페고트정80밀리그램(페북소스타트),페고트정80밀리그램(페북소스타트),페북소스타트,한국유나이티드제약(주),False,name_only,True,MFDS nedrug,nedrug.searchDrug,2026-06-12
201507440,페록스정80밀리그램(페북소스타트),페록스정80밀리그램(페북소스타트),페북소스타트,삼천당제약(주),False,name_only,True,MFDS nedrug,nedrug.searchDrug,2026-06-12
201705174,페북센정40밀리그램(페북소스타트),페북센정40밀리그램(페북소스타트),페북소스타트,동국제약(주),False,name_only,True,MFDS nedrug,nedrug.searchDrug,2026-06-12
201704879,페북센정80밀리그램(페북소스타트),페북센정80밀리그램(페북소스타트),페북소스타트,동국제약(주),False,name_only,True,MFDS nedrug,nedrug.searchDrug,2026-06-12
201906955,페북소릭정40밀리그램(페북소스타트),페북소릭정40밀리그램(페북소스타트),페북소스타트,대웅바이오(주),False,name_only,True,MFDS nedrug,nedrug.searchDrug,2026-06-12
201906954,페북소릭정80밀리그램(페북소스타트),페북소릭정80밀리그램(페북소스타트),페북소스타트,대웅바이오(주),False,name_only,True,MFDS nedrug,nedrug.searchDrug,2026-06-12
201603150,페북손정40밀리그램(페북소스타트),페북손정40밀리그램(페북소스타트),페북소스타트,(주)킴스제약,False,name_only,True,MFDS nedrug,nedrug.searchDrug,2026-06-12
201603151,페북손정80밀리그램(페북소스타트),페북손정80밀리그램(페북소스타트),페북소스타트,(주)킴스제약,False,name_only,True,MFDS nedrug,nedrug.searchDrug,2026-06-12
201901361,페북스정40밀리그램(페북소스타트),페북스정40밀리그램(페북소스타트),페북소스타트,(주)테라젠이텍스,False,name_only,True,MFDS nedrug,nedrug.searchDrug,2026-06-12
201901360,페북스정80밀리그램(페북소스타트),페북스정80밀리그램(페북소스타트),페북소스타트,(주)테라젠이텍스,False,name_only,True,MFDS nedrug,nedrug.searchDrug,2026-06-12
202001901,페북엠정40밀리그램(페북소스타트),페북엠정40밀리그램(페북소스타트),페북소스타트,(주)마더스제약,False,name_only,True,MFDS nedrug,nedrug.searchDrug,2026-06-12
202001230,페북엠정80밀리그램(페북소스타트),페북엠정80밀리그램(페북소스타트),페북소스타트,(주)마더스제약,False,name_only,True,MFDS nedrug,nedrug.searchDrug,2026-06-12
201506623,페북트정40밀리그램(페북소스타트),페북트정40밀리그램(페북소스타트),페북소스타트,주식회사제뉴원사이언스,False,name_only,True,MFDS nedrug,nedrug.searchDrug,2026-06-12
201506624,페북트정80밀리그램(페북소스타트),페북트정80밀리그램(페북소스타트),페북소스타트,주식회사제뉴원사이언스,False,name_only,True,MFDS nedrug,nedrug.searchDrug,2026-06-12
201507075,페북틴정40밀리그램(페북소스타트),페북틴정40밀리그램(페북소스타트),페북소스타트,(주)비보존제약,False,name_only,True,MFDS nedrug,nedrug.searchDrug,2026-06-12
201507074,페북틴정80밀리그램(페북소스타트),페북틴정80밀리그램(페북소스타트),페북소스타트,(주)비보존제약,False,name_only,True,MFDS nedrug,nedrug.searchDrug,2026-06-12
201307583,페브릭정40밀리그램(페북소스타트),페브릭정40밀리그램(페북소스타트),페북소스타트,에스케이케미칼(주),False,name_only,True,MFDS nedrug,nedrug.searchDrug,2026-06-12
200904445,페브릭정80밀리그램(페북소스타트),페브릭정80밀리그램(페북소스타트),페북소스타트,에스케이케미칼(주),False,name_only,True,MFDS nedrug,nedrug.searchDrug,2026-06-12
201506653,페소린정40밀리그램(페북소스타트),페소린정40밀리그램(페북소스타트),페북소스타트,삼진제약(주),False,name_only,True,MFDS nedrug,nedrug.searchDrug,2026-06-12
201506654,페소린정80밀리그램(페북소스타트),페소린정80밀리그램(페북소스타트),페북소스타트,삼진제약(주),False,name_only,True,MFDS nedrug,nedrug.searchDrug,2026-06-12
199500892,명인날카리신정50밀리그램(벤즈브로마론),명인날카리신정50밀리그램(벤즈브로마론),벤즈브로마론,명인제약(주),False,name_only,True,MFDS nedrug,nedrug.searchDrug,2026-06-12
199502668,유리논정(벤즈브로마론),유리논정(벤즈브로마론),벤즈브로마론,한림제약(주),False,name_only,True,MFDS nedrug,nedrug.searchDrug,2026-06-12
201903166,건토넬정35밀리그램(무수리세드론산나트륨),건토넬정35밀리그램(무수리세드론산나트륨),무수리세드론산나트륨,건일바이오팜주식회사,False,name_only,True,MFDS nedrug,nedrug.searchDrug,2026-06-12
200803148,드로넬정35밀리그램(리세드론산나트륨일수화물),드로넬정35밀리그램(리세드론산나트륨일수화물),리세드론산나트륨일수화물,환인제약(주),False,name_only,True,MFDS nedrug,nedrug.searchDrug,2026-06-12
201604117,드로넬플러스정,드로넬플러스정,리세드론산나트륨2.5수화물/콜레칼시페롤농축물(분말형),환인제약(주),False,name_only,True,MFDS nedrug,nedrug.searchDrug,2026-06-12
201700405,디세든플러스정,디세든플러스정,리세드론산나트륨2.5수화물/콜레칼시페롤농축물(분말형),(주)이든파마,False,name_only,True,MFDS nedrug,nedrug.searchDrug,2026-06-12
200713889,리골다정35밀리그램(리세드론산나트륨2.5수화물),리골다정35밀리그램(리세드론산나트륨2.5수화물),리세드론산나트륨2.5수화물,(주)넥스팜코리아,False,name_only,True,MFDS nedrug,nedrug.searchDrug,2026-06-12
201202525,"리도넬디정(리세드론산,콜레칼시페롤)","리도넬디정(리세드론산,콜레칼시페롤)",리세드론산나트륨2.5수화물/콜레칼시페롤,한미약품(주),False,name_only,True,MFDS nedrug,nedrug.searchDrug,2026-06-12
201001730,리도넬정150밀리그램(리세드론산나트륨일수화물),리도넬정150밀리그램(리세드론산나트륨일수화물),리세드론산나트륨일수화물,한미약품(주),False,name_only,True,MFDS nedrug,nedrug.searchDrug,2026-06-12
200801987,리도넬정35밀리그램(리세드론산나트륨일수화물),리도넬정35밀리그램(리세드론산나트륨일수화물),리세드론산나트륨일수화물,한미약품(주),False,name_only,True,MFDS nedrug,nedrug.searchDrug,2026-06-12
201605260,리드넷플러스정,리드넷플러스정,리세드론산나트륨2.5수화물/콜레칼시페롤농축물(분말형),(주)바이넥스,False,name_only,True,MFDS nedrug,nedrug.searchDrug,2026-06-12
201000951,리드로퀸정150밀리그램(리세드론산나트륨일수화물),리드로퀸정150밀리그램(리세드론산나트륨일수화물),리세드론산나트륨일수화물,(주)씨티씨바이오,False,name_only,True,MFDS nedrug,nedrug.searchDrug,2026-06-12
200804092,리드로퀸정35밀리그램(리세드론산나트륨일수화물),리드로퀸정35밀리그램(리세드론산나트륨일수화물),리세드론산나트륨일수화물,(주)종근당,False,name_only,True,MFDS nedrug,nedrug.searchDrug,2026-06-12
201700469,리드산플러스정,리드산플러스정,리세드론산나트륨2.5수화물/콜레칼시페롤농축물(분말형),(주)넥스팜코리아,False,name_only,True,MFDS nedrug,nedrug.searchDrug,2026-06-12
202001322,리론정35밀리그램(무수리세드론산나트륨),리론정35밀리그램(무수리세드론산나트륨),무수리세드론산나트륨,(주)라이트팜텍,False,name_only,True,MFDS nedrug,nedrug.searchDrug,2026-06-12
201310869,리론트정35밀리그램(리세드론산나트륨),리론트정35밀리그램(리세드론산나트륨),리세드론산나트륨,(주)일화,False,name_only,True,MFDS nedrug,nedrug.searchDrug,2026-06-12
201604705,리론트플러스정,리론트플러스정,리세드론산나트륨2.5수화물/콜레칼시페롤농축물(분말형),(주)일화,False,name_only,True,MFDS nedrug,nedrug.searchDrug,2026-06-12
201905603,리보넬정150밀리그램(리세드론산나트륨2.5수화물),리보넬정150밀리그램(리세드론산나트륨2.5수화물),리세드론산나트륨2.5수화물,건일바이오팜주식회사,False,name_only,True,MFDS nedrug,nedrug.searchDrug,2026-06-12
202001703,리산드플러스정,리산드플러스정,리세드론산나트륨2.5수화물/콜레칼시페롤농축물(분말형),건일바이오팜주식회사,False,name_only,True,MFDS nedrug,nedrug.searchDrug,2026-06-12
200800315,리세나정(리세드론산나트륨2.5수화물),리세나정(리세드론산나트륨2.5수화물),리세드론산나트륨2.5수화물,(주)한국피엠지제약,False,name_only,True,MFDS nedrug,nedrug.searchDrug,2026-06-12
200801819,리세네이트정35mg(리세드론산나트륨),리세네이트정35mg(리세드론산나트륨),리세드론산나트륨,(주)마더스제약,False,name_only,True,MFDS nedrug,nedrug.searchDrug,2026-06-12
201604686,리세네플러스정,리세네플러스정,리세드론산나트륨2.5수화물/콜레칼시페롤농축물(분말형),알리코제약(주),False,name_only,True,MFDS nedrug,nedrug.searchDrug,2026-06-12
201202526,"리세넥스엠정(리세드론산나트륨2.5수화물, 콜레칼시페롤)","리세넥스엠정(리세드론산나트륨2.5수화물, 콜레칼시페롤)",리세드론산나트륨2.5수화물/콜레칼시페롤,한림제약(주),False,name_only,True,MFDS nedrug,nedrug.searchDrug,2026-06-12
201004171,"리세넥스플러스정(리세드론산나트륨2.5수화물, 콜레칼시페롤농축물(분말형))","리세넥스플러스정(리세드론산나트륨2.5수화물, 콜레칼시페롤농축물(분말형))",리세드론산나트륨2.5수화물/콜레칼시페롤농축물(분말형),한림제약(주),False,name_only,True,MFDS nedrug,nedrug.searchDrug,2026-06-12
200800331,리세닐정35밀리그램(무수리세드론산나트륨),리세닐정35밀리그램(무수리세드론산나트륨),무수리세드론산나트륨,(주)메디카코리아,False,name_only,True,MFDS nedrug,nedrug.searchDrug,2026-06-12
201606083,리세닐플러스정,리세닐플러스정,리세드론산나트륨2.5수화물/콜레칼시페롤농축물(분말형),(주)메디카코리아,False,name_only,True,MFDS nedrug,nedrug.searchDrug,2026-06-12
201908251,리세돈정35밀리그램(리세드론산나트륨),리세돈정35밀리그램(리세드론산나트륨),리세드론산나트륨,한국신텍스제약(주),False,name_only,True,MFDS nedrug,nedrug.searchDrug,2026-06-12
201604698,리세드렌플러스정,리세드렌플러스정,리세드론산나트륨2.5수화물/콜레칼시페롤농축물(분말형),(주)테라젠이텍스,False,name_only,True,MFDS nedrug,nedrug.searchDrug,2026-06-12
200713915,리세드로정35밀리그램(리세드론산나트륨2.5수화물),리세드로정35밀리그램(리세드론산나트륨2.5수화물),리세드론산나트륨2.5수화물,동광제약(주),False,name_only,True,MFDS nedrug,nedrug.searchDrug,2026-06-12
201604712,리세드로플러스디정,리세드로플러스디정,리세드론산나트륨2.5수화물/콜레칼시페롤농축물(분말형),동광제약(주),False,name_only,True,MFDS nedrug,nedrug.searchDrug,2026-06-12
201604699,리세드론플러스정,리세드론플러스정,리세드론산나트륨2.5수화물/콜레칼시페롤농축물(분말형),한국휴텍스제약(주),False,name_only,True,MFDS nedrug,nedrug.searchDrug,2026-06-12
201001725,리세드린정150밀리그램(리세드론산나트륨2.5수화물),리세드린정150밀리그램(리세드론산나트륨2.5수화물),리세드론산나트륨2.5수화물,(주)서울제약,False,name_only,True,MFDS nedrug,nedrug.searchDrug,2026-06-12
201306285,경보이반드로네이트정(이반드론산나트륨일수화물),경보이반드로네이트정(이반드론산나트륨일수화물),이반드론산나트륨일수화물,(주)경보제약,False,name_only,True,MFDS nedrug,nedrug.searchDrug,2026-06-12
201701085,넥스팜이반드론주(이반드론산나트륨일수화물),넥스팜이반드론주(이반드론산나트륨일수화물),이반드론산나트륨일수화물,(주)넥스팜코리아,False,name_only,True,MFDS nedrug,nedrug.searchDrug,2026-06-12
201306253,동광이반드론산정150밀리그램(이반드론산나트륨일수화물),동광이반드론산정150밀리그램(이반드론산나트륨일수화물),이반드론산나트륨일수화물,동광제약(주),False,name_only,True,MFDS nedrug,nedrug.searchDrug,2026-06-12
201601173,동광이반드론산주(이반드론산나트륨일수화물),동광이반드론산주(이반드론산나트륨일수화물),이반드론산나트륨일수화물,동광제약(주),False,name_only,True,MFDS nedrug,nedrug.searchDrug,2026-06-12
201207007,드로반정150밀리그램(이반드론산나트륨일수화물),드로반정150밀리그램(이반드론산나트륨일수화물),이반드론산나트륨일수화물,(주)한국피엠지제약,False,name_only,True,MFDS nedrug,nedrug.searchDrug,2026-06-12
202001112,드로반주(이반드론산나트륨일수화물),드로반주(이반드론산나트륨일수화물),이반드론산나트륨일수화물,(주)한국피엠지제약,False,name_only,True,MFDS nedrug,nedrug.searchDrug,2026-06-12
201307917,마빌큐주(이반드론산나트륨일수화물),마빌큐주(이반드론산나트륨일수화물),이반드론산나트륨일수화물,(주)유유제약,False,name_only,True,MFDS nedrug,nedrug.searchDrug,2026-06-12
202000216,메가이반론주(이반드론산나트륨일수화물),메가이반론주(이반드론산나트륨일수화물),이반드론산나트륨일수화물,(주)엘앤씨바이오,False,name_only,True,MFDS nedrug,nedrug.searchDrug,2026-06-12
201309479,반드론주(이반드론산나트륨일수화물),반드론주(이반드론산나트륨일수화물),이반드론산나트륨일수화물,진양제약(주),False,name_only,True,MFDS nedrug,nedrug.searchDrug,2026-06-12
201403255,보네조아정(이반드론산나트륨일수화물),보네조아정(이반드론산나트륨일수화물),이반드론산나트륨일수화물,(주)화이트생명과학,False,name_only,True,MFDS nedrug,nedrug.searchDrug,2026-06-12
201700825,보네조아주(이반드론산나트륨일수화물),보네조아주(이반드론산나트륨일수화물),이반드론산나트륨일수화물,(주)화이트생명과학,False,name_only,True,MFDS nedrug,nedrug.searchDrug,2026-06-12
202001286,보니반주(이반드론산나트륨일수화물),보니반주(이반드론산나트륨일수화물),이반드론산나트륨일수화물,주식회사케이에스제약,False,name_only,True,MFDS nedrug,nedrug.searchDrug,2026-06-12
201205573,보니엠정150밀리그램(이반드론산나트륨일수화물),보니엠정150밀리그램(이반드론산나트륨일수화물),이반드론산나트륨일수화물,신풍제약(주),False,name_only,True,MFDS nedrug,nedrug.searchDrug,2026-06-12
201306542,보니엠주(이반드론산나트륨일수화물),보니엠주(이반드론산나트륨일수화물),이반드론산나트륨일수화물,신풍제약(주),False,name_only,True,MFDS nedrug,nedrug.searchDrug,2026-06-12
201207400,본가드정150밀리그램(이반드론산나트륨일수화물),본가드정150밀리그램(이반드론산나트륨일수화물),이반드론산나트륨일수화물,(주)다림바이오텍,False,name_only,True,MFDS nedrug,nedrug.searchDrug,2026-06-12
201300262,본단정(이반드론산나트륨일수화물),본단정(이반드론산나트륨일수화물),이반드론산나트륨일수화물,주식회사제뉴원사이언스,False,name_only,True,MFDS nedrug,nedrug.searchDrug,2026-06-12
201306424,본덱스주(이반드론산나트륨일수화물),본덱스주(이반드론산나트륨일수화물),이반드론산나트륨일수화물,한국유나이티드제약(주),False,name_only,True,MFDS nedrug,nedrug.searchDrug,2026-06-12
201309493,본드론프리필드주사(이반드론산나트륨일수화물),본드론프리필드주사(이반드론산나트륨일수화물),이반드론산나트륨일수화물,동국제약(주),False,name_only,True,MFDS nedrug,nedrug.searchDrug,2026-06-12
202003222,본렌트주(이반드론산나트륨일수화물),본렌트주(이반드론산나트륨일수화물),이반드론산나트륨일수화물,이연제약(주),False,name_only,True,MFDS nedrug,nedrug.searchDrug,2026-06-12
201900324,본바넬주(이반드론산나트륨일수화물),본바넬주(이반드론산나트륨일수화물),이반드론산나트륨일수화물,(주)아이월드제약,False,name_only,True,MFDS nedrug,nedrug.searchDrug,2026-06-12
201801801,본바로주(이반드론산나트륨일수화물),본바로주(이반드론산나트륨일수화물),이반드론산나트륨일수화물,(주)바스칸바이오제약,False,name_only,True,MFDS nedrug,nedrug.searchDrug,2026-06-12
201908101,본비넬주(이반드론산나트륨일수화물),본비넬주(이반드론산나트륨일수화물),이반드론산나트륨일수화물,대웅바이오(주),False,name_only,True,MFDS nedrug,nedrug.searchDrug,2026-06-12
201501299,본비론주(이반드론산나트륨일수화물),본비론주(이반드론산나트륨일수화물),이반드론산나트륨일수화물,경동제약(주),False,name_only,True,MFDS nedrug,nedrug.searchDrug,2026-06-12
200607634,본비바정150밀리그램(이반드론산나트륨일수화물),본비바정150밀리그램(이반드론산나트륨일수화물),이반드론산나트륨일수화물,제일약품(주),False,name_only,True,MFDS nedrug,nedrug.searchDrug,2026-06-12
200611518,본비바주(이반드론산나트륨일수화물),본비바주(이반드론산나트륨일수화물),이반드론산나트륨일수화물,제일약품(주),False,name_only,True,MFDS nedrug,nedrug.searchDrug,2026-06-12
201308067,본비바플러스정,본비바플러스정,이반드론산나트륨일수화물/콜레칼시페롤농축분말,알보젠코리아(주),False,name_only,True,MFDS nedrug,nedrug.searchDrug,2026-06-12
201306202,본비스정150밀리그램(이반드론산나트륨일수화물),본비스정150밀리그램(이반드론산나트륨일수화물),이반드론산나트륨일수화물,(주)팜젠사이언스,False,name_only,True,MFDS nedrug,nedrug.searchDrug,2026-06-12
201800259,본비스주(이반드론산나트륨일수화물),본비스주(이반드론산나트륨일수화물),이반드론산나트륨일수화물,(주)팜젠사이언스,False,name_only,True,MFDS nedrug,nedrug.searchDrug,2026-06-12
201602723,본에바주(이반드론산나트륨일수화물),본에바주(이반드론산나트륨일수화물),이반드론산나트륨일수화물,한올바이오파마(주),False,name_only,True,MFDS nedrug,nedrug.searchDrug,2026-06-12
201500856,본이반정150밀리그램(이반드론산나트륨일수화물),본이반정150밀리그램(이반드론산나트륨일수화물),이반드론산나트륨일수화물,(주)휴비스트제약,False,name_only,True,MFDS nedrug,nedrug.searchDrug,2026-06-12
201403398,듀아비브정0.45/20밀리그램,듀아비브정0.45/20밀리그램,결합형에스트로겐4.29%/바제독시펜아세테이트,한국화이자제약(주),False,name_only,True,MFDS nedrug,nedrug.searchDrug,2026-06-12
201804106,바독시정20밀리그램(바제독시펜아세테이트),바독시정20밀리그램(바제독시펜아세테이트),바제독시펜아세테이트,하나제약(주),False,name_only,True,MFDS nedrug,nedrug.searchDrug,2026-06-12
201803492,바독시플러스정,바독시플러스정,바제독시펜아세테이트/콜레칼시페롤농축분말,하나제약(주),False,name_only,True,MFDS nedrug,nedrug.searchDrug,2026-06-12
202000331,바독펜정(바제독시펜아세테이트),바독펜정(바제독시펜아세테이트),바제독시펜아세테이트,건일바이오팜주식회사,False,name_only,True,MFDS nedrug,nedrug.searchDrug,2026-06-12
201803495,"바디본정(바제독시펜아세테이트, 콜레칼시페롤농축분말)","바디본정(바제독시펜아세테이트, 콜레칼시페롤농축분말)",바제독시펜아세테이트/콜레칼시페롤농축분말,한림제약(주),False,name_only,True,MFDS nedrug,nedrug.searchDrug,2026-06-12
201804005,바비본정,바비본정,바제독시펜아세테이트/콜레칼시페롤농축분말,현대약품(주),False,name_only,True,MFDS nedrug,nedrug.searchDrug,2026-06-12
201902318,바제듀오정,바제듀오정,바제독시펜아세테이트/콜레칼시페롤농축분말,구주제약(주),False,name_only,True,MFDS nedrug,nedrug.searchDrug,2026-06-12
201804132,바제디플러스정,바제디플러스정,바제독시펜아세테이트/콜레칼시페롤농축분말,(주)메디카코리아,False,name_only,True,MFDS nedrug,nedrug.searchDrug,2026-06-12
201803969,바제칼디정,바제칼디정,바제독시펜아세테이트/콜레칼시페롤농축분말,신풍제약(주),False,name_only,True,MFDS nedrug,nedrug.searchDrug,2026-06-12
202002843,바제탑정20밀리그램(바제독시펜아세테이트),바제탑정20밀리그램(바제독시펜아세테이트),바제독시펜아세테이트,경동제약(주),False,name_only,True,MFDS nedrug,nedrug.searchDrug,2026-06-12
201803667,바제펜플러스정,바제펜플러스정,바제독시펜아세테이트/콜레칼시페롤농축분말,동국제약(주),False,name_only,True,MFDS nedrug,nedrug.searchDrug,2026-06-12
201803496,바제플러스정,바제플러스정,바제독시펜아세테이트/콜레칼시페롤농축분말,일동제약(주),False,name_only,True,MFDS nedrug,nedrug.searchDrug,2026-06-12
201803494,바콜디정,바콜디정,바제독시펜아세테이트/콜레칼시페롤농축분말,대화제약(주),False,name_only,True,MFDS nedrug,nedrug.searchDrug,2026-06-12
201804934,본디콜정,본디콜정,바제독시펜아세테이트/콜레칼시페롤농축분말,제일약품(주),False,name_only,True,MFDS nedrug,nedrug.searchDrug,2026-06-12
201803499,본모어디정,본모어디정,바제독시펜아세테이트/콜레칼시페롤농축분말,알보젠코리아(주),False,name_only,True,MFDS nedrug,nedrug.searchDrug,2026-06-12
201803834,본모어정20밀리그램(바제독시펜아세테이트),본모어정20밀리그램(바제독시펜아세테이트),바제독시펜아세테이트,알보젠코리아(주),False,name_only,True,MFDS nedrug,nedrug.searchDrug,2026-06-12
202004086,본바디정,본바디정,바제독시펜아세테이트/콜레칼시페롤농축분말,(주)라이트팜텍,False,name_only,True,MFDS nedrug,nedrug.searchDrug,2026-06-12
201803861,비너스정20mg(바제독시펜아세테이트),비너스정20mg(바제독시펜아세테이트),바제독시펜아세테이트,한국휴텍스제약(주),False,name_only,True,MFDS nedrug,nedrug.searchDrug,2026-06-12
201805296,비너스플러스정,비너스플러스정,바제독시펜아세테이트/콜레칼시페롤농축분말,한국휴텍스제약(주),False,name_only,True,MFDS nedrug,nedrug.searchDrug,2026-06-12
201110095,비비안트정20밀리그램(바제독시펜아세테이트),비비안트정20밀리그램(바제독시펜아세테이트),바제독시펜아세테이트,한국화이자제약(주),False,name_only,True,MFDS nedrug,nedrug.searchDrug,2026-06-12
201804133,애드본비정,애드본비정,바제독시펜아세테이트/콜레칼시페롤농축분말,삼진제약(주),False,name_only,True,MFDS nedrug,nedrug.searchDrug,2026-06-12
201804004,유니안트디정,유니안트디정,바제독시펜아세테이트/콜레칼시페롤농축분말,한국유니온제약(주),False,name_only,True,MFDS nedrug,nedrug.searchDrug,2026-06-12
201803853,휴비안트정20밀리그램(바제독시펜아세테이트),휴비안트정20밀리그램(바제독시펜아세테이트),바제독시펜아세테이트,(주)휴온스,False,name_only,True,MFDS nedrug,nedrug.searchDrug,2026-06-12
201803841,휴비안트플러스디정,휴비안트플러스디정,바제독시펜아세테이트/콜레칼시페롤농축분말,(주)휴온스,False,name_only,True,MFDS nedrug,nedrug.searchDrug,2026-06-12
201906907,그리아산제(콜린알포세레이트),그리아산제(콜린알포세레이트),콜린알포세레이트,한국프라임제약(주),False,name_only,True,MFDS nedrug,nedrug.searchDrug,2026-06-12
201901955,그리아시럽(콜린알포세레이트),그리아시럽(콜린알포세레이트),콜린알포세레이트,한국프라임제약(주),False,name_only,True,MFDS nedrug,nedrug.searchDrug,2026-06-12
201206166,그리아연질캡슐(콜린알포세레이트),그리아연질캡슐(콜린알포세레이트),콜린알포세레이트,한국프라임제약(주),False,name_only,True,MFDS nedrug,nedrug.searchDrug,2026-06-12
201308926,그리아정(콜린알포세레이트),그리아정(콜린알포세레이트),콜린알포세레이트,한국프라임제약(주),False,name_only,True,MFDS nedrug,nedrug.searchDrug,2026-06-12
201901960,글리세틸시럽(콜린알포세레이트),글리세틸시럽(콜린알포세레이트),콜린알포세레이트,한국유나이티드제약(주),False,name_only,True,MFDS nedrug,nedrug.searchDrug,2026-06-12
201310838,글리세틸연질캡슐(콜린알포세레이트),글리세틸연질캡슐(콜린알포세레이트),콜린알포세레이트,한국유나이티드제약(주),False,name_only,True,MFDS nedrug,nedrug.searchDrug,2026-06-12
202003156,글리세틸정(콜린알포세레이트),글리세틸정(콜린알포세레이트),콜린알포세레이트,한국유나이티드제약(주),False,name_only,True,MFDS nedrug,nedrug.searchDrug,2026-06-12
201903164,글리아나연질캡슐(콜린알포세레이트),글리아나연질캡슐(콜린알포세레이트),콜린알포세레이트,대화제약(주),False,name_only,True,MFDS nedrug,nedrug.searchDrug,2026-06-12
201701500,글리아스타연질캡슐(콜린알포세레이트),글리아스타연질캡슐(콜린알포세레이트),콜린알포세레이트,(주)대웅제약,False,name_only,True,MFDS nedrug,nedrug.searchDrug,2026-06-12
201901954,글리아타민시럽(콜린알포세레이트),글리아타민시럽(콜린알포세레이트),콜린알포세레이트,대웅바이오(주),False,name_only,True,MFDS nedrug,nedrug.searchDrug,2026-06-12
201310719,글리아타민연질캡슐(콜린알포세레이트),글리아타민연질캡슐(콜린알포세레이트),콜린알포세레이트,대웅바이오(주),False,name_only,True,MFDS nedrug,nedrug.searchDrug,2026-06-12
201402044,글리아타민정(콜린알포세레이트),글리아타민정(콜린알포세레이트),콜린알포세레이트,대웅바이오(주),False,name_only,True,MFDS nedrug,nedrug.searchDrug,2026-06-12
201800937,글리아트정(콜린알포세레이트),글리아트정(콜린알포세레이트),콜린알포세레이트,(주)테라젠이텍스,False,name_only,True,MFDS nedrug,nedrug.searchDrug,2026-06-12
201405037,글리아틴연질캡슐(콜린알포세레이트),글리아틴연질캡슐(콜린알포세레이트),콜린알포세레이트,(주)킵스바이오파마,False,name_only,True,MFDS nedrug,nedrug.searchDrug,2026-06-12
201404604,글리아틴정(콜린알포세레이트),글리아틴정(콜린알포세레이트),콜린알포세레이트,(주)킵스바이오파마,False,name_only,True,MFDS nedrug,nedrug.searchDrug,2026-06-12
201502785,글리이틴연질캡슐(콜린알포세레이트),글리이틴연질캡슐(콜린알포세레이트),콜린알포세레이트,(주)일화,False,name_only,True,MFDS nedrug,nedrug.searchDrug,2026-06-12
201603465,글리커버연질캡슐(콜린알포세레이트),글리커버연질캡슐(콜린알포세레이트),콜린알포세레이트,제이더블유신약(주),False,name_only,True,MFDS nedrug,nedrug.searchDrug,2026-06-12
201501536,글리콜린연질캡슐(콜린알포세레이트),글리콜린연질캡슐(콜린알포세레이트),콜린알포세레이트,(주)에이프로젠바이오로직스,False,name_only,True,MFDS nedrug,nedrug.searchDrug,2026-06-12
201405197,글리티아연질캡슐(콜린알포세레이트),글리티아연질캡슐(콜린알포세레이트),콜린알포세레이트,에이치엘비제약(주),False,name_only,True,MFDS nedrug,nedrug.searchDrug,2026-06-12
201803801,글리틴리드캡슐(콜린알포세레이트),글리틴리드캡슐(콜린알포세레이트),콜린알포세레이트,제일약품(주),False,name_only,True,MFDS nedrug,nedrug.searchDrug,2026-06-12
201904796,글리틴시럽(콜린알포세레이트),글리틴시럽(콜린알포세레이트),콜린알포세레이트,제일약품(주),False,name_only,True,MFDS nedrug,nedrug.searchDrug,2026-06-12
201208741,글리틴연질캡슐(콜린알포세레이트),글리틴연질캡슐(콜린알포세레이트),콜린알포세레이트,제일약품(주),False,name_only,True,MFDS nedrug,nedrug.searchDrug,2026-06-12
200903673,글리포스연질캡슐(콜린알포세레이트),글리포스연질캡슐(콜린알포세레이트),콜린알포세레이트,(주)동구바이오제약,False,name_only,True,MFDS nedrug,nedrug.searchDrug,2026-06-12
201906062,뉴글리아시럽(콜린알포세레이트),뉴글리아시럽(콜린알포세레이트),콜린알포세레이트,제이더블유중외제약(주),False,name_only,True,MFDS nedrug,nedrug.searchDrug,2026-06-12
201602884,뉴글리아연질캡슐(콜린알포세레이트),뉴글리아연질캡슐(콜린알포세레이트),콜린알포세레이트,제이더블유중외제약(주),False,name_only,True,MFDS nedrug,nedrug.searchDrug,2026-06-12
201600370,뉴라렌연질캡슐(콜린알포세레이트),뉴라렌연질캡슐(콜린알포세레이트),콜린알포세레이트,명문제약(주),False,name_only,True,MFDS nedrug,nedrug.searchDrug,2026-06-12
201901943,뉴티린시럽(콜린알포세레이트),뉴티린시럽(콜린알포세레이트),콜린알포세레이트,삼진제약(주),False,name_only,True,MFDS nedrug,nedrug.searchDrug,2026-06-12
201402956,뉴티린연질캡슐(콜린알포세레이트),뉴티린연질캡슐(콜린알포세레이트),콜린알포세레이트,삼진제약(주),False,name_only,True,MFDS nedrug,nedrug.searchDrug,2026-06-12
201802593,뉴티린정(콜린알포세레이트),뉴티린정(콜린알포세레이트),콜린알포세레이트,삼진제약(주),False,name_only,True,MFDS nedrug,nedrug.searchDrug,2026-06-12
200605454,디멘토연질캡슐(콜린알포세레이트),디멘토연질캡슐(콜린알포세레이트),콜린알포세레이트,(주)씨엠지제약,False,name_only,True,MFDS nedrug,nedrug.searchDrug,2026-06-12
202400423,경동니세르골린정30밀리그램,경동니세르골린정30밀리그램,니세르골린,경동제약(주),False,name_only,True,MFDS nedrug,nedrug.searchDrug,2026-06-12
202402001,네오골린정10밀리그램(니세르골린),네오골린정10밀리그램(니세르골린),니세르골린,(주)새한제약,False,name_only,True,MFDS nedrug,nedrug.searchDrug,2026-06-12
202400222,네오골린정30밀리그램(니세르골린),네오골린정30밀리그램(니세르골린),니세르골린,(주)새한제약,False,name_only,True,MFDS nedrug,nedrug.searchDrug,2026-06-12
202400967,넥스콜린정10밀리그램(니세르골린),넥스콜린정10밀리그램(니세르골린),니세르골린,(주)종근당,False,name_only,True,MFDS nedrug,nedrug.searchDrug,2026-06-12
202400403,넥스콜린정30밀리그램(니세르골린),넥스콜린정30밀리그램(니세르골린),니세르골린,(주)종근당,False,name_only,True,MFDS nedrug,nedrug.searchDrug,2026-06-12
202500138,뉴로고린정10밀리그램(니세르골린),뉴로고린정10밀리그램(니세르골린),니세르골린,고려제약(주),False,name_only,True,MFDS nedrug,nedrug.searchDrug,2026-06-12
202400421,뉴로고린정30밀리그램(니세르골린),뉴로고린정30밀리그램(니세르골린),니세르골린,고려제약(주),False,name_only,True,MFDS nedrug,nedrug.searchDrug,2026-06-12
202400425,니고린정30밀리그램(니세르골린),니고린정30밀리그램(니세르골린),니세르골린,국제약품(주),False,name_only,True,MFDS nedrug,nedrug.searchDrug,2026-06-12
202402563,니르온정10밀리그램(니세르골린),니르온정10밀리그램(니세르골린),니세르골린,한국프라임제약(주),False,name_only,True,MFDS nedrug,nedrug.searchDrug,2026-06-12
202400138,니르온정30밀리그램(니세르골린),니르온정30밀리그램(니세르골린),니세르골린,한국프라임제약(주),False,name_only,True,MFDS nedrug,nedrug.searchDrug,2026-06-12
202300405,니세골린정10밀리그램(니세르골린),니세골린정10밀리그램(니세르골린),니세르골린,한미약품(주),False,name_only,True,MFDS nedrug,nedrug.searchDrug,2026-06-12
202300406,니세골린정30밀리그램(니세르골린),니세골린정30밀리그램(니세르골린),니세르골린,한미약품(주),False,name_only,True,MFDS nedrug,nedrug.searchDrug,2026-06-12
202500490,니세라정30밀리그램(니세르골린),니세라정30밀리그램(니세르골린),니세르골린,(주)이든파마,False,name_only,True,MFDS nedrug,nedrug.searchDrug,2026-06-12
202400428,니세로니정30밀리그램(니세르골린),니세로니정30밀리그램(니세르골린),니세르골린,알리코제약(주),False,name_only,True,MFDS nedrug,nedrug.searchDrug,2026-06-12
202400379,니세로정30밀리그램(니세르골린),니세로정30밀리그램(니세르골린),니세르골린,(주)에이프로젠바이오로직스,False,name_only,True,MFDS nedrug,nedrug.searchDrug,2026-06-12
202400420,니세론정30밀리그램(니세르골린),니세론정30밀리그램(니세르골린),니세르골린,(주)유앤생명과학,False,name_only,True,MFDS nedrug,nedrug.searchDrug,2026-06-12
202400444,니세르골정30밀리그램(니세르골린),니세르골정30밀리그램(니세르골린),니세르골린,진양제약(주),False,name_only,True,MFDS nedrug,nedrug.searchDrug,2026-06-12
202400302,니세르메디정(니세르골린),니세르메디정(니세르골린),니세르골린,주식회사 노바엠헬스케어,False,name_only,True,MFDS nedrug,nedrug.searchDrug,2026-06-12
202501937,니세르메디정10밀리그램(니세르골린),니세르메디정10밀리그램(니세르골린),니세르골린,주식회사 노바엠헬스케어,False,name_only,True,MFDS nedrug,nedrug.searchDrug,2026-06-12
202500134,니세르정30밀리그램(니세르골린),니세르정30밀리그램(니세르골린),니세르골린,(주)넥스팜코리아,False,name_only,True,MFDS nedrug,nedrug.searchDrug,2026-06-12
202502659,니세르코드정10밀리그램(니세르골린),니세르코드정10밀리그램(니세르골린),니세르골린,대웅바이오(주),False,name_only,True,MFDS nedrug,nedrug.searchDrug,2026-06-12
202400268,니세르코드정30밀리그램(니세르골린),니세르코드정30밀리그램(니세르골린),니세르골린,대웅바이오(주),False,name_only,True,MFDS nedrug,nedrug.searchDrug,2026-06-12
202401519,니세린정10밀리그램(니세르골린),니세린정10밀리그램(니세르골린),니세르골린,현대약품(주),False,name_only,True,MFDS nedrug,nedrug.searchDrug,2026-06-12
202400054,니세린정30밀리그램(니세르골린),니세린정30밀리그램(니세르골린),니세르골린,현대약품(주),False,name_only,True,MFDS nedrug,nedrug.searchDrug,2026-06-12
202401531,니세엠정10밀리그램(니세르골린),니세엠정10밀리그램(니세르골린),니세르골린,(주)마더스제약,False,name_only,True,MFDS nedrug,nedrug.searchDrug,2026-06-12
202400321,니세엠정30밀리그램(니세르골린),니세엠정30밀리그램(니세르골린),니세르골린,(주)마더스제약,False,name_only,True,MFDS nedrug,nedrug.searchDrug,2026-06-12
202401478,니세온정10밀리그램(니세르골린),니세온정10밀리그램(니세르골린),니세르골린,환인제약(주),False,name_only,True,MFDS nedrug,nedrug.searchDrug,2026-06-12
202303346,니세온정30밀리그램(니세르골린),니세온정30밀리그램(니세르골린),니세르골린,환인제약(주),False,name_only,True,MFDS nedrug,nedrug.searchDrug,2026-06-12
202400360,니세콜정30밀리그램(니세르골린),니세콜정30밀리그램(니세르골린),니세르골린,이연제약(주),False,name_only,True,MFDS nedrug,nedrug.searchDrug,2026-06-12
202500413,니셀정(니세르골린),니셀정(니세르골린),니세르골린,(주)인트로바이오파마,False,name_only,True,MFDS nedrug,nedrug.searchDrug,2026-06-12
199702372,데시콜린주500밀리그람(시티콜린),데시콜린주500밀리그람(시티콜린),시티콜린,하나제약(주),False,name_only,True,MFDS nedrug,nedrug.searchDrug,2026-06-12
199201857,비씨시티콜린주사500밀리그램(시티콜린나트륨),비씨시티콜린주사500밀리그램(시티콜린나트륨),시티콜린나트륨,(주)비씨월드제약,False,name_only,True,MFDS nedrug,nedrug.searchDrug,2026-06-12
200401814,소마지나정500밀리그램(시티콜린나트륨),소마지나정500밀리그램(시티콜린나트륨),시티콜린나트륨,부광약품(주),False,name_only,True,MFDS nedrug,nedrug.searchDrug,2026-06-12
199000596,제일제약시티콜린나트륨주사125mg(mL),제일제약시티콜린나트륨주사125mg(ml),시티콜린나트륨,(주)제일제약,False,name_only,True,MFDS nedrug,nedrug.searchDrug,2026-06-12
200300465,제일제약시티콜린나트륨주사250mg(mL),제일제약시티콜린나트륨주사250mg(ml),시티콜린나트륨,(주)제일제약,False,name_only,True,MFDS nedrug,nedrug.searchDrug,2026-06-12
201603359,글리빅사정(메만틴염산염),글리빅사정(메만틴염산염),메만틴염산염,대웅바이오(주),False,name_only,True,MFDS nedrug,nedrug.searchDrug,2026-06-12
202500349,글리빅사정20밀리그램(메만틴염산염),글리빅사정20밀리그램(메만틴염산염),메만틴염산염,대웅바이오(주),False,name_only,True,MFDS nedrug,nedrug.searchDrug,2026-06-12
202503062,글리빅사정5밀리그램(메만틴염산염),글리빅사정5밀리그램(메만틴염산염),메만틴염산염,대웅바이오(주),False,name_only,True,MFDS nedrug,nedrug.searchDrug,2026-06-12
202001763,뉴로만틴정10밀리그램(메만틴염산염),뉴로만틴정10밀리그램(메만틴염산염),메만틴염산염,(주)종근당,False,name_only,True,MFDS nedrug,nedrug.searchDrug,2026-06-12
202500939,뉴로만틴정20밀리그램(메만틴염산염),뉴로만틴정20밀리그램(메만틴염산염),메만틴염산염,(주)종근당,False,name_only,True,MFDS nedrug,nedrug.searchDrug,2026-06-12
200500892,뉴로케이정(메만틴염산염),뉴로케이정(메만틴염산염),메만틴염산염,영진약품(주),False,name_only,True,MFDS nedrug,nedrug.searchDrug,2026-06-12
201901527,뉴만틴정(메만틴염산염),뉴만틴정(메만틴염산염),메만틴염산염,한국프라임제약(주),False,name_only,True,MFDS nedrug,nedrug.searchDrug,2026-06-12
